timestamp,open,high,low,close,volume
2023-01-03 09:30:00+00:00,150.28,151.85,146.6,148.26,45356.0
2023-01-03 10:30:00+00:00,148.27,150.73,141.63,143.83,41934.0
2023-01-03 11:30:00+00:00,143.73,146.43,142.5,145.17,68567.0
2023-01-03 12:30:00+00:00,145.13,147.6,143.65,146.82,62505.0
2023-01-03 13:30:00+00:00,146.91,147.83,145.34,146.17,39241.0
2023-01-03 14:30:00+00:00,145.59,148.57,143.8,147.01,45352.0
2023-01-03 15:30:00+00:00,146.71,154.09,144.9,150.85,44110.0
2023-01-03 16:30:00+00:00,151.45,154.27,149.16,153.3,70877.0
2023-01-03 17:30:00+00:00,153.3,156.2,151.94,154.97,12272.0
2023-01-03 18:30:00+00:00,154.99,157.38,153.53,156.6,36815.0
2023-01-03 19:30:00+00:00,156.64,158.61,152.83,154.62,175952.0
2023-01-03 20:30:00+00:00,154.52,159.04,153.45,156.9,119555.0
2023-01-03 21:30:00+00:00,156.4,158.4,150.63,153.09,14928.0
2023-01-03 22:30:00+00:00,153.4,154.61,151.52,152.36,21295.0
2023-01-03 23:30:00+00:00,152.5,153.21,150.22,151.39,36243.0
2023-01-04 00:30:00+00:00,151.34,154.5,144.44,147.55,59598.0
2023-01-04 01:30:00+00:00,147.61,148.58,146.43,147.33,44622.0
2023-01-04 02:30:00+00:00,147.05,152.93,145.08,151.04,83929.0
2023-01-04 03:30:00+00:00,150.69,151.29,149.9,150.3,40314.0
2023-01-04 04:30:00+00:00,150.38,151.54,145.52,147.63,59615.0
2023-01-04 05:30:00+00:00,147.26,147.94,146.92,147.45,48385.0
2023-01-04 06:30:00+00:00,147.79,150.98,146.74,149.38,11635.0
2023-01-04 07:30:00+00:00,149.33,150.41,148.7,149.84,36596.0
2023-01-04 08:30:00+00:00,149.56,150.55,149.14,149.86,42271.0
2023-01-04 09:30:00+00:00,149.8,152.11,143.99,146.76,53422.0
2023-01-04 10:30:00+00:00,146.96,148.39,146.24,147.89,70058.0
2023-01-04 11:30:00+00:00,147.99,150.34,146.54,149.0,47077.0
2023-01-04 12:30:00+00:00,149.15,153.91,146.89,152.06,64343.0
2023-01-04 13:30:00+00:00,152.39,157.24,149.58,155.52,67499.0
2023-01-04 14:30:00+00:00,155.75,158.7,154.14,157.17,39606.0
2023-01-04 15:30:00+00:00,157.61,160.9,150.03,153.37,49385.0
2023-01-04 16:30:00+00:00,153.27,156.07,148.03,150.13,61227.0
2023-01-04 17:30:00+00:00,149.85,150.62,146.21,147.71,107479.0
2023-01-04 18:30:00+00:00,147.75,148.77,147.39,148.39,109820.0
2023-01-04 19:30:00+00:00,148.74,150.52,145.14,146.68,51699.0
2023-01-04 20:30:00+00:00,146.43,152.03,144.93,149.61,54781.0
2023-01-04 21:30:00+00:00,149.7,150.94,149.08,150.19,95906.0
2023-01-04 22:30:00+00:00,150.24,151.79,149.18,151.04,76859.0
2023-01-04 23:30:00+00:00,151.04,154.64,150.18,152.78,63256.0
2023-01-05 00:30:00+00:00,152.85,154.32,152.11,153.59,16471.0
2023-01-05 01:30:00+00:00,153.35,154.56,149.21,150.4,42590.0
2023-01-05 02:30:00+00:00,150.52,160.84,147.09,156.07,34519.0
2023-01-05 03:30:00+00:00,156.0,161.03,153.76,159.56,49293.0
2023-01-05 04:30:00+00:00,159.83,165.53,156.85,163.28,84712.0
2023-01-05 05:30:00+00:00,163.33,165.18,160.24,161.49,98202.0
2023-01-05 06:30:00+00:00,161.38,163.6,153.07,157.1,51230.0
2023-01-05 07:30:00+00:00,156.8,159.68,152.35,153.62,69901.0
2023-01-05 08:30:00+00:00,153.67,155.58,149.2,151.24,95270.0
2023-01-05 09:30:00+00:00,150.98,155.31,149.75,153.28,45252.0
2023-01-05 10:30:00+00:00,153.35,156.61,151.4,155.4,64235.0
2023-01-05 11:30:00+00:00,155.65,161.69,153.71,158.86,32715.0
2023-01-05 12:30:00+00:00,159.39,168.02,155.97,164.08,41155.0
2023-01-05 13:30:00+00:00,164.22,166.5,163.23,165.4,30039.0
2023-01-05 14:30:00+00:00,165.3,166.82,164.25,166.32,39898.0
2023-01-05 15:30:00+00:00,166.02,166.38,164.74,165.44,28503.0
2023-01-05 16:30:00+00:00,165.8,166.38,163.55,164.64,59270.0
2023-01-05 17:30:00+00:00,164.97,167.85,159.08,161.84,89832.0
2023-01-05 18:30:00+00:00,161.51,164.4,160.25,163.11,61601.0
2023-01-05 19:30:00+00:00,162.91,164.73,161.83,163.92,71836.0
2023-01-05 20:30:00+00:00,163.78,164.45,161.51,162.96,135112.0
2023-01-05 21:30:00+00:00,163.23,164.53,159.89,161.02,95455.0
2023-01-05 22:30:00+00:00,161.33,163.38,160.0,162.16,40565.0
2023-01-05 23:30:00+00:00,161.97,167.22,159.16,165.4,27919.0
2023-01-06 00:30:00+00:00,165.99,166.67,165.36,165.63,47611.0
2023-01-06 01:30:00+00:00,165.71,166.88,165.14,166.37,126595.0
2023-01-06 02:30:00+00:00,166.51,167.39,164.12,165.04,43845.0
2023-01-06 03:30:00+00:00,165.24,165.9,163.61,164.46,97551.0
2023-01-06 04:30:00+00:00,164.35,165.02,163.31,163.71,31184.0
2023-01-06 05:30:00+00:00,163.54,164.33,162.21,163.04,60870.0
2023-01-06 06:30:00+00:00,163.18,164.25,159.88,161.62,70326.0
2023-01-06 07:30:00+00:00,162.2,163.36,161.4,162.61,27899.0
2023-01-06 08:30:00+00:00,163.16,168.09,161.98,165.84,66554.0
2023-01-06 09:30:00+00:00,165.92,167.63,162.4,163.53,67501.0
2023-01-06 10:30:00+00:00,163.4,170.09,161.7,167.03,10552.0
2023-01-06 11:30:00+00:00,167.11,168.15,164.96,166.06,52575.0
2023-01-06 12:30:00+00:00,166.48,167.83,163.82,165.18,103849.0
2023-01-06 13:30:00+00:00,165.46,167.71,156.39,159.95,32296.0
2023-01-06 14:30:00+00:00,160.21,163.84,150.95,154.27,63419.0
2023-01-06 15:30:00+00:00,154.19,157.82,153.14,156.01,56454.0
2023-01-06 16:30:00+00:00,156.23,158.58,150.82,153.51,46012.0
2023-01-06 17:30:00+00:00,153.28,157.49,152.39,155.4,18625.0
2023-01-06 18:30:00+00:00,155.43,156.17,154.94,155.55,18809.0
2023-01-06 19:30:00+00:00,155.88,157.23,154.96,156.17,61873.0
2023-01-06 20:30:00+00:00,155.94,160.73,154.35,159.35,134353.0
2023-01-06 21:30:00+00:00,159.78,161.01,158.47,159.21,23544.0
2023-01-06 22:30:00+00:00,158.84,163.0,148.84,151.62,42707.0
2023-01-06 23:30:00+00:00,151.59,153.82,145.24,147.75,72002.0
2023-01-07 00:30:00+00:00,148.02,150.87,146.72,149.95,22267.0
2023-01-07 01:30:00+00:00,150.02,157.52,147.44,154.54,24363.0
2023-01-07 02:30:00+00:00,154.57,154.81,153.91,154.34,32814.0
2023-01-07 03:30:00+00:00,154.4,156.09,151.95,152.75,71189.0
2023-01-07 04:30:00+00:00,152.75,155.74,148.25,149.63,38672.0
2023-01-07 05:30:00+00:00,149.87,152.07,148.72,150.88,72356.0
2023-01-07 06:30:00+00:00,150.78,153.02,144.23,146.9,37381.0
2023-01-07 07:30:00+00:00,146.73,148.44,141.8,144.2,206514.0
2023-01-07 08:30:00+00:00,144.26,144.8,143.71,144.53,28917.0
2023-01-07 09:30:00+00:00,144.45,145.24,143.92,144.77,65763.0
2023-01-07 10:30:00+00:00,144.47,145.03,143.9,144.24,34983.0
2023-01-07 11:30:00+00:00,144.61,148.61,143.54,146.59,72555.0
2023-01-07 12:30:00+00:00,146.33,148.24,142.06,143.91,46603.0
2023-01-07 13:30:00+00:00,143.89,145.94,139.73,141.38,127865.0
2023-01-07 14:30:00+00:00,141.33,141.96,139.51,140.53,75172.0
2023-01-07 15:30:00+00:00,140.68,140.93,140.48,140.69,20474.0
2023-01-07 16:30:00+00:00,140.83,141.93,138.73,140.0,92798.0
2023-01-07 17:30:00+00:00,139.86,148.17,138.11,144.28,38630.0
2023-01-07 18:30:00+00:00,144.39,146.31,142.06,143.01,25161.0
2023-01-07 19:30:00+00:00,143.47,145.42,142.65,144.4,46124.0
2023-01-07 20:30:00+00:00,144.82,145.86,142.22,143.16,34080.0
2023-01-07 21:30:00+00:00,143.09,144.46,142.4,143.88,42227.0
2023-01-07 22:30:00+00:00,143.57,143.92,142.58,142.96,30814.0
2023-01-07 23:30:00+00:00,143.01,144.53,141.37,142.14,38454.0
2023-01-08 00:30:00+00:00,142.51,147.25,140.52,145.67,134634.0
2023-01-08 01:30:00+00:00,145.45,146.31,144.09,144.97,40876.0
2023-01-08 02:30:00+00:00,145.01,150.58,141.67,148.78,65357.0
2023-01-08 03:30:00+00:00,148.57,150.4,145.52,147.16,44043.0
2023-01-08 04:30:00+00:00,146.93,147.79,145.55,146.16,33804.0
2023-01-08 05:30:00+00:00,146.5,149.62,145.22,148.64,60717.0
2023-01-08 06:30:00+00:00,148.63,151.94,140.71,143.24,53655.0
2023-01-08 07:30:00+00:00,142.94,144.27,137.72,139.71,32459.0
2023-01-08 08:30:00+00:00,140.01,140.43,139.36,139.78,41881.0
2023-01-08 09:30:00+00:00,139.83,141.67,139.15,140.81,110311.0
2023-01-08 10:30:00+00:00,140.7,142.92,138.91,142.05,74769.0
2023-01-08 11:30:00+00:00,141.76,142.55,140.29,141.38,56907.0
2023-01-08 12:30:00+00:00,141.49,143.41,137.29,138.38,37475.0
2023-01-08 13:30:00+00:00,138.71,141.96,137.6,140.15,30671.0
2023-01-08 14:30:00+00:00,140.48,142.16,140.0,141.11,39544.0
2023-01-08 15:30:00+00:00,141.06,142.59,136.5,138.74,30555.0
2023-01-08 16:30:00+00:00,138.75,139.73,137.93,138.95,41186.0
2023-01-08 17:30:00+00:00,139.04,144.28,136.33,142.83,55749.0
2023-01-08 18:30:00+00:00,142.46,144.15,141.33,143.12,72294.0
2023-01-08 19:30:00+00:00,143.35,144.99,138.99,140.58,22793.0
2023-01-08 20:30:00+00:00,140.62,141.21,138.85,139.7,68956.0
2023-01-08 21:30:00+00:00,139.92,140.62,138.17,138.94,117097.0
2023-01-08 22:30:00+00:00,138.9,140.43,138.43,139.69,31201.0
2023-01-08 23:30:00+00:00,139.65,144.07,137.2,141.64,29679.0
2023-01-09 00:30:00+00:00,141.5,143.0,138.42,139.66,171895.0
2023-01-09 01:30:00+00:00,139.49,140.55,136.65,138.31,18228.0
2023-01-09 02:30:00+00:00,138.05,142.62,135.96,140.49,26432.0
2023-01-09 03:30:00+00:00,140.77,143.49,140.16,142.1,78416.0
2023-01-09 04:30:00+00:00,142.3,146.65,139.65,145.08,33520.0
2023-01-09 05:30:00+00:00,145.21,147.95,139.58,141.91,44094.0
2023-01-09 06:30:00+00:00,141.48,142.38,138.06,139.88,66199.0
2023-01-09 07:30:00+00:00,139.66,143.98,138.09,142.06,71703.0
2023-01-09 08:30:00+00:00,142.1,143.33,139.19,140.03,33144.0
2023-01-09 09:30:00+00:00,140.1,141.48,139.78,140.75,85007.0
2023-01-09 10:30:00+00:00,140.82,141.21,140.27,140.65,26950.0
2023-01-09 11:30:00+00:00,140.59,141.8,137.69,139.07,43556.0
2023-01-09 12:30:00+00:00,139.08,144.53,136.6,142.24,60658.0
2023-01-09 13:30:00+00:00,142.5,142.99,141.56,142.23,91533.0
2023-01-09 14:30:00+00:00,142.09,142.6,140.66,141.15,19686.0
2023-01-09 15:30:00+00:00,141.0,141.45,140.06,140.82,54953.0
2023-01-09 16:30:00+00:00,140.53,142.07,140.08,141.38,19648.0
2023-01-09 17:30:00+00:00,141.8,144.88,134.75,138.04,36176.0
2023-01-09 18:30:00+00:00,137.99,138.85,134.49,136.25,69594.0
2023-01-09 19:30:00+00:00,136.1,137.94,131.67,133.63,19605.0
2023-01-09 20:30:00+00:00,133.93,136.36,126.99,129.42,36489.0
2023-01-09 21:30:00+00:00,129.73,132.81,128.23,131.39,36408.0
2023-01-09 22:30:00+00:00,131.31,136.88,129.17,134.31,55452.0
2023-01-09 23:30:00+00:00,134.16,137.8,132.28,136.79,77667.0
2023-01-10 00:30:00+00:00,136.52,138.98,131.75,133.16,44877.0
2023-01-10 01:30:00+00:00,132.94,135.42,131.77,133.99,26488.0
2023-01-10 02:30:00+00:00,133.8,136.29,133.05,135.4,28014.0
2023-01-10 03:30:00+00:00,135.58,136.17,133.32,134.25,20202.0
2023-01-10 04:30:00+00:00,134.31,136.97,133.43,135.95,110524.0
2023-01-10 05:30:00+00:00,136.2,137.59,132.28,133.67,26689.0
2023-01-10 06:30:00+00:00,133.71,135.06,129.76,131.51,36711.0
2023-01-10 07:30:00+00:00,131.46,132.75,129.25,129.87,19702.0
2023-01-10 08:30:00+00:00,129.97,131.17,127.16,128.46,42132.0
2023-01-10 09:30:00+00:00,128.58,130.32,124.85,126.52,33521.0
2023-01-10 10:30:00+00:00,126.61,129.88,125.05,128.4,118882.0
2023-01-10 11:30:00+00:00,128.93,131.45,125.05,126.34,28176.0
2023-01-10 12:30:00+00:00,126.49,127.47,124.85,125.46,99692.0
2023-01-10 13:30:00+00:00,125.38,126.49,123.19,124.26,62039.0
2023-01-10 14:30:00+00:00,124.21,131.91,120.44,128.51,29481.0
2023-01-10 15:30:00+00:00,128.6,130.14,125.88,126.78,46770.0
2023-01-10 16:30:00+00:00,126.67,128.62,125.87,127.71,41975.0
2023-01-10 17:30:00+00:00,127.72,133.16,125.75,131.31,102721.0
2023-01-10 18:30:00+00:00,131.28,133.1,127.4,128.98,45474.0
2023-01-10 19:30:00+00:00,128.9,129.8,126.68,127.37,69605.0
2023-01-10 20:30:00+00:00,127.66,128.75,126.13,126.75,43582.0
2023-01-10 21:30:00+00:00,126.62,127.89,122.75,124.23,24173.0
2023-01-10 22:30:00+00:00,124.33,129.04,121.9,126.58,29845.0
2023-01-10 23:30:00+00:00,126.45,127.24,125.11,125.69,84479.0
2023-01-11 00:30:00+00:00,125.88,128.63,124.89,127.73,53242.0
2023-01-11 01:30:00+00:00,127.7,130.0,126.25,128.78,23060.0
2023-01-11 02:30:00+00:00,128.78,129.27,128.08,128.84,37177.0
2023-01-11 03:30:00+00:00,128.93,131.77,127.74,130.74,34801.0
2023-01-11 04:30:00+00:00,131.12,132.1,129.07,130.16,32804.0
2023-01-11 05:30:00+00:00,130.12,134.57,128.41,132.27,51672.0
2023-01-11 06:30:00+00:00,132.34,134.07,127.14,129.69,34402.0
2023-01-11 07:30:00+00:00,129.76,130.95,127.67,128.25,49020.0
2023-01-11 08:30:00+00:00,128.18,132.55,126.05,130.63,82577.0
2023-01-11 09:30:00+00:00,130.9,134.55,123.9,126.58,57234.0
2023-01-11 10:30:00+00:00,126.91,128.34,126.25,127.51,35021.0
2023-01-11 11:30:00+00:00,127.45,128.58,126.16,126.74,35926.0
2023-01-11 12:30:00+00:00,126.81,127.87,124.38,125.71,50649.0
2023-01-11 13:30:00+00:00,125.8,126.85,122.83,124.41,50085.0
2023-01-11 14:30:00+00:00,124.06,128.71,122.81,126.87,127919.0
2023-01-11 15:30:00+00:00,126.73,128.69,122.12,124.0,44441.0
2023-01-11 16:30:00+00:00,124.13,127.18,123.21,125.59,47350.0
2023-01-11 17:30:00+00:00,125.63,127.35,124.74,126.51,122953.0
2023-01-11 18:30:00+00:00,126.43,127.14,124.78,125.72,55660.0
2023-01-11 19:30:00+00:00,125.8,126.18,125.06,125.58,47803.0
2023-01-11 20:30:00+00:00,125.48,128.04,124.8,126.94,56764.0
2023-01-11 21:30:00+00:00,126.65,127.22,125.36,125.83,62010.0
2023-01-11 22:30:00+00:00,125.8,126.89,121.31,123.02,25557.0
2023-01-11 23:30:00+00:00,123.11,124.3,122.62,123.56,52085.0
2023-01-12 00:30:00+00:00,123.53,124.23,120.71,122.02,15611.0
2023-01-12 01:30:00+00:00,122.3,123.3,120.45,121.29,38601.0
2023-01-12 02:30:00+00:00,121.51,122.06,121.03,121.41,48514.0
2023-01-12 03:30:00+00:00,121.31,123.65,120.04,122.79,74301.0
2023-01-12 04:30:00+00:00,122.99,127.74,121.22,126.2,77013.0
2023-01-12 05:30:00+00:00,125.88,127.91,124.93,126.87,82123.0
2023-01-12 06:30:00+00:00,126.91,127.62,126.49,127.12,61741.0
2023-01-12 07:30:00+00:00,127.04,129.76,125.87,128.71,89756.0
2023-01-12 08:30:00+00:00,128.81,129.81,128.27,129.29,56317.0
2023-01-12 09:30:00+00:00,129.58,131.76,123.08,126.08,57578.0
2023-01-12 10:30:00+00:00,126.03,126.91,124.42,124.96,64170.0
2023-01-12 11:30:00+00:00,125.0,126.99,120.6,122.69,69168.0
2023-01-12 12:30:00+00:00,122.65,124.77,121.12,124.0,55788.0
2023-01-12 13:30:00+00:00,123.58,128.68,122.03,126.41,39571.0
2023-01-12 14:30:00+00:00,126.37,127.95,125.33,127.11,44005.0
2023-01-12 15:30:00+00:00,126.99,128.51,123.69,125.19,36531.0
2023-01-12 16:30:00+00:00,125.19,128.21,123.34,126.72,23429.0
2023-01-12 17:30:00+00:00,126.76,128.63,123.28,124.93,34663.0
2023-01-12 18:30:00+00:00,124.92,126.05,124.39,125.43,39585.0
2023-01-12 19:30:00+00:00,125.49,127.46,121.87,123.21,59413.0
2023-01-12 20:30:00+00:00,123.36,125.07,119.51,120.7,32218.0
2023-01-12 21:30:00+00:00,120.62,121.55,116.71,118.2,22113.0
2023-01-12 22:30:00+00:00,118.08,118.95,117.65,118.26,41605.0
2023-01-12 23:30:00+00:00,117.97,118.56,115.96,117.11,42349.0
2023-01-13 00:30:00+00:00,117.18,118.58,116.65,117.9,32093.0
2023-01-13 01:30:00+00:00,118.12,119.72,113.5,115.65,141651.0
2023-01-13 02:30:00+00:00,115.86,117.54,114.67,116.52,34571.0
2023-01-13 03:30:00+00:00,116.38,117.41,114.13,115.47,104453.0
2023-01-13 04:30:00+00:00,115.37,119.4,113.39,117.68,62517.0
2023-01-13 05:30:00+00:00,117.46,121.33,115.95,119.52,54796.0
2023-01-13 06:30:00+00:00,119.37,119.74,118.71,119.15,44395.0
2023-01-13 07:30:00+00:00,119.49,119.97,118.88,119.37,61960.0
2023-01-13 08:30:00+00:00,119.24,120.26,118.35,119.83,63730.0
2023-01-13 09:30:00+00:00,120.05,121.46,119.57,120.69,133198.0
2023-01-13 10:30:00+00:00,120.52,120.88,119.56,120.21,35307.0
2023-01-13 11:30:00+00:00,120.17,124.15,119.19,122.23,70561.0
2023-01-13 12:30:00+00:00,122.03,122.43,120.74,121.32,41265.0
2023-01-13 13:30:00+00:00,121.23,122.66,115.83,117.89,47283.0
2023-01-13 14:30:00+00:00,117.91,118.98,117.54,118.35,58459.0
2023-01-13 15:30:00+00:00,118.13,118.72,117.82,118.18,45749.0
2023-01-13 16:30:00+00:00,118.09,121.16,116.71,119.69,29537.0
2023-01-13 17:30:00+00:00,119.72,121.83,119.19,120.78,42468.0
2023-01-13 18:30:00+00:00,120.84,121.39,120.58,121.04,112406.0
2023-01-13 19:30:00+00:00,120.98,121.62,120.59,121.26,162459.0
2023-01-13 20:30:00+00:00,121.36,121.98,120.93,121.51,112761.0
2023-01-13 21:30:00+00:00,121.35,122.83,118.95,120.34,38784.0
2023-01-13 22:30:00+00:00,120.45,122.3,116.48,118.18,23825.0
2023-01-13 23:30:00+00:00,118.02,119.28,115.59,116.76,77376.0
2023-01-14 00:30:00+00:00,116.78,117.28,115.91,116.62,65419.0
2023-01-14 01:30:00+00:00,116.15,117.68,109.87,112.75,14934.0
2023-01-14 02:30:00+00:00,112.89,113.63,111.2,112.03,41137.0
2023-01-14 03:30:00+00:00,111.82,112.93,109.12,110.42,24949.0
2023-01-14 04:30:00+00:00,110.45,110.76,110.1,110.29,39284.0
2023-01-14 05:30:00+00:00,110.36,111.46,108.01,108.97,47133.0
2023-01-14 06:30:00+00:00,109.15,109.69,108.78,109.1,122827.0
2023-01-14 07:30:00+00:00,108.9,109.08,108.51,108.74,45313.0
2023-01-14 08:30:00+00:00,108.73,112.07,107.55,110.9,56105.0
2023-01-14 09:30:00+00:00,111.23,112.5,109.58,110.35,43023.0
2023-01-14 10:30:00+00:00,110.45,110.94,109.6,109.97,67177.0
2023-01-14 11:30:00+00:00,109.76,110.51,109.36,110.03,29909.0
2023-01-14 12:30:00+00:00,109.71,110.86,105.31,107.09,95336.0
2023-01-14 13:30:00+00:00,107.01,108.09,104.01,105.4,51385.0
2023-01-14 14:30:00+00:00,105.44,109.67,103.98,107.72,25474.0
2023-01-14 15:30:00+00:00,107.78,108.92,106.95,108.58,24966.0
2023-01-14 16:30:00+00:00,108.35,109.5,107.65,108.73,61897.0
2023-01-14 17:30:00+00:00,108.87,111.89,107.53,110.53,26115.0
2023-01-14 18:30:00+00:00,110.61,110.8,110.05,110.26,48769.0
2023-01-14 19:30:00+00:00,110.39,110.87,109.23,109.87,44513.0
2023-01-14 20:30:00+00:00,109.62,110.09,109.04,109.39,9041.0
2023-01-14 21:30:00+00:00,109.37,110.74,105.45,106.53,42842.0
2023-01-14 22:30:00+00:00,106.53,109.53,105.63,108.06,24668.0
2023-01-14 23:30:00+00:00,108.03,108.39,107.44,107.78,42983.0
2023-01-15 00:30:00+00:00,107.72,108.01,107.34,107.65,47519.0
2023-01-15 01:30:00+00:00,107.87,108.36,106.24,107.13,55869.0
2023-01-15 02:30:00+00:00,107.35,108.3,105.36,106.13,77470.0
2023-01-15 03:30:00+00:00,105.94,108.81,100.53,102.62,57610.0
2023-01-15 04:30:00+00:00,102.55,103.1,102.12,102.87,45656.0
2023-01-15 05:30:00+00:00,102.79,108.55,100.43,106.31,37564.0
2023-01-15 06:30:00+00:00,106.46,109.4,105.82,107.92,58038.0
2023-01-15 07:30:00+00:00,108.23,108.79,106.8,107.47,76854.0
2023-01-15 08:30:00+00:00,107.62,108.97,104.6,106.01,74431.0
2023-01-15 09:30:00+00:00,106.09,106.31,105.81,106.07,55945.0
2023-01-15 10:30:00+00:00,105.99,107.48,105.36,106.68,89051.0
2023-01-15 11:30:00+00:00,106.6,106.88,105.98,106.51,28968.0
2023-01-15 12:30:00+00:00,106.59,109.51,105.49,107.87,59957.0
2023-01-15 13:30:00+00:00,107.82,109.18,105.39,106.36,57283.0
2023-01-15 14:30:00+00:00,106.19,109.45,105.29,108.1,72749.0
2023-01-15 15:30:00+00:00,108.1,108.98,107.78,108.37,37906.0
2023-01-15 16:30:00+00:00,108.44,109.54,107.04,107.5,61769.0
2023-01-15 17:30:00+00:00,107.6,107.91,106.46,107.06,61684.0
2023-01-15 18:30:00+00:00,106.99,108.44,106.26,107.64,41457.0
2023-01-15 19:30:00+00:00,107.7,110.41,106.97,108.9,39258.0
2023-01-15 20:30:00+00:00,108.62,109.6,108.07,109.04,50857.0
2023-01-15 21:30:00+00:00,109.16,110.52,108.6,110.02,72290.0
2023-01-15 22:30:00+00:00,110.31,117.19,108.68,114.08,53298.0
2023-01-15 23:30:00+00:00,114.12,116.31,109.76,111.33,23286.0
2023-01-16 00:30:00+00:00,111.03,113.29,105.42,108.05,54273.0
2023-01-16 01:30:00+00:00,108.19,108.66,107.69,108.21,38925.0
2023-01-16 02:30:00+00:00,107.94,108.83,105.89,106.67,187126.0
2023-01-16 03:30:00+00:00,106.71,107.5,106.34,106.88,52572.0
2023-01-16 04:30:00+00:00,107.01,108.1,102.58,104.34,33141.0
2023-01-16 05:30:00+00:00,104.58,104.77,104.36,104.57,69525.0
2023-01-16 06:30:00+00:00,104.35,108.32,103.41,106.67,68120.0
2023-01-16 07:30:00+00:00,106.41,110.57,104.33,108.48,28048.0
2023-01-16 08:30:00+00:00,108.39,109.33,104.82,106.73,79375.0
2023-01-16 09:30:00+00:00,106.88,107.98,105.48,106.25,32472.0
2023-01-16 10:30:00+00:00,106.32,108.61,105.82,107.69,43621.0
2023-01-16 11:30:00+00:00,107.57,113.81,105.21,110.7,80920.0
2023-01-16 12:30:00+00:00,110.56,111.3,108.1,109.15,42952.0
2023-01-16 13:30:00+00:00,109.01,109.6,106.95,107.78,55744.0
2023-01-16 14:30:00+00:00,107.87,111.02,106.53,109.62,52805.0
2023-01-16 15:30:00+00:00,109.56,110.52,108.55,109.05,32297.0
2023-01-16 16:30:00+00:00,108.95,110.4,106.7,107.41,33527.0
2023-01-16 17:30:00+00:00,107.46,110.81,106.74,109.13,121692.0
2023-01-16 18:30:00+00:00,109.25,110.88,103.91,106.44,104183.0
2023-01-16 19:30:00+00:00,106.48,107.62,104.91,105.37,66221.0
2023-01-16 20:30:00+00:00,105.13,108.25,104.16,106.93,58120.0
2023-01-16 21:30:00+00:00,106.92,107.86,105.35,105.95,40096.0
2023-01-16 22:30:00+00:00,106.16,107.91,105.04,107.19,54675.0
2023-01-16 23:30:00+00:00,107.26,108.84,104.19,105.25,19105.0
2023-01-17 00:30:00+00:00,105.27,107.82,103.96,106.51,91567.0
2023-01-17 01:30:00+00:00,106.77,107.89,106.3,107.28,103303.0
2023-01-17 02:30:00+00:00,107.2,111.02,106.09,109.94,65727.0
2023-01-17 03:30:00+00:00,109.94,110.16,109.13,109.56,34144.0
2023-01-17 04:30:00+00:00,109.85,110.69,108.24,109.0,32226.0
2023-01-17 05:30:00+00:00,108.86,109.36,108.29,108.86,16046.0
2023-01-17 06:30:00+00:00,108.91,112.33,107.61,110.61,18549.0
2023-01-17 07:30:00+00:00,110.77,111.65,108.64,109.4,47066.0
2023-01-17 08:30:00+00:00,109.59,110.19,108.59,109.19,108511.0
2023-01-17 09:30:00+00:00,109.26,114.71,106.2,112.45,34499.0
2023-01-17 10:30:00+00:00,112.5,115.18,111.22,113.8,61439.0
2023-01-17 11:30:00+00:00,113.64,116.14,112.98,115.06,34267.0
2023-01-17 12:30:00+00:00,114.87,115.43,113.66,114.19,74571.0
2023-01-17 13:30:00+00:00,114.41,116.34,113.73,115.7,21159.0
2023-01-17 14:30:00+00:00,115.78,116.85,111.95,113.71,65041.0
2023-01-17 15:30:00+00:00,113.89,115.5,109.5,111.22,20148.0
2023-01-17 16:30:00+00:00,111.55,112.33,108.71,109.68,44599.0
2023-01-17 17:30:00+00:00,109.79,113.03,107.82,112.06,69877.0
2023-01-17 18:30:00+00:00,111.95,113.12,111.31,112.36,34030.0
2023-01-17 19:30:00+00:00,112.49,113.87,109.66,110.82,45330.0
2023-01-17 20:30:00+00:00,110.8,111.32,109.66,110.24,180846.0
2023-01-17 21:30:00+00:00,110.09,111.74,108.95,111.01,32189.0
2023-01-17 22:30:00+00:00,110.85,115.2,109.13,113.02,84351.0
2023-01-17 23:30:00+00:00,112.86,114.38,108.53,110.3,83936.0
2023-01-18 00:30:00+00:00,110.49,114.4,108.9,112.56,46459.0
2023-01-18 01:30:00+00:00,112.71,115.37,111.95,114.16,75621.0
2023-01-18 02:30:00+00:00,113.97,115.17,112.35,113.0,106482.0
2023-01-18 03:30:00+00:00,113.15,113.75,111.43,112.34,110534.0
2023-01-18 04:30:00+00:00,112.39,114.19,111.52,113.19,68218.0
2023-01-18 05:30:00+00:00,113.1,113.39,112.38,112.73,60044.0
2023-01-18 06:30:00+00:00,112.3,113.56,111.8,112.98,51635.0
2023-01-18 07:30:00+00:00,112.85,114.29,110.12,111.22,74862.0
2023-01-18 08:30:00+00:00,111.13,113.1,105.58,108.24,63991.0
2023-01-18 09:30:00+00:00,108.14,114.35,104.32,112.28,9606.0
2023-01-18 10:30:00+00:00,112.3,113.2,111.86,112.59,57308.0
2023-01-18 11:30:00+00:00,112.52,113.91,112.09,112.99,38497.0
2023-01-18 12:30:00+00:00,112.87,114.57,112.26,113.87,34652.0
2023-01-18 13:30:00+00:00,113.97,117.63,112.27,116.2,52565.0
2023-01-18 14:30:00+00:00,116.27,119.46,114.67,117.85,54155.0
2023-01-18 15:30:00+00:00,117.59,118.87,115.08,116.07,34338.0
2023-01-18 16:30:00+00:00,115.89,116.13,115.7,115.9,27870.0
2023-01-18 17:30:00+00:00,115.82,116.31,115.49,116.04,39524.0
2023-01-18 18:30:00+00:00,116.06,118.49,115.23,117.39,21734.0
2023-01-18 19:30:00+00:00,117.41,117.93,115.45,116.36,15861.0
2023-01-18 20:30:00+00:00,116.42,117.92,115.78,117.05,16229.0
2023-01-18 21:30:00+00:00,117.26,117.94,116.75,117.47,116575.0
2023-01-18 22:30:00+00:00,117.36,122.33,115.06,119.95,54463.0
2023-01-18 23:30:00+00:00,120.04,123.92,111.91,115.37,49730.0
2023-01-19 00:30:00+00:00,115.32,116.19,114.73,115.53,20240.0
2023-01-19 01:30:00+00:00,115.55,116.5,115.25,116.14,23069.0
2023-01-19 02:30:00+00:00,116.04,118.08,114.7,117.34,75190.0
2023-01-19 03:30:00+00:00,117.51,117.8,116.97,117.35,45153.0
2023-01-19 04:30:00+00:00,117.37,118.56,115.09,115.92,29832.0
2023-01-19 05:30:00+00:00,115.97,118.39,114.97,117.11,45548.0
2023-01-19 06:30:00+00:00,116.7,119.08,115.44,117.78,105839.0
2023-01-19 07:30:00+00:00,117.96,119.2,115.72,116.33,62771.0
2023-01-19 08:30:00+00:00,116.42,118.2,112.27,114.0,120323.0
2023-01-19 09:30:00+00:00,114.14,115.95,113.44,114.98,43014.0
2023-01-19 10:30:00+00:00,115.18,116.14,112.25,113.51,144025.0
2023-01-19 11:30:00+00:00,113.7,115.33,113.2,114.65,54354.0
2023-01-19 12:30:00+00:00,114.49,118.86,112.37,117.31,102797.0
2023-01-19 13:30:00+00:00,117.24,118.33,116.52,117.69,63781.0
2023-01-19 14:30:00+00:00,117.64,118.66,117.03,118.12,44180.0
2023-01-19 15:30:00+00:00,118.3,118.69,118.11,118.36,21355.0
2023-01-19 16:30:00+00:00,118.49,121.82,116.64,120.87,77754.0
2023-01-19 17:30:00+00:00,120.59,125.38,118.52,123.46,36493.0
2023-01-19 18:30:00+00:00,123.72,124.44,123.31,123.64,85119.0
2023-01-19 19:30:00+00:00,123.64,126.32,122.87,125.05,44099.0
2023-01-19 20:30:00+00:00,125.19,125.33,124.98,125.16,86397.0
2023-01-19 21:30:00+00:00,124.95,125.88,123.33,124.25,16428.0
2023-01-19 22:30:00+00:00,124.23,126.68,123.25,125.72,49148.0
2023-01-19 23:30:00+00:00,125.72,126.1,125.27,125.57,38915.0
2023-01-20 00:30:00+00:00,125.6,127.39,123.09,124.01,43613.0
2023-01-20 01:30:00+00:00,124.1,125.91,119.38,121.27,80057.0
2023-01-20 02:30:00+00:00,121.27,123.93,119.67,123.11,33928.0
2023-01-20 03:30:00+00:00,122.99,123.78,120.01,121.37,99800.0
2023-01-20 04:30:00+00:00,121.46,122.91,117.63,119.39,28993.0
2023-01-20 05:30:00+00:00,119.24,119.59,118.34,118.94,18310.0
2023-01-20 06:30:00+00:00,118.68,121.73,117.68,120.29,77934.0
2023-01-20 07:30:00+00:00,120.41,121.94,114.3,117.23,83035.0
2023-01-20 08:30:00+00:00,117.45,119.29,116.95,118.38,45320.0
2023-01-20 09:30:00+00:00,118.64,119.73,117.82,119.1,81019.0
2023-01-20 10:30:00+00:00,119.0,120.05,115.37,116.97,69980.0
2023-01-20 11:30:00+00:00,117.13,118.5,114.14,115.01,37678.0
2023-01-20 12:30:00+00:00,115.2,115.65,114.46,114.73,35602.0
2023-01-20 13:30:00+00:00,114.61,119.59,111.5,118.13,24520.0
2023-01-20 14:30:00+00:00,118.27,119.16,116.78,117.71,18729.0
2023-01-20 15:30:00+00:00,117.62,121.79,115.43,119.66,150599.0
2023-01-20 16:30:00+00:00,119.6,123.4,118.5,121.39,43290.0
2023-01-20 17:30:00+00:00,121.44,123.27,116.64,118.56,67382.0
2023-01-20 18:30:00+00:00,118.74,119.07,118.05,118.58,93206.0
2023-01-20 19:30:00+00:00,118.59,121.09,117.41,120.37,57189.0
2023-01-20 20:30:00+00:00,120.39,121.12,118.37,119.5,54151.0
2023-01-20 21:30:00+00:00,119.57,123.32,118.07,121.73,21496.0
2023-01-20 22:30:00+00:00,121.96,123.61,118.28,119.8,54610.0
2023-01-20 23:30:00+00:00,119.83,122.31,116.1,117.21,43188.0
2023-01-21 00:30:00+00:00,117.15,117.85,115.65,116.47,30941.0
2023-01-21 01:30:00+00:00,116.21,118.68,114.73,117.65,36988.0
2023-01-21 02:30:00+00:00,117.9,118.54,116.3,116.99,40268.0
2023-01-21 03:30:00+00:00,117.24,120.02,116.65,118.65,60728.0
2023-01-21 04:30:00+00:00,118.48,119.68,114.29,115.96,43300.0
2023-01-21 05:30:00+00:00,116.38,117.55,113.25,114.98,49441.0
2023-01-21 06:30:00+00:00,114.83,119.74,112.69,117.39,18061.0
2023-01-21 07:30:00+00:00,117.11,118.59,110.31,113.18,55729.0
2023-01-21 08:30:00+00:00,113.23,114.17,112.19,113.73,41756.0
2023-01-21 09:30:00+00:00,113.69,115.06,111.23,112.25,90676.0
2023-01-21 10:30:00+00:00,112.54,113.94,109.81,111.04,119831.0
2023-01-21 11:30:00+00:00,111.22,112.05,109.58,110.52,50579.0
2023-01-21 12:30:00+00:00,110.89,112.04,105.93,108.14,42902.0
2023-01-21 13:30:00+00:00,108.17,110.67,106.61,109.68,46485.0
2023-01-21 14:30:00+00:00,109.65,112.0,108.87,110.67,49492.0
2023-01-21 15:30:00+00:00,110.14,114.07,108.0,112.75,54185.0
2023-01-21 16:30:00+00:00,112.68,113.48,111.69,113.05,33965.0
2023-01-21 17:30:00+00:00,113.18,114.65,110.86,111.49,63478.0
2023-01-21 18:30:00+00:00,111.56,113.46,110.75,112.61,32717.0
2023-01-21 19:30:00+00:00,112.32,114.26,108.82,110.4,25991.0
2023-01-21 20:30:00+00:00,110.56,111.55,107.53,108.92,81393.0
2023-01-21 21:30:00+00:00,109.03,115.22,107.43,112.43,74312.0
2023-01-21 22:30:00+00:00,112.56,115.93,111.15,114.3,33745.0
2023-01-21 23:30:00+00:00,114.27,115.62,113.33,115.09,48384.0
2023-01-22 00:30:00+00:00,115.08,119.63,112.86,117.71,147623.0
2023-01-22 01:30:00+00:00,117.76,118.17,116.32,117.24,47384.0
2023-01-22 02:30:00+00:00,117.11,119.62,116.15,118.31,55618.0
2023-01-22 03:30:00+00:00,118.34,119.18,115.82,116.91,28276.0
2023-01-22 04:30:00+00:00,117.14,117.61,115.76,116.36,56048.0
2023-01-22 05:30:00+00:00,116.53,117.01,116.04,116.55,88593.0
2023-01-22 06:30:00+00:00,116.76,120.44,115.77,119.24,50010.0
2023-01-22 07:30:00+00:00,119.12,119.74,117.03,118.04,70517.0
2023-01-22 08:30:00+00:00,118.04,121.46,116.64,119.96,30999.0
2023-01-22 09:30:00+00:00,119.96,120.2,119.45,119.99,27663.0
2023-01-22 10:30:00+00:00,119.89,122.45,115.74,116.9,33429.0
2023-01-22 11:30:00+00:00,116.92,118.25,111.85,113.6,50265.0
2023-01-22 12:30:00+00:00,113.79,114.95,111.59,112.45,41340.0
2023-01-22 13:30:00+00:00,112.71,115.21,111.38,114.32,68324.0
2023-01-22 14:30:00+00:00,114.13,115.44,113.55,114.8,49622.0
2023-01-22 15:30:00+00:00,114.82,120.8,113.2,118.03,45378.0
2023-01-22 16:30:00+00:00,117.84,118.82,117.31,118.39,43705.0
2023-01-22 17:30:00+00:00,118.21,122.34,116.76,120.99,83117.0
2023-01-22 18:30:00+00:00,120.84,122.08,120.32,121.49,32398.0
2023-01-22 19:30:00+00:00,121.6,123.2,118.36,119.88,48913.0
2023-01-22 20:30:00+00:00,119.94,122.64,119.15,121.22,41270.0
2023-01-22 21:30:00+00:00,121.34,122.61,119.11,119.91,81156.0
2023-01-22 22:30:00+00:00,119.95,121.41,115.03,117.44,69983.0
2023-01-22 23:30:00+00:00,117.46,118.69,114.98,116.16,84418.0
2023-01-23 00:30:00+00:00,116.43,116.97,114.76,115.52,79821.0
2023-01-23 01:30:00+00:00,115.44,116.55,114.95,116.0,78778.0
2023-01-23 02:30:00+00:00,115.91,118.63,114.35,117.54,77508.0
2023-01-23 03:30:00+00:00,117.26,119.55,116.33,118.67,45571.0
2023-01-23 04:30:00+00:00,118.82,123.83,116.11,122.52,72189.0
2023-01-23 05:30:00+00:00,122.13,124.48,117.85,119.01,45686.0
2023-01-23 06:30:00+00:00,119.03,119.61,118.02,118.73,68377.0
2023-01-23 07:30:00+00:00,118.95,127.12,115.03,123.5,88543.0
2023-01-23 08:30:00+00:00,123.34,123.56,122.54,122.97,29844.0
2023-01-23 09:30:00+00:00,123.06,124.59,119.79,120.72,156570.0
2023-01-23 10:30:00+00:00,121.06,121.79,118.76,119.41,28660.0
2023-01-23 11:30:00+00:00,119.31,120.66,116.6,117.73,43405.0
2023-01-23 12:30:00+00:00,117.77,118.65,116.4,116.91,26161.0
2023-01-23 13:30:00+00:00,117.1,121.15,115.5,120.05,25491.0
2023-01-23 14:30:00+00:00,119.98,121.83,116.67,117.61,37322.0
2023-01-23 15:30:00+00:00,117.72,118.55,115.21,116.44,25012.0
2023-01-23 16:30:00+00:00,116.25,121.64,114.42,119.01,45857.0
2023-01-23 17:30:00+00:00,119.28,120.46,118.59,119.6,31848.0
2023-01-23 18:30:00+00:00,119.75,121.15,118.88,120.26,53752.0
2023-01-23 19:30:00+00:00,120.28,121.32,118.41,119.64,37755.0
2023-01-23 20:30:00+00:00,119.6,123.17,118.68,121.41,39719.0
2023-01-23 21:30:00+00:00,121.3,122.46,118.73,119.63,31611.0
2023-01-23 22:30:00+00:00,119.64,123.29,117.74,121.43,38412.0
2023-01-23 23:30:00+00:00,121.1,122.16,120.75,121.72,71895.0
2023-01-24 00:30:00+00:00,121.63,121.84,121.14,121.44,31895.0
2023-01-24 01:30:00+00:00,121.45,122.55,119.39,120.53,93986.0
2023-01-24 02:30:00+00:00,120.24,123.17,118.98,122.33,28269.0
2023-01-24 03:30:00+00:00,122.38,123.64,121.68,123.02,49409.0
2023-01-24 04:30:00+00:00,122.79,123.23,121.9,122.37,12973.0
2023-01-24 05:30:00+00:00,122.27,123.14,121.72,122.65,45739.0
2023-01-24 06:30:00+00:00,122.62,124.31,119.3,120.8,31328.0
2023-01-24 07:30:00+00:00,120.57,124.91,118.3,123.22,77993.0
2023-01-24 08:30:00+00:00,123.23,127.57,120.68,125.88,44499.0
2023-01-24 09:30:00+00:00,125.64,129.65,123.57,128.13,57979.0
2023-01-24 10:30:00+00:00,128.01,130.16,127.26,128.77,86750.0
2023-01-24 11:30:00+00:00,128.85,130.7,127.51,129.85,50976.0
2023-01-24 12:30:00+00:00,129.84,131.91,126.13,127.3,75505.0
2023-01-24 13:30:00+00:00,127.39,128.22,125.87,126.68,32697.0
2023-01-24 14:30:00+00:00,126.8,127.61,125.47,126.3,67194.0
2023-01-24 15:30:00+00:00,126.0,126.36,125.71,126.13,66437.0
2023-01-24 16:30:00+00:00,126.23,128.75,125.61,127.42,26927.0
2023-01-24 17:30:00+00:00,127.41,127.89,126.17,126.67,26975.0
2023-01-24 18:30:00+00:00,126.62,127.39,124.48,125.35,81735.0
2023-01-24 19:30:00+00:00,125.4,130.0,124.18,127.73,107466.0
2023-01-24 20:30:00+00:00,127.48,128.15,126.88,127.22,47034.0
2023-01-24 21:30:00+00:00,127.18,128.3,125.16,126.08,36238.0
2023-01-24 22:30:00+00:00,125.85,128.41,120.19,122.39,34765.0
2023-01-24 23:30:00+00:00,122.47,124.44,119.09,119.99,41164.0
2023-01-25 00:30:00+00:00,120.08,120.92,119.16,119.65,63349.0
2023-01-25 01:30:00+00:00,119.68,121.03,119.03,120.21,45651.0
2023-01-25 02:30:00+00:00,120.2,123.12,115.02,117.1,55003.0
2023-01-25 03:30:00+00:00,116.75,117.61,116.55,117.14,47598.0
2023-01-25 04:30:00+00:00,117.16,118.4,116.6,117.78,90171.0
2023-01-25 05:30:00+00:00,117.92,118.63,116.0,116.95,55751.0
2023-01-25 06:30:00+00:00,116.73,117.67,116.41,117.11,131342.0
2023-01-25 07:30:00+00:00,117.22,121.34,115.07,119.68,147937.0
2023-01-25 08:30:00+00:00,119.82,121.64,117.08,118.4,76976.0
2023-01-25 09:30:00+00:00,118.4,119.67,113.1,115.48,63345.0
2023-01-25 10:30:00+00:00,115.42,116.23,114.19,114.88,63876.0
2023-01-25 11:30:00+00:00,114.83,115.34,112.71,113.42,54669.0
2023-01-25 12:30:00+00:00,113.42,113.63,113.22,113.39,39116.0
2023-01-25 13:30:00+00:00,113.12,115.74,111.88,114.63,27977.0
2023-01-25 14:30:00+00:00,114.95,117.05,113.8,116.23,52323.0
2023-01-25 15:30:00+00:00,116.27,117.55,115.58,116.84,50800.0
2023-01-25 16:30:00+00:00,116.84,120.63,114.76,119.38,104814.0
2023-01-25 17:30:00+00:00,119.36,120.74,118.63,120.08,15186.0
2023-01-25 18:30:00+00:00,119.85,123.18,119.05,122.0,55250.0
2023-01-25 19:30:00+00:00,122.12,123.03,121.81,122.7,60272.0
2023-01-25 20:30:00+00:00,123.0,123.81,122.49,123.26,27165.0
2023-01-25 21:30:00+00:00,123.06,123.62,121.64,122.38,14319.0
2023-01-25 22:30:00+00:00,122.29,123.0,121.76,122.43,61192.0
2023-01-25 23:30:00+00:00,122.32,123.08,120.54,121.43,65841.0
2023-01-26 00:30:00+00:00,121.46,122.07,120.48,120.94,65527.0
2023-01-26 01:30:00+00:00,121.12,121.29,120.74,121.12,16738.0
2023-01-26 02:30:00+00:00,120.81,124.9,119.13,123.29,39747.0
2023-01-26 03:30:00+00:00,123.18,123.83,122.04,122.86,94847.0
2023-01-26 04:30:00+00:00,122.93,124.84,122.01,124.06,48790.0
2023-01-26 05:30:00+00:00,124.31,126.02,119.86,121.83,30204.0
2023-01-26 06:30:00+00:00,121.84,122.71,120.7,121.35,27312.0
2023-01-26 07:30:00+00:00,121.46,125.74,118.97,123.74,51028.0
2023-01-26 08:30:00+00:00,123.57,125.19,122.68,124.43,52670.0
2023-01-26 09:30:00+00:00,124.6,127.36,117.83,121.14,31555.0
2023-01-26 10:30:00+00:00,121.06,121.26,120.9,121.13,89104.0
2023-01-26 11:30:00+00:00,121.16,121.65,120.21,120.73,39240.0
2023-01-26 12:30:00+00:00,120.62,122.57,116.82,118.64,92481.0
2023-01-26 13:30:00+00:00,118.44,119.83,113.04,115.59,206095.0
2023-01-26 14:30:00+00:00,115.83,117.71,112.77,114.0,22010.0
2023-01-26 15:30:00+00:00,114.07,115.6,110.73,112.22,48139.0
2023-01-26 16:30:00+00:00,112.27,114.38,111.61,113.47,68980.0
2023-01-26 17:30:00+00:00,113.42,115.57,112.38,114.5,44030.0
2023-01-26 18:30:00+00:00,114.07,116.38,112.25,115.65,29518.0
2023-01-26 19:30:00+00:00,115.47,119.06,113.67,117.59,31836.0
2023-01-26 20:30:00+00:00,117.48,118.82,112.36,113.85,26143.0
2023-01-26 21:30:00+00:00,113.85,114.36,112.96,113.42,65515.0
2023-01-26 22:30:00+00:00,113.64,114.36,113.25,114.04,26023.0
2023-01-26 23:30:00+00:00,114.28,115.56,111.98,112.95,74494.0
2023-01-27 00:30:00+00:00,112.66,113.55,111.26,111.93,60529.0
2023-01-27 01:30:00+00:00,111.74,112.78,109.29,110.64,73496.0
2023-01-27 02:30:00+00:00,110.89,111.55,110.41,110.96,80915.0
2023-01-27 03:30:00+00:00,111.06,111.39,110.45,110.9,58929.0
2023-01-27 04:30:00+00:00,111.04,114.82,110.1,113.01,54561.0
2023-01-27 05:30:00+00:00,113.11,114.43,112.51,113.72,112362.0
2023-01-27 06:30:00+00:00,113.65,114.71,112.99,114.12,53071.0
2023-01-27 07:30:00+00:00,114.15,114.67,113.67,114.13,36040.0
2023-01-27 08:30:00+00:00,114.3,115.36,111.33,112.83,146391.0
2023-01-27 09:30:00+00:00,112.95,113.76,112.33,113.09,121327.0
2023-01-27 10:30:00+00:00,113.26,115.75,112.38,114.54,50440.0
2023-01-27 11:30:00+00:00,114.65,115.9,113.68,115.39,156038.0
2023-01-27 12:30:00+00:00,115.3,116.47,112.27,113.61,62058.0
2023-01-27 13:30:00+00:00,113.42,115.26,109.17,111.11,44366.0
2023-01-27 14:30:00+00:00,110.99,112.93,110.32,112.33,16337.0
2023-01-27 15:30:00+00:00,112.41,113.25,111.63,112.7,79146.0
2023-01-27 16:30:00+00:00,112.54,114.43,111.89,113.24,74962.0
2023-01-27 17:30:00+00:00,113.25,114.41,111.09,111.84,99715.0
2023-01-27 18:30:00+00:00,111.95,114.36,111.04,113.15,99473.0
2023-01-27 19:30:00+00:00,113.24,114.91,112.62,114.44,13922.0
2023-01-27 20:30:00+00:00,114.44,114.92,113.61,114.06,49717.0
2023-01-27 21:30:00+00:00,114.09,115.61,113.56,115.1,65484.0
2023-01-27 22:30:00+00:00,114.96,116.19,112.81,113.59,39755.0
2023-01-27 23:30:00+00:00,113.66,114.29,113.03,113.51,60379.0
2023-01-28 00:30:00+00:00,113.53,114.97,107.96,110.21,54561.0
2023-01-28 01:30:00+00:00,110.41,110.98,108.96,109.79,51198.0
2023-01-28 02:30:00+00:00,109.8,116.51,108.01,113.98,54410.0
2023-01-28 03:30:00+00:00,114.11,116.13,113.15,115.26,67260.0
2023-01-28 04:30:00+00:00,115.27,119.92,112.3,118.34,70104.0
2023-01-28 05:30:00+00:00,118.33,120.44,117.66,119.46,41131.0
2023-01-28 06:30:00+00:00,119.76,120.56,119.32,119.98,62688.0
2023-01-28 07:30:00+00:00,119.85,121.09,119.36,120.48,55599.0
2023-01-28 08:30:00+00:00,120.68,121.6,119.12,119.86,53063.0
2023-01-28 09:30:00+00:00,119.87,122.07,119.18,121.29,74690.0
2023-01-28 10:30:00+00:00,121.19,122.09,118.91,120.08,123862.0
2023-01-28 11:30:00+00:00,120.15,121.07,119.8,120.28,52525.0
2023-01-28 12:30:00+00:00,120.16,131.83,116.66,126.45,38780.0
2023-01-28 13:30:00+00:00,126.22,128.26,124.94,127.53,31693.0
2023-01-28 14:30:00+00:00,127.21,127.6,126.19,126.76,39679.0
2023-01-28 15:30:00+00:00,126.46,131.06,124.41,128.94,44198.0
2023-01-28 16:30:00+00:00,128.82,131.04,127.84,129.92,48601.0
2023-01-28 17:30:00+00:00,130.08,130.4,129.1,129.55,23086.0
2023-01-28 18:30:00+00:00,129.63,131.83,126.31,127.54,54086.0
2023-01-28 19:30:00+00:00,127.43,128.05,126.76,127.36,64350.0
2023-01-28 20:30:00+00:00,127.31,128.03,126.24,126.66,22336.0
2023-01-28 21:30:00+00:00,127.01,127.37,126.26,126.89,33791.0
2023-01-28 22:30:00+00:00,127.0,128.66,126.32,127.76,31304.0
2023-01-28 23:30:00+00:00,127.66,129.34,127.13,128.45,96772.0
2023-01-29 00:30:00+00:00,128.5,129.82,125.05,126.78,46026.0
2023-01-29 01:30:00+00:00,126.59,129.02,125.7,127.91,53403.0
2023-01-29 02:30:00+00:00,127.63,129.79,126.92,128.83,81467.0
2023-01-29 03:30:00+00:00,128.73,131.15,124.96,126.15,36886.0
2023-01-29 04:30:00+00:00,126.07,128.08,124.93,126.89,40372.0
2023-01-29 05:30:00+00:00,127.12,127.75,126.4,126.85,38334.0
2023-01-29 06:30:00+00:00,126.94,128.19,126.46,127.69,37700.0
2023-01-29 07:30:00+00:00,127.31,128.41,124.01,125.71,30923.0
2023-01-29 08:30:00+00:00,125.45,125.67,124.76,125.2,29663.0
2023-01-29 09:30:00+00:00,125.32,126.09,124.1,124.84,40365.0
2023-01-29 10:30:00+00:00,124.8,126.26,120.65,122.62,40542.0
2023-01-29 11:30:00+00:00,122.1,125.55,120.42,123.65,41833.0
2023-01-29 12:30:00+00:00,123.5,123.73,122.84,123.16,37244.0
2023-01-29 13:30:00+00:00,123.22,125.25,122.46,123.96,90166.0
2023-01-29 14:30:00+00:00,124.12,125.41,121.31,122.17,39088.0
2023-01-29 15:30:00+00:00,122.27,123.51,117.68,119.69,61091.0
2023-01-29 16:30:00+00:00,119.88,121.69,115.66,117.69,42454.0
2023-01-29 17:30:00+00:00,117.88,120.83,112.51,113.95,96641.0
2023-01-29 18:30:00+00:00,114.02,115.12,111.29,112.69,30400.0
2023-01-29 19:30:00+00:00,112.93,114.01,112.16,113.42,53589.0
2023-01-29 20:30:00+00:00,113.47,117.78,112.62,116.0,43546.0
2023-01-29 21:30:00+00:00,116.09,120.02,114.59,118.14,29300.0
2023-01-29 22:30:00+00:00,118.3,121.82,117.2,120.6,55586.0
2023-01-29 23:30:00+00:00,120.64,124.03,118.7,123.1,35613.0
2023-01-30 00:30:00+00:00,123.19,130.98,119.81,127.28,121512.0
2023-01-30 01:30:00+00:00,127.22,128.37,126.46,127.77,42549.0
2023-01-30 02:30:00+00:00,127.64,131.18,125.4,129.74,20563.0
2023-01-30 03:30:00+00:00,129.24,132.84,128.39,131.16,40118.0
2023-01-30 04:30:00+00:00,130.87,132.85,122.13,126.25,85171.0
2023-01-30 05:30:00+00:00,126.38,127.52,125.97,126.69,106400.0
2023-01-30 06:30:00+00:00,126.65,127.49,126.14,126.93,60132.0
2023-01-30 07:30:00+00:00,126.74,128.9,126.1,127.81,79864.0
2023-01-30 08:30:00+00:00,127.68,128.95,125.66,126.94,44293.0
2023-01-30 09:30:00+00:00,127.19,128.08,124.76,125.65,64979.0
2023-01-30 10:30:00+00:00,125.64,126.36,123.95,124.8,43403.0
2023-01-30 11:30:00+00:00,124.79,127.28,123.85,126.33,69732.0
2023-01-30 12:30:00+00:00,126.35,128.24,125.78,127.34,72932.0
2023-01-30 13:30:00+00:00,127.33,132.61,125.93,130.38,53657.0
2023-01-30 14:30:00+00:00,130.34,131.82,127.04,128.01,74348.0
2023-01-30 15:30:00+00:00,127.91,132.49,126.01,130.35,39087.0
2023-01-30 16:30:00+00:00,130.43,136.81,128.24,134.32,64904.0
2023-01-30 17:30:00+00:00,134.36,135.13,131.66,132.58,18690.0
2023-01-30 18:30:00+00:00,132.58,133.23,131.97,132.86,41079.0
2023-01-30 19:30:00+00:00,132.76,135.44,128.25,129.76,33195.0
2023-01-30 20:30:00+00:00,129.61,132.0,120.28,124.42,60219.0
2023-01-30 21:30:00+00:00,124.71,126.41,119.47,121.91,28924.0
2023-01-30 22:30:00+00:00,121.68,122.56,121.27,122.02,56368.0
2023-01-30 23:30:00+00:00,122.16,123.27,121.45,122.46,80647.0
2023-01-31 00:30:00+00:00,122.68,123.25,120.97,121.76,50135.0
2023-01-31 01:30:00+00:00,121.86,123.56,121.1,122.99,68514.0
2023-01-31 02:30:00+00:00,122.86,124.5,122.36,123.69,76165.0
2023-01-31 03:30:00+00:00,123.7,129.03,121.81,127.37,109684.0
2023-01-31 04:30:00+00:00,127.24,128.43,122.25,124.64,143697.0
2023-01-31 05:30:00+00:00,124.89,126.4,121.09,122.97,75713.0
2023-01-31 06:30:00+00:00,123.12,124.46,120.63,121.86,39128.0
2023-01-31 07:30:00+00:00,121.79,122.61,119.63,120.65,35875.0
2023-01-31 08:30:00+00:00,120.57,121.75,118.62,119.77,39873.0
2023-01-31 09:30:00+00:00,119.44,127.74,115.63,124.27,55296.0
2023-01-31 10:30:00+00:00,124.33,125.41,122.94,123.59,76727.0
2023-01-31 11:30:00+00:00,123.47,126.25,122.84,124.85,52819.0
2023-01-31 12:30:00+00:00,124.9,127.34,119.54,122.13,36381.0
2023-01-31 13:30:00+00:00,121.97,122.72,120.02,120.82,66323.0
2023-01-31 14:30:00+00:00,120.74,123.6,119.65,122.44,87079.0
2023-01-31 15:30:00+00:00,122.73,125.54,122.06,124.35,18571.0
2023-01-31 16:30:00+00:00,124.46,126.94,118.6,121.29,23057.0
2023-01-31 17:30:00+00:00,121.2,128.45,119.62,125.32,84386.0
2023-01-31 18:30:00+00:00,125.72,126.64,125.07,126.17,26303.0
2023-01-31 19:30:00+00:00,126.19,127.42,123.25,124.69,37566.0
2023-01-31 20:30:00+00:00,124.84,126.27,124.01,125.62,47368.0
2023-01-31 21:30:00+00:00,125.42,126.16,123.46,124.39,29300.0
2023-01-31 22:30:00+00:00,124.56,125.81,119.98,121.62,44559.0
2023-01-31 23:30:00+00:00,121.89,122.34,121.41,122.0,57127.0
2023-02-01 00:30:00+00:00,122.11,124.55,120.62,123.61,109462.0
2023-02-01 01:30:00+00:00,123.52,127.05,121.62,125.72,54554.0
2023-02-01 02:30:00+00:00,125.44,126.68,119.98,122.51,164036.0
2023-02-01 03:30:00+00:00,122.21,123.42,119.92,120.71,54274.0
2023-02-01 04:30:00+00:00,120.93,121.8,119.47,120.36,100698.0
2023-02-01 05:30:00+00:00,120.35,123.74,118.45,122.38,23179.0
2023-02-01 06:30:00+00:00,122.35,126.45,121.42,124.93,66956.0
2023-02-01 07:30:00+00:00,124.79,125.5,123.18,124.17,86097.0
2023-02-01 08:30:00+00:00,123.96,125.26,119.91,121.85,36231.0
2023-02-01 09:30:00+00:00,121.75,123.91,120.52,122.95,88022.0
2023-02-01 10:30:00+00:00,122.96,123.41,121.32,122.04,50197.0
2023-02-01 11:30:00+00:00,121.81,124.06,121.16,122.88,116710.0
2023-02-01 12:30:00+00:00,122.96,125.73,122.05,124.95,41076.0
2023-02-01 13:30:00+00:00,124.78,127.8,123.97,126.18,61202.0
2023-02-01 14:30:00+00:00,126.28,128.06,122.62,124.22,29726.0
2023-02-01 15:30:00+00:00,124.37,125.46,119.24,121.86,14565.0
2023-02-01 16:30:00+00:00,121.76,123.67,116.48,119.04,52322.0
2023-02-01 17:30:00+00:00,119.03,121.44,118.18,120.46,76826.0
2023-02-01 18:30:00+00:00,120.19,124.62,118.38,122.65,21434.0
2023-02-01 19:30:00+00:00,122.82,123.89,118.98,120.68,155588.0
2023-02-01 20:30:00+00:00,120.89,122.15,118.16,119.67,24339.0
2023-02-01 21:30:00+00:00,119.63,120.7,116.89,117.9,49602.0
2023-02-01 22:30:00+00:00,117.76,118.45,116.96,117.63,48311.0
2023-02-01 23:30:00+00:00,117.8,118.52,114.57,116.04,63590.0
2023-02-02 00:30:00+00:00,116.16,116.94,113.13,114.46,79876.0
2023-02-02 01:30:00+00:00,114.63,117.69,113.22,116.72,71026.0
2023-02-02 02:30:00+00:00,116.35,119.39,114.38,118.39,22550.0
2023-02-02 03:30:00+00:00,118.24,118.74,117.78,118.41,57589.0
2023-02-02 04:30:00+00:00,118.45,122.35,116.99,120.51,48945.0
2023-02-02 05:30:00+00:00,120.75,121.63,118.4,119.33,64995.0
2023-02-02 06:30:00+00:00,119.33,120.93,118.75,120.16,102864.0
2023-02-02 07:30:00+00:00,119.86,120.61,117.12,118.34,41910.0
2023-02-02 08:30:00+00:00,118.03,118.64,116.28,116.89,65800.0
2023-02-02 09:30:00+00:00,116.58,119.43,115.14,118.63,43569.0
2023-02-02 10:30:00+00:00,118.51,119.37,114.64,116.33,46041.0
2023-02-02 11:30:00+00:00,116.22,117.26,114.91,115.49,52220.0
2023-02-02 12:30:00+00:00,115.65,118.08,110.9,113.3,88699.0
2023-02-02 13:30:00+00:00,113.32,115.52,109.53,111.0,47747.0
2023-02-02 14:30:00+00:00,111.15,111.55,110.28,110.91,63632.0
2023-02-02 15:30:00+00:00,111.16,111.45,110.67,110.91,44249.0
2023-02-02 16:30:00+00:00,110.75,113.02,107.04,108.18,45267.0
2023-02-02 17:30:00+00:00,108.2,113.94,105.67,111.79,68514.0
2023-02-02 18:30:00+00:00,111.97,115.73,109.6,114.35,67750.0
2023-02-02 19:30:00+00:00,114.04,114.73,111.26,112.58,58543.0
2023-02-02 20:30:00+00:00,112.47,113.93,111.95,113.15,40150.0
2023-02-02 21:30:00+00:00,112.92,113.86,112.65,113.27,157719.0
2023-02-02 22:30:00+00:00,113.26,114.03,110.94,111.98,54696.0
2023-02-02 23:30:00+00:00,112.01,113.39,108.28,109.56,54939.0
2023-02-03 00:30:00+00:00,109.33,110.0,108.86,109.42,22779.0
2023-02-03 01:30:00+00:00,109.44,109.87,108.19,108.94,34574.0
2023-02-03 02:30:00+00:00,108.77,111.8,107.32,110.84,28185.0
2023-02-03 03:30:00+00:00,110.97,111.11,110.85,110.95,37244.0
2023-02-03 04:30:00+00:00,110.69,111.98,108.04,109.03,125508.0
2023-02-03 05:30:00+00:00,108.83,109.66,106.93,107.7,73783.0
2023-02-03 06:30:00+00:00,107.49,107.57,107.39,107.5,28445.0
2023-02-03 07:30:00+00:00,107.31,109.75,106.1,108.98,48925.0
2023-02-03 08:30:00+00:00,109.16,110.99,104.87,106.84,27026.0
2023-02-03 09:30:00+00:00,106.82,107.79,106.21,107.11,57397.0
2023-02-03 10:30:00+00:00,107.21,110.84,105.94,109.17,123940.0
2023-02-03 11:30:00+00:00,109.03,111.4,105.26,106.56,134706.0
2023-02-03 12:30:00+00:00,106.4,110.18,104.34,108.81,19732.0
2023-02-03 13:30:00+00:00,108.7,109.26,107.23,107.73,34788.0
2023-02-03 14:30:00+00:00,107.8,108.06,107.21,107.5,64521.0
2023-02-03 15:30:00+00:00,107.5,108.57,105.26,106.47,53129.0
2023-02-03 16:30:00+00:00,106.23,107.71,105.51,106.96,46406.0
2023-02-03 17:30:00+00:00,107.0,108.26,106.36,107.67,38132.0
2023-02-03 18:30:00+00:00,107.73,109.13,107.37,108.45,17100.0
2023-02-03 19:30:00+00:00,108.47,116.38,105.72,113.19,26769.0
2023-02-03 20:30:00+00:00,113.28,116.27,105.64,108.75,38467.0
2023-02-03 21:30:00+00:00,109.04,109.93,107.23,107.77,44355.0
2023-02-03 22:30:00+00:00,107.62,108.56,104.57,105.46,24454.0
2023-02-03 23:30:00+00:00,105.54,106.34,104.14,105.0,57270.0
2023-02-04 00:30:00+00:00,105.14,105.87,102.71,103.74,59439.0
2023-02-04 01:30:00+00:00,103.69,104.6,102.57,103.22,104279.0
2023-02-04 02:30:00+00:00,103.19,103.44,102.86,103.07,60531.0
2023-02-04 03:30:00+00:00,103.01,104.22,100.86,102.03,46909.0
2023-02-04 04:30:00+00:00,102.15,103.95,101.34,103.43,31811.0
2023-02-04 05:30:00+00:00,103.53,105.31,98.93,100.98,49034.0
2023-02-04 06:30:00+00:00,100.87,101.65,99.71,100.07,55572.0
2023-02-04 07:30:00+00:00,100.22,100.66,99.49,100.03,7273.0
2023-02-04 08:30:00+00:00,100.09,102.93,98.31,102.11,85201.0
2023-02-04 09:30:00+00:00,102.28,104.07,98.74,99.92,71493.0
2023-02-04 10:30:00+00:00,100.04,101.62,96.27,97.94,62394.0
2023-02-04 11:30:00+00:00,97.94,99.3,97.56,98.68,25025.0
2023-02-04 12:30:00+00:00,98.52,99.04,98.26,98.74,58340.0
2023-02-04 13:30:00+00:00,98.79,99.93,95.38,96.49,132362.0
2023-02-04 14:30:00+00:00,96.36,99.52,95.61,98.19,40925.0
2023-02-04 15:30:00+00:00,97.89,98.9,97.42,98.53,16894.0
2023-02-04 16:30:00+00:00,98.35,98.58,97.54,97.97,54150.0
2023-02-04 17:30:00+00:00,97.93,98.54,96.96,97.41,76104.0
2023-02-04 18:30:00+00:00,97.44,97.68,97.31,97.51,50552.0
2023-02-04 19:30:00+00:00,97.51,98.03,96.32,96.92,51179.0
2023-02-04 20:30:00+00:00,96.92,97.88,96.62,97.36,59174.0
2023-02-04 21:30:00+00:00,97.54,98.11,96.87,97.82,91988.0
2023-02-04 22:30:00+00:00,97.92,99.42,94.55,96.13,65550.0
2023-02-04 23:30:00+00:00,96.15,97.35,92.7,93.79,56822.0
2023-02-05 00:30:00+00:00,93.67,97.79,92.19,96.1,38469.0
2023-02-05 01:30:00+00:00,96.13,96.64,94.71,95.27,29392.0
2023-02-05 02:30:00+00:00,95.29,99.79,92.92,97.81,49587.0
2023-02-05 03:30:00+00:00,98.08,98.45,97.76,98.0,15347.0
2023-02-05 04:30:00+00:00,98.1,99.97,90.54,94.0,46658.0
2023-02-05 05:30:00+00:00,93.81,94.76,93.32,94.38,65037.0
2023-02-05 06:30:00+00:00,94.38,95.2,92.09,93.08,86698.0
2023-02-05 07:30:00+00:00,93.13,95.59,88.48,89.88,52189.0
2023-02-05 08:30:00+00:00,89.66,90.22,89.22,89.83,85360.0
2023-02-05 09:30:00+00:00,90.05,90.88,87.19,88.26,85946.0
2023-02-05 10:30:00+00:00,88.12,88.31,87.78,87.93,49081.0
2023-02-05 11:30:00+00:00,87.99,90.27,87.36,89.45,70105.0
2023-02-05 12:30:00+00:00,89.66,91.44,89.2,90.49,26379.0
2023-02-05 13:30:00+00:00,90.6,90.91,90.35,90.51,44252.0
2023-02-05 14:30:00+00:00,90.5,90.86,90.13,90.57,57568.0
2023-02-05 15:30:00+00:00,90.56,90.95,90.36,90.64,18097.0
2023-02-05 16:30:00+00:00,90.87,91.49,89.05,89.66,36988.0
2023-02-05 17:30:00+00:00,89.8,91.17,87.06,88.21,37860.0
2023-02-05 18:30:00+00:00,88.18,88.99,87.12,87.52,62517.0
2023-02-05 19:30:00+00:00,87.56,87.81,87.34,87.63,27651.0
2023-02-05 20:30:00+00:00,87.6,88.52,85.26,86.47,21632.0
2023-02-05 21:30:00+00:00,86.32,86.92,85.55,86.05,57844.0
2023-02-05 22:30:00+00:00,86.28,86.62,85.4,85.97,53314.0
2023-02-05 23:30:00+00:00,86.13,87.57,83.97,84.64,41488.0
2023-02-06 00:30:00+00:00,84.59,86.48,84.07,85.92,67453.0
2023-02-06 01:30:00+00:00,85.78,88.49,84.35,87.52,47207.0
2023-02-06 02:30:00+00:00,87.59,87.95,87.36,87.66,32536.0
2023-02-06 03:30:00+00:00,87.53,88.61,85.4,86.28,69799.0
2023-02-06 04:30:00+00:00,86.17,87.18,82.11,83.63,43963.0
2023-02-06 05:30:00+00:00,83.57,86.33,78.68,80.36,80416.0
2023-02-06 06:30:00+00:00,80.24,82.91,79.27,81.7,56459.0
2023-02-06 07:30:00+00:00,81.6,82.17,81.15,81.86,34959.0
2023-02-06 08:30:00+00:00,81.9,82.3,80.6,81.0,142697.0
2023-02-06 09:30:00+00:00,80.98,82.26,77.31,79.06,32107.0
2023-02-06 10:30:00+00:00,78.99,79.23,78.38,78.74,120976.0
2023-02-06 11:30:00+00:00,78.72,80.84,77.67,79.77,121839.0
2023-02-06 12:30:00+00:00,79.67,80.39,79.17,80.05,101368.0
2023-02-06 13:30:00+00:00,80.08,81.21,77.34,78.67,30871.0
2023-02-06 14:30:00+00:00,78.36,84.72,75.32,82.3,54056.0
2023-02-06 15:30:00+00:00,82.35,83.38,81.69,82.86,42749.0
2023-02-06 16:30:00+00:00,82.85,84.08,79.72,81.15,42534.0
2023-02-06 17:30:00+00:00,80.99,82.17,80.56,81.53,21589.0
2023-02-06 18:30:00+00:00,81.53,82.28,81.29,81.93,53306.0
2023-02-06 19:30:00+00:00,81.87,83.55,81.15,82.76,35548.0
2023-02-06 20:30:00+00:00,82.81,83.52,82.46,83.12,29194.0
2023-02-06 21:30:00+00:00,82.94,83.74,79.86,81.46,48725.0
2023-02-06 22:30:00+00:00,81.41,82.24,80.95,81.84,34793.0
2023-02-06 23:30:00+00:00,81.69,82.46,80.1,80.74,38743.0
2023-02-07 00:30:00+00:00,80.87,81.09,80.33,80.82,89599.0
2023-02-07 01:30:00+00:00,80.8,80.91,80.56,80.67,15861.0
2023-02-07 02:30:00+00:00,80.68,81.93,79.97,81.42,77588.0
2023-02-07 03:30:00+00:00,81.51,81.98,81.19,81.63,60719.0
2023-02-07 04:30:00+00:00,81.72,82.08,80.79,81.14,45832.0
2023-02-07 05:30:00+00:00,81.28,86.38,78.79,84.43,29593.0
2023-02-07 06:30:00+00:00,84.53,85.41,83.44,83.93,140926.0
2023-02-07 07:30:00+00:00,83.92,84.58,82.84,83.39,81373.0
2023-02-07 08:30:00+00:00,83.5,84.26,83.22,83.9,58778.0
2023-02-07 09:30:00+00:00,83.88,84.99,83.54,84.47,32569.0
2023-02-07 10:30:00+00:00,84.2,87.0,83.05,85.69,40242.0
2023-02-07 11:30:00+00:00,85.73,86.77,82.34,83.73,72036.0
2023-02-07 12:30:00+00:00,83.86,85.06,82.44,82.95,107301.0
2023-02-07 13:30:00+00:00,83.07,85.46,81.69,84.3,80208.0
2023-02-07 14:30:00+00:00,84.42,84.86,84.1,84.59,58218.0
2023-02-07 15:30:00+00:00,84.66,85.53,84.13,84.9,88124.0
2023-02-07 16:30:00+00:00,84.79,85.61,81.82,82.99,110686.0
2023-02-07 17:30:00+00:00,82.62,83.18,80.45,81.11,25292.0
2023-02-07 18:30:00+00:00,81.12,81.99,79.33,80.01,90935.0
2023-02-07 19:30:00+00:00,80.22,80.47,80.04,80.21,68054.0
2023-02-07 20:30:00+00:00,80.29,81.83,79.52,81.11,23946.0
2023-02-07 21:30:00+00:00,81.22,82.89,80.81,82.15,38327.0
2023-02-07 22:30:00+00:00,82.25,83.16,78.81,79.72,34500.0
2023-02-07 23:30:00+00:00,79.87,80.07,79.36,79.56,115608.0
2023-02-08 00:30:00+00:00,79.66,79.77,79.39,79.57,49408.0
2023-02-08 01:30:00+00:00,79.53,80.11,78.44,78.99,32000.0
2023-02-08 02:30:00+00:00,79.14,79.67,77.57,78.43,9815.0
2023-02-08 03:30:00+00:00,78.44,79.15,76.2,77.07,51489.0
2023-02-08 04:30:00+00:00,77.11,77.6,76.08,76.56,48305.0
2023-02-08 05:30:00+00:00,76.35,77.39,71.69,73.75,29701.0
2023-02-08 06:30:00+00:00,73.84,75.99,72.77,75.12,87365.0
2023-02-08 07:30:00+00:00,75.01,75.6,74.66,75.27,62678.0
2023-02-08 08:30:00+00:00,75.25,78.58,74.2,76.9,58959.0
2023-02-08 09:30:00+00:00,76.87,77.54,75.02,75.85,41097.0
2023-02-08 10:30:00+00:00,75.95,77.94,72.75,73.78,72713.0
2023-02-08 11:30:00+00:00,73.71,77.46,72.9,75.76,33395.0
2023-02-08 12:30:00+00:00,75.88,77.99,72.19,73.18,31090.0
2023-02-08 13:30:00+00:00,73.22,74.02,70.77,71.72,43843.0
2023-02-08 14:30:00+00:00,71.7,72.99,71.17,72.48,57014.0
2023-02-08 15:30:00+00:00,72.7,74.56,71.42,73.99,44947.0
2023-02-08 16:30:00+00:00,73.93,74.57,72.55,73.12,78033.0
2023-02-08 17:30:00+00:00,73.17,73.53,72.37,72.8,50369.0
2023-02-08 18:30:00+00:00,72.86,73.32,72.19,72.42,55499.0
2023-02-08 19:30:00+00:00,72.37,73.39,71.88,72.93,64282.0
2023-02-08 20:30:00+00:00,72.86,73.33,70.93,71.86,98137.0
2023-02-08 21:30:00+00:00,71.88,72.84,71.53,72.45,33124.0
2023-02-08 22:30:00+00:00,72.61,74.24,72.0,73.37,66882.0
2023-02-08 23:30:00+00:00,73.37,73.78,72.92,73.18,60826.0
2023-02-09 00:30:00+00:00,73.14,73.43,72.88,73.21,110901.0
2023-02-09 01:30:00+00:00,73.39,76.9,71.76,75.77,22454.0
2023-02-09 02:30:00+00:00,75.61,76.49,75.28,76.06,35507.0
2023-02-09 03:30:00+00:00,76.07,76.52,74.98,75.51,59269.0
2023-02-09 04:30:00+00:00,75.65,77.48,75.13,76.71,36845.0
2023-02-09 05:30:00+00:00,76.82,78.81,75.39,78.09,41520.0
2023-02-09 06:30:00+00:00,78.19,79.22,76.62,77.18,118220.0
2023-02-09 07:30:00+00:00,77.25,78.63,74.58,75.98,52764.0
2023-02-09 08:30:00+00:00,75.9,79.19,75.18,77.63,23291.0
2023-02-09 09:30:00+00:00,77.31,79.72,75.81,79.03,45828.0
2023-02-09 10:30:00+00:00,79.04,82.02,77.48,80.59,33861.0
2023-02-09 11:30:00+00:00,80.82,84.14,79.84,82.61,43946.0
2023-02-09 12:30:00+00:00,82.7,83.32,80.5,81.12,45464.0
2023-02-09 13:30:00+00:00,81.01,81.78,78.27,79.08,71311.0
2023-02-09 14:30:00+00:00,79.02,81.51,78.07,80.26,48574.0
2023-02-09 15:30:00+00:00,80.13,82.0,79.24,81.39,28698.0
2023-02-09 16:30:00+00:00,81.45,81.74,81.27,81.56,40433.0
2023-02-09 17:30:00+00:00,81.59,83.15,80.5,82.43,45273.0
2023-02-09 18:30:00+00:00,82.55,83.18,80.71,81.45,34235.0
2023-02-09 19:30:00+00:00,81.1,81.92,79.43,80.16,63988.0
2023-02-09 20:30:00+00:00,80.02,80.14,79.81,79.99,53392.0
2023-02-09 21:30:00+00:00,79.83,81.01,79.41,80.47,50099.0
2023-02-09 22:30:00+00:00,80.71,81.76,80.27,81.2,118613.0
2023-02-09 23:30:00+00:00,81.23,81.81,80.62,81.03,33186.0
2023-02-10 00:30:00+00:00,80.85,82.44,80.23,81.74,69180.0
2023-02-10 01:30:00+00:00,81.75,84.54,80.51,83.23,40787.0
2023-02-10 02:30:00+00:00,83.3,84.26,82.8,83.81,32678.0
2023-02-10 03:30:00+00:00,83.73,84.46,82.63,83.15,29278.0
2023-02-10 04:30:00+00:00,83.33,86.19,82.42,85.28,192848.0
2023-02-10 05:30:00+00:00,85.45,86.45,81.87,83.75,42770.0
2023-02-10 06:30:00+00:00,83.74,84.23,83.34,83.97,72253.0
2023-02-10 07:30:00+00:00,83.81,88.31,82.28,86.4,72932.0
2023-02-10 08:30:00+00:00,86.5,91.32,85.31,89.65,61167.0
2023-02-10 09:30:00+00:00,89.78,93.72,88.89,91.84,61115.0
2023-02-10 10:30:00+00:00,91.9,92.64,90.5,91.21,45776.0
2023-02-10 11:30:00+00:00,91.2,93.42,87.32,88.77,31858.0
2023-02-10 12:30:00+00:00,88.86,89.37,87.74,88.1,83144.0
2023-02-10 13:30:00+00:00,88.07,88.23,87.8,88.02,43605.0
2023-02-10 14:30:00+00:00,87.96,88.55,87.47,88.16,27445.0
2023-02-10 15:30:00+00:00,88.23,88.81,86.1,86.8,49766.0
2023-02-10 16:30:00+00:00,86.69,87.22,85.59,86.11,69400.0
2023-02-10 17:30:00+00:00,85.83,86.85,85.43,86.39,22106.0
2023-02-10 18:30:00+00:00,86.44,86.8,86.16,86.47,33349.0
2023-02-10 19:30:00+00:00,86.52,89.38,85.48,88.18,35111.0
2023-02-10 20:30:00+00:00,88.37,89.61,87.91,88.95,31714.0
2023-02-10 21:30:00+00:00,89.03,90.32,87.98,89.76,125110.0
2023-02-10 22:30:00+00:00,89.86,90.52,88.29,89.05,59739.0
2023-02-10 23:30:00+00:00,89.06,89.49,88.63,89.16,43232.0
2023-02-11 00:30:00+00:00,89.15,90.35,85.2,86.59,26568.0
2023-02-11 01:30:00+00:00,86.57,87.09,85.58,86.06,93904.0
2023-02-11 02:30:00+00:00,85.88,87.48,82.52,84.02,42877.0
2023-02-11 03:30:00+00:00,84.07,84.4,83.7,84.22,39223.0
2023-02-11 04:30:00+00:00,84.03,85.81,83.31,84.93,45299.0
2023-02-11 05:30:00+00:00,84.88,85.47,84.46,85.1,53753.0
2023-02-11 06:30:00+00:00,85.01,88.99,84.08,87.09,56060.0
2023-02-11 07:30:00+00:00,87.29,87.85,85.7,86.21,91936.0
2023-02-11 08:30:00+00:00,86.26,86.4,85.95,86.1,34275.0
2023-02-11 09:30:00+00:00,86.02,86.48,84.83,85.39,65860.0
2023-02-11 10:30:00+00:00,85.39,85.88,84.56,84.98,67358.0
2023-02-11 11:30:00+00:00,85.21,87.8,84.23,86.71,56891.0
2023-02-11 12:30:00+00:00,86.81,88.54,84.03,84.93,38027.0
2023-02-11 13:30:00+00:00,85.21,88.6,83.68,87.08,38641.0
2023-02-11 14:30:00+00:00,87.13,89.71,86.47,88.9,26850.0
2023-02-11 15:30:00+00:00,88.99,90.45,88.17,89.7,35272.0
2023-02-11 16:30:00+00:00,89.59,90.09,88.94,89.24,33192.0
2023-02-11 17:30:00+00:00,89.16,90.27,88.57,89.58,74559.0
2023-02-11 18:30:00+00:00,89.67,90.32,88.68,89.06,55515.0
2023-02-11 19:30:00+00:00,88.89,92.18,87.67,91.07,98977.0
2023-02-11 20:30:00+00:00,91.05,92.44,88.67,89.55,71652.0
2023-02-11 21:30:00+00:00,89.54,90.49,87.54,88.25,47440.0
2023-02-11 22:30:00+00:00,88.23,88.58,88.02,88.32,45483.0
2023-02-11 23:30:00+00:00,88.02,90.64,82.72,85.06,47582.0
2023-02-12 00:30:00+00:00,85.08,88.55,83.91,86.98,25024.0
2023-02-12 01:30:00+00:00,87.02,87.56,86.15,86.57,47385.0
2023-02-12 02:30:00+00:00,86.67,88.52,86.06,87.58,38884.0
2023-02-12 03:30:00+00:00,87.84,88.06,87.52,87.82,33869.0
2023-02-12 04:30:00+00:00,87.57,89.26,84.72,85.53,39546.0
2023-02-12 05:30:00+00:00,85.65,85.8,85.47,85.6,27723.0
2023-02-12 06:30:00+00:00,85.29,86.64,84.59,86.16,53137.0
2023-02-12 07:30:00+00:00,86.03,87.04,83.74,84.64,25446.0
2023-02-12 08:30:00+00:00,84.67,85.29,82.59,83.37,167516.0
2023-02-12 09:30:00+00:00,83.5,84.62,81.4,82.07,45012.0
2023-02-12 10:30:00+00:00,81.97,83.82,81.18,83.05,64832.0
2023-02-12 11:30:00+00:00,83.18,83.84,80.83,81.5,18837.0
2023-02-12 12:30:00+00:00,81.55,82.51,79.71,80.4,53104.0
2023-02-12 13:30:00+00:00,80.41,80.61,80.01,80.3,50155.0
2023-02-12 14:30:00+00:00,80.25,80.8,79.89,80.45,33993.0
2023-02-12 15:30:00+00:00,80.24,80.68,79.18,79.73,25909.0
2023-02-12 16:30:00+00:00,79.79,82.32,78.3,81.64,43804.0
2023-02-12 17:30:00+00:00,81.59,84.49,79.57,83.65,70841.0
2023-02-12 18:30:00+00:00,83.94,85.25,81.01,82.07,64541.0
2023-02-12 19:30:00+00:00,82.0,86.04,80.62,84.33,64107.0
2023-02-12 20:30:00+00:00,84.43,85.4,83.87,84.93,22917.0
2023-02-12 21:30:00+00:00,84.81,86.79,83.57,85.79,51746.0
2023-02-12 22:30:00+00:00,85.67,87.61,84.94,86.81,83384.0
2023-02-12 23:30:00+00:00,86.87,88.69,84.13,85.02,34744.0
2023-02-13 00:30:00+00:00,85.07,85.86,82.56,83.41,61503.0
2023-02-13 01:30:00+00:00,83.41,84.41,82.96,84.01,65071.0
2023-02-13 02:30:00+00:00,84.05,84.85,82.17,83.1,42622.0
2023-02-13 03:30:00+00:00,83.23,88.91,80.48,86.64,35395.0
2023-02-13 04:30:00+00:00,86.83,87.44,85.17,86.06,68139.0
2023-02-13 05:30:00+00:00,86.14,88.28,85.32,87.29,47635.0
2023-02-13 06:30:00+00:00,87.18,88.41,84.79,86.02,29905.0
2023-02-13 07:30:00+00:00,86.29,90.43,84.53,88.87,50005.0
2023-02-13 08:30:00+00:00,89.04,92.27,87.0,91.43,28747.0
2023-02-13 09:30:00+00:00,91.6,92.61,87.34,89.39,10838.0
2023-02-13 10:30:00+00:00,89.41,90.4,89.11,89.88,42940.0
2023-02-13 11:30:00+00:00,89.76,90.27,89.5,90.01,35527.0
2023-02-13 12:30:00+00:00,90.11,92.99,88.83,92.15,60118.0
2023-02-13 13:30:00+00:00,92.35,94.63,86.63,88.86,48677.0
2023-02-13 14:30:00+00:00,88.71,89.16,88.01,88.42,53651.0
2023-02-13 15:30:00+00:00,88.49,90.9,87.18,89.6,73761.0
2023-02-13 16:30:00+00:00,89.59,90.1,88.74,89.09,31812.0
2023-02-13 17:30:00+00:00,88.81,89.22,87.55,88.17,46431.0
2023-02-13 18:30:00+00:00,88.11,88.93,85.06,86.16,13517.0
2023-02-13 19:30:00+00:00,85.87,87.17,85.04,86.55,95870.0
2023-02-13 20:30:00+00:00,86.43,86.94,85.82,86.18,13242.0
2023-02-13 21:30:00+00:00,85.99,86.85,82.93,84.2,42247.0
2023-02-13 22:30:00+00:00,83.97,84.65,83.44,84.27,34658.0
2023-02-13 23:30:00+00:00,84.06,84.51,82.42,83.25,169495.0
2023-02-14 00:30:00+00:00,83.19,83.67,82.94,83.49,43691.0
2023-02-14 01:30:00+00:00,83.42,84.81,82.72,84.31,66411.0
2023-02-14 02:30:00+00:00,84.42,86.81,83.79,85.62,32313.0
2023-02-14 03:30:00+00:00,85.64,86.46,85.2,85.97,38300.0
2023-02-14 04:30:00+00:00,86.24,87.01,83.53,84.56,43941.0
2023-02-14 05:30:00+00:00,84.57,85.33,83.56,84.18,48329.0
2023-02-14 06:30:00+00:00,84.25,84.65,82.8,83.6,22628.0
2023-02-14 07:30:00+00:00,83.69,85.38,82.64,84.81,19698.0
2023-02-14 08:30:00+00:00,84.82,85.33,83.26,83.8,53712.0
2023-02-14 09:30:00+00:00,83.77,86.53,82.66,85.66,19958.0
2023-02-14 10:30:00+00:00,85.68,85.89,85.31,85.52,23220.0
2023-02-14 11:30:00+00:00,85.43,86.73,84.86,86.29,241604.0
2023-02-14 12:30:00+00:00,86.34,87.29,84.7,85.6,58514.0
2023-02-14 13:30:00+00:00,85.4,88.24,84.69,87.12,74782.0
2023-02-14 14:30:00+00:00,87.34,88.42,85.68,86.24,38907.0
2023-02-14 15:30:00+00:00,86.25,89.52,85.44,88.32,52067.0
2023-02-14 16:30:00+00:00,88.24,89.13,87.59,88.79,38989.0
2023-02-14 17:30:00+00:00,88.65,90.63,87.39,89.77,34068.0
2023-02-14 18:30:00+00:00,89.63,91.0,89.02,90.46,26199.0
2023-02-14 19:30:00+00:00,90.5,91.11,88.61,89.27,91909.0
2023-02-14 20:30:00+00:00,89.26,92.84,87.87,91.1,68922.0
2023-02-14 21:30:00+00:00,90.86,91.88,87.38,88.9,25652.0
2023-02-14 22:30:00+00:00,88.95,89.08,88.77,88.95,86371.0
2023-02-14 23:30:00+00:00,88.93,90.69,88.16,89.93,52747.0
2023-02-15 00:30:00+00:00,90.04,92.42,89.35,91.26,43514.0
2023-02-15 01:30:00+00:00,91.06,91.97,89.91,90.3,31407.0
2023-02-15 02:30:00+00:00,90.34,91.08,88.94,89.53,55401.0
2023-02-15 03:30:00+00:00,89.57,90.15,88.54,89.13,37570.0
2023-02-15 04:30:00+00:00,89.3,90.57,86.88,87.67,41765.0
2023-02-15 05:30:00+00:00,87.64,88.39,86.71,87.24,27918.0
2023-02-15 06:30:00+00:00,87.33,88.32,84.83,85.96,50903.0
2023-02-15 07:30:00+00:00,85.99,86.98,85.61,86.48,82785.0
2023-02-15 08:30:00+00:00,86.27,86.41,85.78,86.12,28229.0
2023-02-15 09:30:00+00:00,86.31,87.03,83.68,84.95,26188.0
2023-02-15 10:30:00+00:00,84.83,86.08,83.3,83.88,37937.0
2023-02-15 11:30:00+00:00,83.98,84.09,83.83,83.95,23771.0
2023-02-15 12:30:00+00:00,84.07,85.33,81.92,82.8,43081.0
2023-02-15 13:30:00+00:00,83.02,83.82,79.01,80.96,55063.0
2023-02-15 14:30:00+00:00,81.04,82.02,78.55,79.51,78379.0
2023-02-15 15:30:00+00:00,79.41,79.96,79.2,79.67,64643.0
2023-02-15 16:30:00+00:00,79.64,80.73,75.17,77.42,45342.0
2023-02-15 17:30:00+00:00,77.31,77.76,77.07,77.41,71164.0
2023-02-15 18:30:00+00:00,77.44,79.1,76.73,78.27,34889.0
2023-02-15 19:30:00+00:00,78.01,78.81,76.69,77.41,66260.0
2023-02-15 20:30:00+00:00,77.42,78.08,76.49,76.93,39557.0
2023-02-15 21:30:00+00:00,76.81,78.32,73.59,75.09,53021.0
2023-02-15 22:30:00+00:00,75.31,76.66,73.3,73.86,35494.0
2023-02-15 23:30:00+00:00,73.85,74.16,72.63,73.09,26475.0
2023-02-16 00:30:00+00:00,73.02,73.82,72.35,73.34,56010.0
2023-02-16 01:30:00+00:00,73.15,73.47,72.12,72.78,31198.0
2023-02-16 02:30:00+00:00,72.62,73.14,70.75,71.42,120548.0
2023-02-16 03:30:00+00:00,71.26,72.0,70.23,70.7,61268.0
2023-02-16 04:30:00+00:00,70.73,72.14,68.46,69.28,36440.0
2023-02-16 05:30:00+00:00,69.2,71.7,68.44,71.0,64936.0
2023-02-16 06:30:00+00:00,71.09,71.63,69.48,70.19,56488.0
2023-02-16 07:30:00+00:00,70.22,72.32,68.7,71.71,54813.0
2023-02-16 08:30:00+00:00,71.77,73.22,68.34,69.89,99667.0
2023-02-16 09:30:00+00:00,69.94,70.69,67.83,68.75,101489.0
2023-02-16 10:30:00+00:00,68.79,71.38,67.81,70.14,33768.0
2023-02-16 11:30:00+00:00,70.21,70.78,69.34,69.73,40496.0
2023-02-16 12:30:00+00:00,69.79,73.9,68.8,71.92,34439.0
2023-02-16 13:30:00+00:00,72.1,73.37,71.47,72.71,76919.0
2023-02-16 14:30:00+00:00,72.65,75.37,71.39,74.15,40826.0
2023-02-16 15:30:00+00:00,74.34,75.89,70.64,72.32,70158.0
2023-02-16 16:30:00+00:00,72.41,72.63,72.06,72.43,39460.0
2023-02-16 17:30:00+00:00,72.32,72.53,71.45,71.96,22013.0
2023-02-16 18:30:00+00:00,71.94,74.92,70.59,73.63,44106.0
2023-02-16 19:30:00+00:00,73.63,74.18,72.5,73.04,77412.0
2023-02-16 20:30:00+00:00,73.01,73.22,72.74,72.96,30242.0
2023-02-16 21:30:00+00:00,72.76,73.62,71.4,71.97,55386.0
2023-02-16 22:30:00+00:00,71.92,73.64,68.73,70.08,17784.0
2023-02-16 23:30:00+00:00,70.28,70.81,70.04,70.61,48573.0
2023-02-17 00:30:00+00:00,70.77,71.54,69.22,70.1,32942.0
2023-02-17 01:30:00+00:00,70.15,70.64,69.56,70.35,49682.0
2023-02-17 02:30:00+00:00,70.38,71.3,68.59,69.18,50761.0
2023-02-17 03:30:00+00:00,69.14,69.34,68.77,68.98,37450.0
2023-02-17 04:30:00+00:00,69.01,70.16,66.85,67.95,124951.0
2023-02-17 05:30:00+00:00,67.94,68.59,66.84,67.28,38293.0
2023-02-17 06:30:00+00:00,67.33,67.45,67.14,67.3,86929.0
2023-02-17 07:30:00+00:00,67.33,68.16,65.91,66.6,111599.0
2023-02-17 08:30:00+00:00,66.68,67.5,66.22,67.02,92081.0
2023-02-17 09:30:00+00:00,67.0,67.57,64.61,65.71,29302.0
2023-02-17 10:30:00+00:00,65.7,66.11,64.82,65.15,24555.0
2023-02-17 11:30:00+00:00,65.13,67.31,64.12,66.31,18111.0
2023-02-17 12:30:00+00:00,66.21,66.81,65.03,65.43,47772.0
2023-02-17 13:30:00+00:00,65.4,66.46,62.01,63.54,76920.0
2023-02-17 14:30:00+00:00,63.49,65.52,62.59,64.6,41893.0
2023-02-17 15:30:00+00:00,64.58,64.83,64.1,64.32,75576.0
2023-02-17 16:30:00+00:00,64.37,64.9,62.64,63.17,18742.0
2023-02-17 17:30:00+00:00,63.18,63.93,60.85,61.92,91741.0
2023-02-17 18:30:00+00:00,61.92,62.84,61.62,62.3,84919.0
2023-02-17 19:30:00+00:00,62.34,62.79,60.24,61.08,97756.0
2023-02-17 20:30:00+00:00,61.03,62.2,58.78,59.37,29303.0
2023-02-17 21:30:00+00:00,59.45,60.18,59.13,59.79,43437.0
2023-02-17 22:30:00+00:00,59.79,60.08,59.67,59.85,55037.0
2023-02-17 23:30:00+00:00,59.78,60.67,59.18,60.24,55749.0
2023-02-18 00:30:00+00:00,60.24,60.77,58.95,59.59,38887.0
2023-02-18 01:30:00+00:00,59.69,59.96,59.53,59.8,113286.0
2023-02-18 02:30:00+00:00,59.9,60.4,57.83,58.78,21411.0
2023-02-18 03:30:00+00:00,58.77,59.19,57.87,58.32,39735.0
2023-02-18 04:30:00+00:00,58.19,58.51,58.0,58.34,74969.0
2023-02-18 05:30:00+00:00,58.39,58.53,58.23,58.42,38321.0
2023-02-18 06:30:00+00:00,58.33,60.0,57.65,59.29,79930.0
2023-02-18 07:30:00+00:00,59.2,60.61,58.48,59.9,158692.0
2023-02-18 08:30:00+00:00,59.77,60.41,58.11,58.99,61313.0
2023-02-18 09:30:00+00:00,58.95,59.32,58.1,58.41,60017.0
2023-02-18 10:30:00+00:00,58.48,59.48,57.94,58.99,70193.0
2023-02-18 11:30:00+00:00,59.04,61.06,58.36,60.1,36096.0
2023-02-18 12:30:00+00:00,60.15,60.86,59.9,60.53,37950.0
2023-02-18 13:30:00+00:00,60.59,60.93,59.69,60.15,43722.0
2023-02-18 14:30:00+00:00,59.92,60.72,59.56,60.37,23670.0
2023-02-18 15:30:00+00:00,60.57,62.39,60.07,61.44,36870.0
2023-02-18 16:30:00+00:00,61.48,63.2,60.43,62.73,27317.0
2023-02-18 17:30:00+00:00,62.75,63.45,61.64,62.21,28232.0
2023-02-18 18:30:00+00:00,62.13,62.61,60.5,61.32,33568.0
2023-02-18 19:30:00+00:00,61.38,61.52,61.15,61.39,67693.0
2023-02-18 20:30:00+00:00,61.47,61.88,60.46,60.85,56037.0
2023-02-18 21:30:00+00:00,61.03,61.32,60.53,60.87,46667.0
2023-02-18 22:30:00+00:00,60.75,61.38,59.47,60.09,35175.0
2023-02-18 23:30:00+00:00,60.04,60.84,59.55,60.4,49238.0
2023-02-19 00:30:00+00:00,60.36,61.47,59.8,60.89,60505.0
2023-02-19 01:30:00+00:00,60.84,63.34,60.35,62.28,36570.0
2023-02-19 02:30:00+00:00,62.24,64.02,61.57,63.5,48749.0
2023-02-19 03:30:00+00:00,63.43,64.1,62.88,63.74,81854.0
2023-02-19 04:30:00+00:00,63.72,64.22,62.56,62.92,49329.0
2023-02-19 05:30:00+00:00,62.83,64.41,61.92,63.75,79310.0
2023-02-19 06:30:00+00:00,63.77,64.19,62.6,63.16,61004.0
2023-02-19 07:30:00+00:00,63.19,63.8,61.36,61.84,39340.0
2023-02-19 08:30:00+00:00,61.91,62.32,61.2,61.57,56371.0
2023-02-19 09:30:00+00:00,61.74,62.69,59.78,60.34,28737.0
2023-02-19 10:30:00+00:00,60.47,62.84,59.41,62.04,66436.0
2023-02-19 11:30:00+00:00,62.04,63.52,61.19,63.03,69157.0
2023-02-19 12:30:00+00:00,62.99,65.51,62.19,64.28,82991.0
2023-02-19 13:30:00+00:00,64.34,64.7,63.39,63.8,47617.0
2023-02-19 14:30:00+00:00,63.74,63.91,63.45,63.61,44811.0
2023-02-19 15:30:00+00:00,63.59,63.82,63.5,63.73,67872.0
2023-02-19 16:30:00+00:00,63.72,64.06,62.7,63.25,61002.0
2023-02-19 17:30:00+00:00,63.22,63.5,63.01,63.2,16891.0
2023-02-19 18:30:00+00:00,63.17,63.89,62.92,63.52,26348.0
2023-02-19 19:30:00+00:00,63.53,64.15,62.45,62.76,37468.0
2023-02-19 20:30:00+00:00,62.64,62.81,62.44,62.63,96958.0
2023-02-19 21:30:00+00:00,62.65,64.44,61.81,63.74,53874.0
2023-02-19 22:30:00+00:00,63.73,63.98,63.39,63.81,56397.0
2023-02-19 23:30:00+00:00,63.77,65.18,60.77,62.07,36844.0
2023-02-20 00:30:00+00:00,62.13,62.8,60.55,61.14,68607.0
2023-02-20 01:30:00+00:00,61.16,61.61,59.67,60.43,56622.0
2023-02-20 02:30:00+00:00,60.52,60.79,59.24,59.94,47779.0
2023-02-20 03:30:00+00:00,59.77,60.62,59.36,60.05,68133.0
2023-02-20 04:30:00+00:00,60.05,60.61,58.45,59.18,49023.0
2023-02-20 05:30:00+00:00,59.23,61.66,58.24,60.51,40449.0
2023-02-20 06:30:00+00:00,60.53,60.86,60.11,60.25,69590.0
2023-02-20 07:30:00+00:00,60.32,60.92,60.19,60.63,26704.0
2023-02-20 08:30:00+00:00,60.5,60.87,58.98,59.78,24500.0
2023-02-20 09:30:00+00:00,59.8,60.79,56.24,57.89,54716.0
2023-02-20 10:30:00+00:00,57.96,58.57,57.78,58.24,50749.0
2023-02-20 11:30:00+00:00,58.1,59.67,57.43,58.88,40523.0
2023-02-20 12:30:00+00:00,58.86,60.19,58.48,59.7,48954.0
2023-02-20 13:30:00+00:00,59.44,59.76,59.2,59.55,38810.0
2023-02-20 14:30:00+00:00,59.48,60.08,59.13,59.66,80322.0
2023-02-20 15:30:00+00:00,59.71,60.17,58.17,58.87,86762.0
2023-02-20 16:30:00+00:00,58.78,59.45,56.79,57.42,39832.0
2023-02-20 17:30:00+00:00,57.33,57.67,57.11,57.44,38666.0
2023-02-20 18:30:00+00:00,57.51,58.21,57.1,57.82,76050.0
2023-02-20 19:30:00+00:00,57.77,58.59,57.52,58.17,38119.0
2023-02-20 20:30:00+00:00,58.12,59.58,57.57,58.87,79337.0
2023-02-20 21:30:00+00:00,58.87,60.47,58.14,59.69,39383.0
2023-02-20 22:30:00+00:00,59.84,60.64,59.47,60.36,36037.0
2023-02-20 23:30:00+00:00,60.3,61.31,59.94,61.01,54873.0
2023-02-21 00:30:00+00:00,60.98,61.52,60.66,61.2,38155.0
2023-02-21 01:30:00+00:00,61.0,61.38,60.26,60.64,47245.0
2023-02-21 02:30:00+00:00,60.63,61.24,57.28,58.82,38138.0
2023-02-21 03:30:00+00:00,58.97,59.22,58.83,58.97,41162.0
2023-02-21 04:30:00+00:00,58.89,60.95,58.08,60.17,74873.0
2023-02-21 05:30:00+00:00,60.22,61.09,59.94,60.58,65180.0
2023-02-21 06:30:00+00:00,60.56,63.34,59.52,62.36,104460.0
2023-02-21 07:30:00+00:00,62.49,63.52,62.09,63.03,45843.0
2023-02-21 08:30:00+00:00,63.04,64.31,60.0,61.19,72951.0
2023-02-21 09:30:00+00:00,61.04,62.7,60.36,62.25,102970.0
2023-02-21 10:30:00+00:00,62.12,62.44,61.14,61.5,102335.0
2023-02-21 11:30:00+00:00,61.39,61.99,61.11,61.52,43676.0
2023-02-21 12:30:00+00:00,61.42,61.58,61.12,61.26,60611.0
2023-02-21 13:30:00+00:00,61.31,61.64,61.03,61.35,115527.0
2023-02-21 14:30:00+00:00,61.3,64.29,59.99,63.0,58316.0
2023-02-21 15:30:00+00:00,63.0,65.34,61.73,64.29,63228.0
2023-02-21 16:30:00+00:00,64.29,65.11,62.68,63.15,79122.0
2023-02-21 17:30:00+00:00,63.07,64.15,62.68,63.72,69519.0
2023-02-21 18:30:00+00:00,63.81,64.16,62.81,63.23,52140.0
2023-02-21 19:30:00+00:00,63.23,65.14,62.09,64.64,113504.0
2023-02-21 20:30:00+00:00,64.72,67.12,63.77,66.4,19039.0
2023-02-21 21:30:00+00:00,66.35,66.57,66.1,66.25,60149.0
2023-02-21 22:30:00+00:00,66.33,68.19,65.46,67.5,45826.0
2023-02-21 23:30:00+00:00,67.37,69.73,66.26,68.89,19271.0
2023-02-22 00:30:00+00:00,68.96,70.4,68.06,70.01,86571.0
2023-02-22 01:30:00+00:00,70.1,72.17,69.54,71.54,54830.0
2023-02-22 02:30:00+00:00,71.56,72.02,71.37,71.78,33391.0
2023-02-22 03:30:00+00:00,71.93,73.26,71.45,72.56,47495.0
2023-02-22 04:30:00+00:00,72.55,73.26,72.19,72.92,34846.0
2023-02-22 05:30:00+00:00,73.01,73.84,72.7,73.42,24686.0
2023-02-22 06:30:00+00:00,73.42,74.31,73.15,73.82,36955.0
2023-02-22 07:30:00+00:00,73.69,75.37,70.48,71.93,65464.0
2023-02-22 08:30:00+00:00,71.86,72.43,71.56,72.12,120552.0
2023-02-22 09:30:00+00:00,72.18,74.58,70.82,73.66,73904.0
2023-02-22 10:30:00+00:00,73.9,75.19,71.75,72.6,25460.0
2023-02-22 11:30:00+00:00,72.7,73.04,72.2,72.4,32786.0
2023-02-22 12:30:00+00:00,72.19,73.64,68.55,69.54,28848.0
2023-02-22 13:30:00+00:00,69.68,70.61,69.38,70.16,81534.0
2023-02-22 14:30:00+00:00,70.12,70.79,69.61,70.5,96144.0
2023-02-22 15:30:00+00:00,70.54,72.59,69.94,71.67,32929.0
2023-02-22 16:30:00+00:00,71.64,74.51,70.69,73.55,56184.0
2023-02-22 17:30:00+00:00,73.44,74.01,72.15,72.85,105889.0
2023-02-22 18:30:00+00:00,72.92,73.75,71.66,72.3,48586.0
2023-02-22 19:30:00+00:00,72.28,74.01,71.55,73.09,38336.0
2023-02-22 20:30:00+00:00,72.93,73.05,72.62,72.75,30152.0
2023-02-22 21:30:00+00:00,72.68,74.08,72.2,73.64,84938.0
2023-02-22 22:30:00+00:00,73.66,74.73,71.04,72.01,44872.0
2023-02-22 23:30:00+00:00,71.93,72.29,71.56,71.87,27298.0
2023-02-23 00:30:00+00:00,71.79,72.24,70.17,70.87,51004.0
2023-02-23 01:30:00+00:00,70.92,72.49,68.31,69.39,61266.0
2023-02-23 02:30:00+00:00,69.47,69.92,69.13,69.65,62329.0
2023-02-23 03:30:00+00:00,69.71,70.12,67.79,68.61,16652.0
2023-02-23 04:30:00+00:00,68.6,69.17,67.77,68.09,66135.0
2023-02-23 05:30:00+00:00,68.02,68.24,67.34,67.65,52471.0
2023-02-23 06:30:00+00:00,67.7,68.85,63.38,64.87,65251.0
2023-02-23 07:30:00+00:00,64.82,66.27,64.5,65.56,65390.0
2023-02-23 08:30:00+00:00,65.48,66.11,64.99,65.9,87578.0
2023-02-23 09:30:00+00:00,65.68,66.62,65.43,66.11,79894.0
2023-02-23 10:30:00+00:00,65.87,66.22,65.56,65.79,44140.0
2023-02-23 11:30:00+00:00,65.84,68.54,65.16,67.19,36095.0
2023-02-23 12:30:00+00:00,67.1,67.86,66.78,67.52,95500.0
2023-02-23 13:30:00+00:00,67.6,68.32,65.6,66.47,52927.0
2023-02-23 14:30:00+00:00,66.38,67.37,66.09,66.88,85647.0
2023-02-23 15:30:00+00:00,66.69,68.73,65.47,68.06,39991.0
2023-02-23 16:30:00+00:00,68.03,68.39,67.57,67.98,45931.0
2023-02-23 17:30:00+00:00,68.0,68.21,67.8,67.94,25472.0
2023-02-23 18:30:00+00:00,67.84,69.02,67.44,68.44,25516.0
2023-02-23 19:30:00+00:00,68.48,69.81,67.71,69.26,39243.0
2023-02-23 20:30:00+00:00,69.06,70.2,68.55,69.76,34298.0
2023-02-23 21:30:00+00:00,69.77,70.18,69.08,69.44,33165.0
2023-02-23 22:30:00+00:00,69.28,70.98,68.2,70.16,54114.0
2023-02-23 23:30:00+00:00,69.98,70.25,69.76,69.98,39392.0
2023-02-24 00:30:00+00:00,69.93,70.1,69.54,69.73,67587.0
2023-02-24 01:30:00+00:00,69.65,71.62,69.01,71.04,70544.0
2023-02-24 02:30:00+00:00,71.04,71.45,70.55,70.74,37468.0
2023-02-24 03:30:00+00:00,70.91,71.48,69.26,69.9,107841.0
2023-02-24 04:30:00+00:00,69.88,71.0,69.03,70.49,46865.0
2023-02-24 05:30:00+00:00,70.55,71.1,68.48,69.55,94341.0
2023-02-24 06:30:00+00:00,69.54,71.31,68.67,70.78,32138.0
2023-02-24 07:30:00+00:00,70.72,71.1,70.51,70.9,27296.0
2023-02-24 08:30:00+00:00,70.99,72.86,70.14,72.02,52019.0
2023-02-24 09:30:00+00:00,71.93,72.32,71.71,72.06,32011.0
2023-02-24 10:30:00+00:00,71.95,72.78,70.3,71.0,30118.0
2023-02-24 11:30:00+00:00,70.89,72.55,65.66,68.07,83895.0
2023-02-24 12:30:00+00:00,68.01,68.89,66.33,67.15,62799.0
2023-02-24 13:30:00+00:00,67.17,69.04,66.25,68.31,20796.0
2023-02-24 14:30:00+00:00,68.32,68.91,67.11,67.82,88783.0
2023-02-24 15:30:00+00:00,67.79,69.52,67.28,68.72,27765.0
2023-02-24 16:30:00+00:00,68.87,70.21,67.99,69.85,53836.0
2023-02-24 17:30:00+00:00,69.98,71.05,66.64,68.13,57973.0
2023-02-24 18:30:00+00:00,68.14,68.75,67.38,67.69,62442.0
2023-02-24 19:30:00+00:00,67.65,67.9,67.23,67.55,34139.0
2023-02-24 20:30:00+00:00,67.53,70.37,66.58,69.02,31535.0
2023-02-24 21:30:00+00:00,68.98,71.83,67.75,70.66,56836.0
2023-02-24 22:30:00+00:00,70.57,70.95,69.38,69.89,21450.0
2023-02-24 23:30:00+00:00,70.04,70.92,69.24,70.58,70175.0
2023-02-25 00:30:00+00:00,70.66,71.4,70.35,70.92,21121.0
2023-02-25 01:30:00+00:00,70.9,71.51,68.74,69.75,58189.0
2023-02-25 02:30:00+00:00,69.8,71.71,68.89,70.9,62877.0
2023-02-25 03:30:00+00:00,70.86,74.52,69.78,72.73,18315.0
2023-02-25 04:30:00+00:00,72.68,73.47,70.63,71.58,45948.0
2023-02-25 05:30:00+00:00,71.57,72.71,71.09,72.28,87527.0
2023-02-25 06:30:00+00:00,72.35,73.23,70.54,71.52,40935.0
2023-02-25 07:30:00+00:00,71.55,73.15,70.59,72.66,198960.0
2023-02-25 08:30:00+00:00,72.56,74.58,71.97,73.86,105049.0
2023-02-25 09:30:00+00:00,73.68,74.04,73.16,73.46,63220.0
2023-02-25 10:30:00+00:00,73.4,73.9,73.0,73.25,61915.0
2023-02-25 11:30:00+00:00,73.54,75.57,72.47,75.03,42686.0
2023-02-25 12:30:00+00:00,75.17,75.58,74.22,74.79,60952.0
2023-02-25 13:30:00+00:00,74.89,76.75,73.75,75.99,86993.0
2023-02-25 14:30:00+00:00,76.24,77.09,72.23,74.0,16901.0
2023-02-25 15:30:00+00:00,74.03,75.28,71.51,72.35,22460.0
2023-02-25 16:30:00+00:00,72.2,74.95,71.28,73.49,43202.0
2023-02-25 17:30:00+00:00,73.52,74.12,73.29,73.72,30260.0
2023-02-25 18:30:00+00:00,73.74,74.21,72.81,73.35,24562.0
2023-02-25 19:30:00+00:00,73.33,73.95,70.91,72.09,26322.0
2023-02-25 20:30:00+00:00,72.31,72.61,72.02,72.27,28643.0
2023-02-25 21:30:00+00:00,72.41,73.56,69.27,70.76,13690.0
2023-02-25 22:30:00+00:00,70.77,71.32,70.14,70.52,35936.0
2023-02-25 23:30:00+00:00,70.64,71.46,70.14,71.14,71698.0
2023-02-26 00:30:00+00:00,71.09,71.47,70.19,70.76,56586.0
2023-02-26 01:30:00+00:00,70.75,72.05,67.99,69.01,94143.0
2023-02-26 02:30:00+00:00,68.92,69.64,66.17,67.2,61533.0
2023-02-26 03:30:00+00:00,67.25,67.84,66.26,66.64,35696.0
2023-02-26 04:30:00+00:00,66.63,68.08,63.47,64.32,29901.0
2023-02-26 05:30:00+00:00,64.37,65.74,64.01,64.99,54389.0
2023-02-26 06:30:00+00:00,64.98,65.93,63.7,64.19,143033.0
2023-02-26 07:30:00+00:00,64.19,64.55,62.73,63.47,42681.0
2023-02-26 08:30:00+00:00,63.3,63.8,62.67,63.01,69515.0
2023-02-26 09:30:00+00:00,63.1,64.06,61.58,62.17,49986.0
2023-02-26 10:30:00+00:00,62.11,64.32,61.24,63.32,31421.0
2023-02-26 11:30:00+00:00,63.32,63.65,61.88,62.57,93148.0
2023-02-26 12:30:00+00:00,62.67,63.56,60.25,61.33,22500.0
2023-02-26 13:30:00+00:00,61.24,62.59,60.41,62.2,45782.0
2023-02-26 14:30:00+00:00,62.21,62.76,60.88,61.44,73260.0
2023-02-26 15:30:00+00:00,61.34,63.34,60.8,62.72,14704.0
2023-02-26 16:30:00+00:00,62.75,63.56,62.27,63.3,68168.0
2023-02-26 17:30:00+00:00,63.29,63.93,62.23,62.78,78775.0
2023-02-26 18:30:00+00:00,62.7,62.93,62.59,62.77,63421.0
2023-02-26 19:30:00+00:00,62.67,63.18,60.86,61.72,90882.0
2023-02-26 20:30:00+00:00,61.81,62.93,59.86,60.58,42713.0
2023-02-26 21:30:00+00:00,60.73,62.25,60.0,61.51,22835.0
2023-02-26 22:30:00+00:00,61.41,61.81,60.63,61.1,58305.0
2023-02-26 23:30:00+00:00,61.22,61.39,60.64,60.85,113801.0
2023-02-27 00:30:00+00:00,61.05,61.65,59.93,60.33,50403.0
2023-02-27 01:30:00+00:00,60.26,60.51,60.1,60.37,86818.0
2023-02-27 02:30:00+00:00,60.41,60.62,59.79,60.03,52490.0
2023-02-27 03:30:00+00:00,59.97,60.3,59.68,60.02,21615.0
2023-02-27 04:30:00+00:00,60.08,60.25,59.85,60.01,137268.0
2023-02-27 05:30:00+00:00,60.01,62.32,58.91,61.17,41019.0
2023-02-27 06:30:00+00:00,61.17,61.53,60.19,60.69,31274.0
2023-02-27 07:30:00+00:00,60.77,60.97,60.19,60.56,55072.0
2023-02-27 08:30:00+00:00,60.62,60.86,60.43,60.64,101565.0
2023-02-27 09:30:00+00:00,60.65,61.07,58.84,59.78,115079.0
2023-02-27 10:30:00+00:00,59.8,60.5,59.32,60.2,39790.0
2023-02-27 11:30:00+00:00,60.01,60.29,59.86,60.07,18286.0
2023-02-27 12:30:00+00:00,60.13,60.8,59.04,59.54,38698.0
2023-02-27 13:30:00+00:00,59.54,60.31,58.32,58.83,111909.0
2023-02-27 14:30:00+00:00,58.82,58.95,58.61,58.73,21827.0
2023-02-27 15:30:00+00:00,58.72,59.07,58.4,58.9,45829.0
2023-02-27 16:30:00+00:00,59.03,59.43,58.84,59.25,39147.0
2023-02-27 17:30:00+00:00,59.22,60.19,58.85,59.87,46597.0
2023-02-27 18:30:00+00:00,59.8,60.34,59.26,59.57,49465.0
2023-02-27 19:30:00+00:00,59.55,61.47,58.87,60.76,73581.0
2023-02-27 20:30:00+00:00,60.86,60.95,60.8,60.85,53174.0
2023-02-27 21:30:00+00:00,60.73,62.73,60.14,61.85,43945.0
2023-02-27 22:30:00+00:00,61.91,62.48,61.29,61.55,83615.0
2023-02-27 23:30:00+00:00,61.51,63.11,60.71,62.59,37359.0
2023-02-28 00:30:00+00:00,62.56,62.76,62.42,62.66,72442.0
2023-02-28 01:30:00+00:00,62.56,62.92,61.73,62.0,58661.0
2023-02-28 02:30:00+00:00,62.01,62.51,61.19,61.64,63144.0
2023-02-28 03:30:00+00:00,61.62,62.05,61.18,61.86,71016.0
2023-02-28 04:30:00+00:00,61.8,62.68,59.85,60.38,31967.0
2023-02-28 05:30:00+00:00,60.49,60.81,60.29,60.6,38177.0
2023-02-28 06:30:00+00:00,60.65,62.02,57.38,58.86,63732.0
2023-02-28 07:30:00+00:00,58.81,59.33,58.67,59.04,105968.0
2023-02-28 08:30:00+00:00,58.96,59.44,57.65,58.32,43725.0
2023-02-28 09:30:00+00:00,58.28,58.79,56.3,57.28,26095.0
2023-02-28 10:30:00+00:00,57.32,57.63,56.56,56.81,80562.0
2023-02-28 11:30:00+00:00,56.8,58.54,55.97,57.91,34594.0
2023-02-28 12:30:00+00:00,58.09,60.31,57.61,59.4,60916.0
2023-02-28 13:30:00+00:00,59.19,59.34,58.75,59.1,47287.0
2023-02-28 14:30:00+00:00,59.0,61.43,58.34,60.39,34562.0
2023-02-28 15:30:00+00:00,60.37,61.04,60.04,60.69,35190.0
2023-02-28 16:30:00+00:00,60.73,63.06,59.5,62.3,14769.0
2023-02-28 17:30:00+00:00,62.19,62.69,61.88,62.42,69709.0
2023-02-28 18:30:00+00:00,62.49,63.64,61.99,63.13,23578.0
2023-02-28 19:30:00+00:00,63.1,63.61,61.59,62.21,54575.0
2023-02-28 20:30:00+00:00,62.34,64.02,61.51,63.43,15239.0
2023-02-28 21:30:00+00:00,63.47,65.07,62.94,64.3,92301.0
2023-02-28 22:30:00+00:00,64.39,66.57,63.66,65.5,122103.0
2023-02-28 23:30:00+00:00,65.49,68.07,64.13,67.16,36995.0
2023-03-01 00:30:00+00:00,67.09,67.42,66.61,66.92,47874.0
2023-03-01 01:30:00+00:00,66.96,67.87,66.72,67.45,25158.0
2023-03-01 02:30:00+00:00,67.58,69.17,64.55,65.68,40110.0
2023-03-01 03:30:00+00:00,65.77,66.34,64.46,64.9,65224.0
2023-03-01 04:30:00+00:00,64.95,65.69,62.91,63.8,27930.0
2023-03-01 05:30:00+00:00,63.88,65.0,63.23,64.67,50099.0
2023-03-01 06:30:00+00:00,64.63,65.8,64.11,65.33,34349.0
2023-03-01 07:30:00+00:00,65.31,66.27,65.0,65.82,84642.0
2023-03-01 08:30:00+00:00,65.75,66.52,65.12,66.1,20380.0
2023-03-01 09:30:00+00:00,66.14,69.0,65.09,68.26,49404.0
2023-03-01 10:30:00+00:00,68.13,70.44,67.23,69.28,68383.0
2023-03-01 11:30:00+00:00,69.25,69.66,68.48,68.86,39410.0
2023-03-01 12:30:00+00:00,68.65,72.43,67.26,70.81,59942.0
2023-03-01 13:30:00+00:00,70.86,74.22,69.92,72.81,45983.0
2023-03-01 14:30:00+00:00,72.81,74.89,71.81,73.92,199895.0
2023-03-01 15:30:00+00:00,74.11,75.25,69.76,71.62,123184.0
2023-03-01 16:30:00+00:00,71.76,72.79,69.72,70.78,52621.0
2023-03-01 17:30:00+00:00,70.88,72.02,70.44,71.42,42742.0
2023-03-01 18:30:00+00:00,71.46,71.72,70.83,71.21,35375.0
2023-03-01 19:30:00+00:00,71.13,72.41,68.32,69.63,56244.0
2023-03-01 20:30:00+00:00,69.68,70.13,69.25,69.9,31129.0
2023-03-01 21:30:00+00:00,70.11,70.99,68.45,69.27,38284.0
2023-03-01 22:30:00+00:00,69.28,70.34,68.94,69.69,69768.0
2023-03-01 23:30:00+00:00,69.76,70.55,69.35,70.13,69096.0
2023-03-02 00:30:00+00:00,70.12,73.52,68.98,71.86,74728.0
2023-03-02 01:30:00+00:00,71.74,72.08,70.54,71.05,53632.0
2023-03-02 02:30:00+00:00,70.89,73.41,70.15,72.36,51677.0
2023-03-02 03:30:00+00:00,72.38,73.31,70.65,71.49,23549.0
2023-03-02 04:30:00+00:00,71.46,74.13,70.4,72.78,93092.0
2023-03-02 05:30:00+00:00,72.71,74.51,72.19,73.48,20237.0
2023-03-02 06:30:00+00:00,73.5,74.65,72.73,74.11,38167.0
2023-03-02 07:30:00+00:00,74.0,74.75,73.56,74.42,93872.0
2023-03-02 08:30:00+00:00,74.48,75.16,73.43,73.81,37725.0
2023-03-02 09:30:00+00:00,73.74,75.06,73.09,74.39,15937.0
2023-03-02 10:30:00+00:00,74.37,75.6,73.59,75.15,113201.0
2023-03-02 11:30:00+00:00,75.15,77.88,73.88,76.68,19593.0
2023-03-02 12:30:00+00:00,76.68,77.97,76.2,77.26,28772.0
2023-03-02 13:30:00+00:00,77.19,78.77,76.53,77.94,85775.0
2023-03-02 14:30:00+00:00,78.05,79.38,75.49,76.8,22951.0
2023-03-02 15:30:00+00:00,76.9,78.2,73.73,74.92,72478.0
2023-03-02 16:30:00+00:00,74.79,75.6,74.36,75.21,30403.0
2023-03-02 17:30:00+00:00,74.98,79.99,72.68,78.0,32821.0
2023-03-02 18:30:00+00:00,77.95,78.0,77.84,77.92,37990.0
2023-03-02 19:30:00+00:00,77.89,78.65,76.07,76.92,33636.0
2023-03-02 20:30:00+00:00,76.8,78.46,72.17,73.99,47731.0
2023-03-02 21:30:00+00:00,74.1,75.39,73.65,74.69,36170.0
2023-03-02 22:30:00+00:00,74.5,74.86,73.27,73.63,61406.0
2023-03-02 23:30:00+00:00,73.77,74.22,72.51,72.96,47839.0
2023-03-03 00:30:00+00:00,73.18,73.71,72.94,73.3,147824.0
2023-03-03 01:30:00+00:00,73.24,74.78,72.79,74.06,79066.0
2023-03-03 02:30:00+00:00,73.96,77.12,73.15,76.24,129442.0
2023-03-03 03:30:00+00:00,76.18,79.11,75.23,77.72,54764.0
2023-03-03 04:30:00+00:00,78.01,79.08,77.47,78.59,70771.0
2023-03-03 05:30:00+00:00,78.82,79.19,78.16,78.6,84955.0
2023-03-03 06:30:00+00:00,78.63,79.97,75.84,77.21,51027.0
2023-03-03 07:30:00+00:00,77.32,77.76,76.66,76.94,68500.0
2023-03-03 08:30:00+00:00,76.98,79.07,76.08,78.09,19233.0
2023-03-03 09:30:00+00:00,78.03,79.12,73.66,75.5,62539.0
2023-03-03 10:30:00+00:00,75.48,75.85,75.1,75.42,61414.0
2023-03-03 11:30:00+00:00,75.31,78.28,74.51,77.21,47405.0
2023-03-03 12:30:00+00:00,77.3,79.33,76.21,78.31,35138.0
2023-03-03 13:30:00+00:00,78.4,79.07,77.34,78.01,40428.0
2023-03-03 14:30:00+00:00,77.97,78.32,77.07,77.62,57113.0
2023-03-03 15:30:00+00:00,77.59,79.41,76.76,78.39,56585.0
2023-03-03 16:30:00+00:00,78.6,79.19,77.62,78.12,47506.0
2023-03-03 17:30:00+00:00,77.99,79.47,77.27,78.8,35698.0
2023-03-03 18:30:00+00:00,78.88,82.7,78.03,80.89,24664.0
2023-03-03 19:30:00+00:00,80.91,81.18,80.23,80.59,68322.0
2023-03-03 20:30:00+00:00,80.74,81.59,79.06,79.9,29462.0
2023-03-03 21:30:00+00:00,79.79,82.54,78.79,81.22,75934.0
2023-03-03 22:30:00+00:00,81.36,82.01,80.77,81.68,71319.0
2023-03-03 23:30:00+00:00,81.52,82.26,80.04,80.71,44365.0
2023-03-04 00:30:00+00:00,80.85,82.19,76.58,78.32,24523.0
2023-03-04 01:30:00+00:00,78.13,82.22,76.27,80.47,52280.0
2023-03-04 02:30:00+00:00,80.53,84.29,78.73,82.85,37516.0
2023-03-04 03:30:00+00:00,82.9,83.27,82.43,82.72,76414.0
2023-03-04 04:30:00+00:00,82.63,84.06,82.06,83.41,108490.0
2023-03-04 05:30:00+00:00,83.52,84.09,83.21,83.76,23717.0
2023-03-04 06:30:00+00:00,83.85,84.78,83.32,84.44,31472.0
2023-03-04 07:30:00+00:00,84.43,87.75,82.95,86.72,31078.0
2023-03-04 08:30:00+00:00,86.67,88.34,85.73,87.46,84159.0
2023-03-04 09:30:00+00:00,87.55,87.75,87.24,87.43,64499.0
2023-03-04 10:30:00+00:00,87.4,88.84,86.96,88.0,35836.0
2023-03-04 11:30:00+00:00,88.02,88.66,87.34,88.37,38955.0
2023-03-04 12:30:00+00:00,88.26,90.68,87.31,89.48,29694.0
2023-03-04 13:30:00+00:00,89.63,90.06,88.67,89.29,70602.0
2023-03-04 14:30:00+00:00,89.06,89.49,88.0,88.58,26017.0
2023-03-04 15:30:00+00:00,88.77,93.38,87.28,91.3,92654.0
2023-03-04 16:30:00+00:00,91.12,93.11,90.37,92.5,52465.0
2023-03-04 17:30:00+00:00,92.5,94.81,91.9,93.88,134275.0
2023-03-04 18:30:00+00:00,93.9,99.0,90.98,97.25,106784.0
2023-03-04 19:30:00+00:00,97.31,97.67,97.0,97.47,44061.0
2023-03-04 20:30:00+00:00,97.35,97.57,97.19,97.36,28705.0
2023-03-04 21:30:00+00:00,97.59,98.8,97.07,98.1,63759.0
2023-03-04 22:30:00+00:00,98.15,99.36,96.05,96.8,96195.0
2023-03-04 23:30:00+00:00,96.6,97.35,94.58,95.6,23620.0
2023-03-05 00:30:00+00:00,95.79,97.13,93.35,94.26,52666.0
2023-03-05 01:30:00+00:00,94.22,96.47,93.57,95.29,50169.0
2023-03-05 02:30:00+00:00,95.28,97.07,91.29,93.18,26463.0
2023-03-05 03:30:00+00:00,93.18,93.92,92.68,93.4,42976.0
2023-03-05 04:30:00+00:00,93.5,93.88,92.93,93.34,75672.0
2023-03-05 05:30:00+00:00,93.51,97.48,92.3,95.62,67829.0
2023-03-05 06:30:00+00:00,95.61,96.06,94.74,95.21,14284.0
2023-03-05 07:30:00+00:00,95.66,97.36,94.3,96.69,80444.0
2023-03-05 08:30:00+00:00,96.72,99.54,96.03,98.05,62428.0
2023-03-05 09:30:00+00:00,98.28,100.06,97.74,99.3,29972.0
2023-03-05 10:30:00+00:00,99.37,104.12,98.02,101.69,52398.0
2023-03-05 11:30:00+00:00,101.66,103.02,96.87,99.13,38508.0
2023-03-05 12:30:00+00:00,99.09,100.65,98.12,99.92,47815.0
2023-03-05 13:30:00+00:00,99.8,100.39,99.25,99.53,38319.0
2023-03-05 14:30:00+00:00,99.83,100.89,98.35,99.14,75283.0
2023-03-05 15:30:00+00:00,98.83,102.51,97.36,101.3,70084.0
2023-03-05 16:30:00+00:00,101.29,102.25,99.61,100.58,29998.0
2023-03-05 17:30:00+00:00,100.74,101.93,98.53,99.71,43807.0
2023-03-05 18:30:00+00:00,99.47,103.2,97.91,101.73,32590.0
2023-03-05 19:30:00+00:00,101.71,104.03,96.55,98.88,49723.0
2023-03-05 20:30:00+00:00,98.85,101.9,97.92,101.06,72247.0
2023-03-05 21:30:00+00:00,101.42,103.43,97.93,99.6,54426.0
2023-03-05 22:30:00+00:00,99.46,103.98,96.42,102.62,79555.0
2023-03-05 23:30:00+00:00,102.8,103.49,100.79,101.59,35226.0
2023-03-06 00:30:00+00:00,101.57,103.59,100.96,102.66,62619.0
2023-03-06 01:30:00+00:00,102.74,103.75,102.32,103.33,16901.0
2023-03-06 02:30:00+00:00,103.5,104.05,103.33,103.68,56308.0
2023-03-06 03:30:00+00:00,103.61,105.21,102.67,104.72,120157.0
2023-03-06 04:30:00+00:00,104.82,105.09,104.49,104.9,57204.0
2023-03-06 05:30:00+00:00,104.85,108.51,104.04,106.89,42601.0
2023-03-06 06:30:00+00:00,106.8,109.13,105.34,108.14,120026.0
2023-03-06 07:30:00+00:00,108.37,110.06,102.67,105.47,114270.0
2023-03-06 08:30:00+00:00,105.22,107.58,99.88,101.46,42581.0
2023-03-06 09:30:00+00:00,101.27,108.13,99.63,105.26,57897.0
2023-03-06 10:30:00+00:00,105.06,106.15,100.35,101.81,43086.0
2023-03-06 11:30:00+00:00,101.81,102.49,101.4,102.09,63415.0
2023-03-06 12:30:00+00:00,101.94,102.83,100.82,101.3,35989.0
2023-03-06 13:30:00+00:00,101.14,102.06,99.7,100.46,40248.0
2023-03-06 14:30:00+00:00,100.28,101.72,98.13,99.23,16521.0
2023-03-06 15:30:00+00:00,99.2,104.86,97.93,102.62,57263.0
2023-03-06 16:30:00+00:00,102.67,105.04,101.48,104.29,108040.0
2023-03-06 17:30:00+00:00,104.15,104.89,101.3,102.7,68792.0
2023-03-06 18:30:00+00:00,102.56,105.65,101.13,103.92,12255.0
2023-03-06 19:30:00+00:00,104.16,104.63,103.92,104.38,44769.0
2023-03-06 20:30:00+00:00,104.62,110.58,102.65,107.75,33402.0
2023-03-06 21:30:00+00:00,107.56,108.68,107.06,108.05,60805.0
2023-03-06 22:30:00+00:00,108.16,109.49,104.07,105.39,49685.0
2023-03-06 23:30:00+00:00,105.43,109.74,102.95,108.35,99855.0
2023-03-07 00:30:00+00:00,108.58,112.61,107.33,111.56,39028.0
2023-03-07 01:30:00+00:00,111.48,117.55,109.57,114.99,62706.0
2023-03-07 02:30:00+00:00,114.82,117.76,113.3,116.51,27830.0
2023-03-07 03:30:00+00:00,116.4,118.39,110.86,113.25,47733.0
2023-03-07 04:30:00+00:00,113.42,114.14,110.34,111.43,47209.0
2023-03-07 05:30:00+00:00,111.69,112.45,110.38,110.91,32256.0
2023-03-07 06:30:00+00:00,110.89,111.78,110.55,111.18,35102.0
2023-03-07 07:30:00+00:00,111.31,112.48,109.75,110.42,26137.0
2023-03-07 08:30:00+00:00,110.46,112.03,109.78,111.32,64028.0
2023-03-07 09:30:00+00:00,111.09,112.01,107.92,109.3,36441.0
2023-03-07 10:30:00+00:00,109.08,109.59,107.4,108.22,43582.0
2023-03-07 11:30:00+00:00,108.21,109.21,106.05,106.76,106402.0
2023-03-07 12:30:00+00:00,106.48,106.79,106.0,106.28,73031.0
2023-03-07 13:30:00+00:00,106.36,107.64,101.59,103.52,111503.0
2023-03-07 14:30:00+00:00,103.77,108.0,101.34,106.61,73475.0
2023-03-07 15:30:00+00:00,106.72,108.6,102.72,104.73,66992.0
2023-03-07 16:30:00+00:00,104.7,105.29,102.64,103.47,77061.0
2023-03-07 17:30:00+00:00,103.51,104.58,102.77,104.02,84013.0
2023-03-07 18:30:00+00:00,103.92,105.3,101.15,102.54,29824.0
2023-03-07 19:30:00+00:00,102.43,104.52,101.4,103.9,45233.0
2023-03-07 20:30:00+00:00,104.0,106.75,103.06,105.22,89409.0
2023-03-07 21:30:00+00:00,105.29,107.85,104.0,106.74,110433.0
2023-03-07 22:30:00+00:00,106.5,107.51,104.8,105.31,93054.0
2023-03-07 23:30:00+00:00,105.39,106.8,103.02,103.75,48418.0
2023-03-08 00:30:00+00:00,103.48,104.06,102.64,102.96,56061.0
2023-03-08 01:30:00+00:00,103.08,103.98,101.43,101.98,55126.0
2023-03-08 02:30:00+00:00,101.81,102.25,101.34,101.77,63878.0
2023-03-08 03:30:00+00:00,101.69,102.27,101.23,101.97,63939.0
2023-03-08 04:30:00+00:00,101.79,102.34,101.49,101.73,125028.0
2023-03-08 05:30:00+00:00,101.79,102.38,100.14,100.8,41185.0
2023-03-08 06:30:00+00:00,100.5,103.34,99.43,102.44,76777.0
2023-03-08 07:30:00+00:00,102.54,105.7,101.11,104.27,21216.0
2023-03-08 08:30:00+00:00,104.42,106.68,103.14,105.52,27246.0
2023-03-08 09:30:00+00:00,105.57,107.21,104.56,106.35,124599.0
2023-03-08 10:30:00+00:00,106.34,107.59,105.5,106.99,32779.0
2023-03-08 11:30:00+00:00,107.09,110.84,105.49,109.63,95977.0
2023-03-08 12:30:00+00:00,109.67,110.17,108.01,108.57,26287.0
2023-03-08 13:30:00+00:00,108.53,109.8,104.31,106.41,54820.0
2023-03-08 14:30:00+00:00,106.21,106.76,105.55,106.02,43899.0
2023-03-08 15:30:00+00:00,106.46,107.01,105.08,105.86,43719.0
2023-03-08 16:30:00+00:00,105.57,105.87,104.7,105.24,151423.0
2023-03-08 17:30:00+00:00,105.16,105.38,104.5,104.72,33152.0
2023-03-08 18:30:00+00:00,104.68,105.61,103.8,104.24,29140.0
2023-03-08 19:30:00+00:00,104.6,105.03,104.24,104.65,25987.0
2023-03-08 20:30:00+00:00,104.61,105.97,102.57,103.45,72453.0
2023-03-08 21:30:00+00:00,103.66,104.51,100.57,101.76,45017.0
2023-03-08 22:30:00+00:00,101.64,101.86,101.34,101.55,38385.0
2023-03-08 23:30:00+00:00,101.89,102.72,101.39,102.28,96281.0
2023-03-09 00:30:00+00:00,102.28,103.01,101.52,101.94,162281.0
2023-03-09 01:30:00+00:00,102.0,103.68,98.93,99.91,20304.0
2023-03-09 02:30:00+00:00,99.93,100.15,99.49,99.82,56301.0
2023-03-09 03:30:00+00:00,99.69,100.1,98.43,98.92,36875.0
2023-03-09 04:30:00+00:00,98.94,100.21,98.12,99.61,51372.0
2023-03-09 05:30:00+00:00,99.82,100.62,98.25,98.87,42036.0
2023-03-09 06:30:00+00:00,99.02,99.25,98.44,98.8,41036.0
2023-03-09 07:30:00+00:00,98.58,101.71,97.62,100.22,30982.0
2023-03-09 08:30:00+00:00,100.38,100.73,100.03,100.43,46952.0
2023-03-09 09:30:00+00:00,100.51,101.14,99.87,100.32,29639.0
2023-03-09 10:30:00+00:00,100.05,100.71,99.4,99.93,14562.0
2023-03-09 11:30:00+00:00,99.85,100.51,97.87,98.72,176171.0
2023-03-09 12:30:00+00:00,98.69,100.2,97.97,99.6,45342.0
2023-03-09 13:30:00+00:00,99.59,100.96,95.79,97.51,59346.0
2023-03-09 14:30:00+00:00,97.86,99.0,95.57,96.58,131956.0
2023-03-09 15:30:00+00:00,96.47,97.6,94.08,95.12,61912.0
2023-03-09 16:30:00+00:00,94.94,96.62,94.44,95.85,25534.0
2023-03-09 17:30:00+00:00,95.83,100.52,93.94,99.28,148609.0
2023-03-09 18:30:00+00:00,99.2,100.48,96.73,97.42,37787.0
2023-03-09 19:30:00+00:00,97.1,99.2,95.65,98.49,39508.0
2023-03-09 20:30:00+00:00,98.32,98.85,98.03,98.47,31981.0
2023-03-09 21:30:00+00:00,98.2,104.56,96.56,101.66,80438.0
2023-03-09 22:30:00+00:00,101.93,104.77,94.38,97.91,49214.0
2023-03-09 23:30:00+00:00,97.9,98.93,95.65,96.64,19256.0
2023-03-10 00:30:00+00:00,96.71,98.18,96.11,97.59,80055.0
2023-03-10 01:30:00+00:00,97.75,98.2,97.33,97.72,113279.0
2023-03-10 02:30:00+00:00,97.6,99.43,96.68,98.48,60558.0
2023-03-10 03:30:00+00:00,98.6,99.9,94.4,95.89,28025.0
2023-03-10 04:30:00+00:00,95.95,96.27,95.27,95.56,110449.0
2023-03-10 05:30:00+00:00,95.38,96.07,94.0,94.71,33463.0
2023-03-10 06:30:00+00:00,94.59,99.92,92.08,97.99,45965.0
2023-03-10 07:30:00+00:00,97.97,99.46,97.04,98.7,63659.0
2023-03-10 08:30:00+00:00,98.57,100.38,98.19,99.47,43782.0
2023-03-10 09:30:00+00:00,99.44,99.87,98.97,99.21,37878.0
2023-03-10 10:30:00+00:00,99.17,103.83,97.14,101.65,46728.0
2023-03-10 11:30:00+00:00,101.79,102.4,101.24,102.0,75602.0
2023-03-10 12:30:00+00:00,102.09,103.53,101.46,102.75,80362.0
2023-03-10 13:30:00+00:00,102.47,103.28,100.73,101.39,35137.0
2023-03-10 14:30:00+00:00,101.36,104.37,100.61,103.08,80026.0
2023-03-10 15:30:00+00:00,102.99,105.82,102.2,104.71,31476.0
2023-03-10 16:30:00+00:00,104.45,105.07,102.37,103.09,27717.0
2023-03-10 17:30:00+00:00,103.25,104.14,100.95,101.93,39126.0
2023-03-10 18:30:00+00:00,102.06,103.6,101.04,102.6,61520.0
2023-03-10 19:30:00+00:00,102.55,103.01,101.94,102.37,33228.0
2023-03-10 20:30:00+00:00,102.26,102.89,100.04,100.99,43644.0
2023-03-10 21:30:00+00:00,100.94,101.53,100.38,101.3,63593.0
2023-03-10 22:30:00+00:00,101.17,103.43,100.0,102.45,27780.0
2023-03-10 23:30:00+00:00,102.39,103.03,102.07,102.49,46870.0
2023-03-11 00:30:00+00:00,102.55,103.12,101.29,101.83,33377.0
2023-03-11 01:30:00+00:00,101.74,103.27,100.84,102.5,106053.0
2023-03-11 02:30:00+00:00,102.52,103.07,101.73,102.22,36956.0
2023-03-11 03:30:00+00:00,102.29,102.94,101.3,101.79,50796.0
2023-03-11 04:30:00+00:00,101.71,103.17,101.33,102.51,37856.0
2023-03-11 05:30:00+00:00,102.6,105.9,101.02,104.81,72555.0
2023-03-11 06:30:00+00:00,104.58,108.49,102.81,107.07,39116.0
2023-03-11 07:30:00+00:00,107.08,107.99,106.41,107.52,82588.0
2023-03-11 08:30:00+00:00,107.26,107.68,106.7,107.15,41149.0
2023-03-11 09:30:00+00:00,107.41,107.84,106.93,107.34,67420.0
2023-03-11 10:30:00+00:00,107.44,108.33,106.51,107.93,49543.0
2023-03-11 11:30:00+00:00,107.76,110.22,106.83,109.19,14575.0
2023-03-11 12:30:00+00:00,109.31,109.99,108.58,108.98,65931.0
2023-03-11 13:30:00+00:00,108.97,109.39,108.53,109.04,73934.0
2023-03-11 14:30:00+00:00,109.13,110.26,108.11,109.71,67886.0
2023-03-11 15:30:00+00:00,109.69,110.74,107.37,108.16,48363.0
2023-03-11 16:30:00+00:00,108.08,108.49,107.94,108.21,44593.0
2023-03-11 17:30:00+00:00,107.91,109.65,106.64,108.78,80504.0
2023-03-11 18:30:00+00:00,108.76,111.9,107.74,110.2,93792.0
2023-03-11 19:30:00+00:00,110.31,111.17,109.81,110.77,34308.0
2023-03-11 20:30:00+00:00,110.82,111.43,108.81,109.86,62158.0
2023-03-11 21:30:00+00:00,109.78,110.69,106.8,107.88,97424.0
2023-03-11 22:30:00+00:00,107.63,108.78,105.44,106.59,55035.0
2023-03-11 23:30:00+00:00,106.53,108.1,102.65,104.37,35271.0
2023-03-12 00:30:00+00:00,104.46,105.52,100.94,102.55,32364.0
2023-03-12 01:30:00+00:00,102.71,103.84,100.12,101.33,91603.0
2023-03-12 02:30:00+00:00,101.16,102.17,99.86,100.41,63430.0
2023-03-12 03:30:00+00:00,100.62,101.96,100.05,101.18,53781.0
2023-03-12 04:30:00+00:00,100.99,101.28,100.32,100.73,91714.0
2023-03-12 05:30:00+00:00,100.8,101.24,100.01,100.38,28380.0
2023-03-12 06:30:00+00:00,100.3,101.06,99.76,100.54,38013.0
2023-03-12 07:30:00+00:00,100.11,101.1,98.49,99.22,31477.0
2023-03-12 08:30:00+00:00,99.24,100.21,95.24,97.2,117291.0
2023-03-12 09:30:00+00:00,97.23,97.95,95.25,96.14,68080.0
2023-03-12 10:30:00+00:00,96.11,97.42,93.85,94.52,46571.0
2023-03-12 11:30:00+00:00,94.48,98.85,93.22,96.64,96467.0
2023-03-12 12:30:00+00:00,96.8,99.9,94.68,98.81,36942.0
2023-03-12 13:30:00+00:00,98.88,99.28,98.27,98.65,31130.0
2023-03-12 14:30:00+00:00,98.72,99.99,97.96,99.17,60669.0
2023-03-12 15:30:00+00:00,99.14,102.29,97.71,101.43,37425.0
2023-03-12 16:30:00+00:00,101.28,105.41,100.19,103.68,27264.0
2023-03-12 17:30:00+00:00,103.55,106.95,101.67,105.37,30072.0
2023-03-12 18:30:00+00:00,105.34,107.73,104.68,106.61,75893.0
2023-03-12 19:30:00+00:00,106.56,110.43,105.04,108.57,68738.0
2023-03-12 20:30:00+00:00,108.29,109.28,106.27,106.81,83013.0
2023-03-12 21:30:00+00:00,106.7,107.89,101.76,103.55,48028.0
2023-03-12 22:30:00+00:00,103.55,104.4,101.66,102.28,27580.0
2023-03-12 23:30:00+00:00,102.28,104.22,101.78,103.01,37346.0
2023-03-13 00:30:00+00:00,102.95,103.89,100.98,101.58,29756.0
2023-03-13 01:30:00+00:00,101.66,102.05,100.26,100.9,58492.0
2023-03-13 02:30:00+00:00,101.02,101.57,100.26,100.89,84726.0
2023-03-13 03:30:00+00:00,101.04,101.27,100.47,100.79,35523.0
2023-03-13 04:30:00+00:00,100.49,101.95,98.43,99.14,102137.0
2023-03-13 05:30:00+00:00,99.13,99.58,98.43,98.81,22928.0
2023-03-13 06:30:00+00:00,98.9,100.84,98.37,100.17,28182.0
2023-03-13 07:30:00+00:00,100.16,101.67,99.29,101.11,17824.0
2023-03-13 08:30:00+00:00,101.28,101.65,100.75,101.09,24787.0
2023-03-13 09:30:00+00:00,101.08,101.81,100.41,100.79,16715.0
2023-03-13 10:30:00+00:00,100.72,104.89,99.41,103.04,57114.0
2023-03-13 11:30:00+00:00,103.24,107.05,102.08,105.67,31687.0
2023-03-13 12:30:00+00:00,105.66,107.2,102.58,104.09,39928.0
2023-03-13 13:30:00+00:00,104.24,105.64,102.22,103.11,23628.0
2023-03-13 14:30:00+00:00,102.93,103.68,101.48,102.32,65728.0
2023-03-13 15:30:00+00:00,102.49,104.11,101.94,103.25,85224.0
2023-03-13 16:30:00+00:00,103.2,103.72,102.91,103.22,42300.0
2023-03-13 17:30:00+00:00,103.29,103.99,101.79,102.7,114500.0
2023-03-13 18:30:00+00:00,102.96,107.39,101.53,105.26,42358.0
2023-03-13 19:30:00+00:00,105.32,106.76,104.43,106.0,41310.0
2023-03-13 20:30:00+00:00,106.02,106.76,103.48,104.66,30089.0
2023-03-13 21:30:00+00:00,104.51,104.97,104.14,104.68,67246.0
2023-03-13 22:30:00+00:00,104.73,105.21,104.28,104.48,44233.0
2023-03-13 23:30:00+00:00,104.53,108.62,102.47,106.87,32806.0
2023-03-14 00:30:00+00:00,106.97,109.02,100.86,103.84,29937.0
2023-03-14 01:30:00+00:00,104.05,104.32,103.35,103.75,75817.0
2023-03-14 02:30:00+00:00,103.84,104.51,103.41,104.04,52257.0
2023-03-14 03:30:00+00:00,104.04,106.7,102.69,105.97,50065.0
2023-03-14 04:30:00+00:00,105.88,106.28,105.57,105.97,79447.0
2023-03-14 05:30:00+00:00,106.38,108.04,105.54,107.2,37630.0
2023-03-14 06:30:00+00:00,107.04,109.99,106.39,108.49,89557.0
2023-03-14 07:30:00+00:00,108.65,110.91,104.2,105.7,43281.0
2023-03-14 08:30:00+00:00,105.59,105.99,104.3,104.76,37981.0
2023-03-14 09:30:00+00:00,104.85,105.71,102.6,103.73,59784.0
2023-03-14 10:30:00+00:00,103.47,104.42,102.87,103.83,24178.0
2023-03-14 11:30:00+00:00,103.92,104.98,99.55,101.75,173354.0
2023-03-14 12:30:00+00:00,101.62,102.8,101.0,102.29,34255.0
2023-03-14 13:30:00+00:00,102.23,102.89,101.0,101.7,35938.0
2023-03-14 14:30:00+00:00,101.74,102.11,101.48,101.95,91181.0
2023-03-14 15:30:00+00:00,101.89,104.05,95.87,98.43,35138.0
2023-03-14 16:30:00+00:00,98.38,99.32,97.63,98.82,41046.0
2023-03-14 17:30:00+00:00,98.8,99.68,98.1,99.14,59374.0
2023-03-14 18:30:00+00:00,99.11,100.31,95.94,96.95,35217.0
2023-03-14 19:30:00+00:00,96.72,97.14,96.21,96.49,44693.0
2023-03-14 20:30:00+00:00,96.69,97.51,96.26,97.15,55554.0
2023-03-14 21:30:00+00:00,97.37,101.8,96.24,100.1,39596.0
2023-03-14 22:30:00+00:00,100.09,100.78,98.33,99.0,22324.0
2023-03-14 23:30:00+00:00,98.82,99.4,98.38,98.94,32087.0
2023-03-15 00:30:00+00:00,98.96,99.83,96.84,97.55,40388.0
2023-03-15 01:30:00+00:00,97.28,98.76,96.62,98.19,59348.0
2023-03-15 02:30:00+00:00,98.15,100.28,94.7,95.99,18604.0
2023-03-15 03:30:00+00:00,96.11,96.89,94.4,94.93,113306.0
2023-03-15 04:30:00+00:00,95.14,95.56,94.65,94.93,23291.0
2023-03-15 05:30:00+00:00,94.98,95.15,94.6,94.75,43748.0
2023-03-15 06:30:00+00:00,94.99,95.76,93.52,94.03,51173.0
2023-03-15 07:30:00+00:00,94.1,95.14,92.35,93.29,33457.0
2023-03-15 08:30:00+00:00,93.15,93.81,91.5,92.16,48341.0
2023-03-15 09:30:00+00:00,92.04,93.79,91.2,93.23,39474.0
2023-03-15 10:30:00+00:00,93.24,93.67,92.56,93.05,76647.0
2023-03-15 11:30:00+00:00,93.01,94.42,89.37,90.98,62843.0
2023-03-15 12:30:00+00:00,91.01,91.91,90.44,91.44,32471.0
2023-03-15 13:30:00+00:00,91.48,92.44,90.9,92.0,40863.0
2023-03-15 14:30:00+00:00,92.12,95.22,90.96,93.67,16856.0
2023-03-15 15:30:00+00:00,93.8,97.88,92.32,96.04,62234.0
2023-03-15 16:30:00+00:00,95.94,96.46,95.71,95.95,30501.0
2023-03-15 17:30:00+00:00,95.61,99.1,93.24,97.88,20161.0
2023-03-15 18:30:00+00:00,97.9,98.59,97.33,98.24,43173.0
2023-03-15 19:30:00+00:00,98.17,99.73,97.6,99.07,70790.0
2023-03-15 20:30:00+00:00,99.23,99.8,97.7,98.34,66507.0
2023-03-15 21:30:00+00:00,98.33,98.46,98.03,98.26,64934.0
2023-03-15 22:30:00+00:00,98.33,98.62,97.05,97.7,118536.0
2023-03-15 23:30:00+00:00,97.62,98.94,93.6,94.72,81936.0
2023-03-16 00:30:00+00:00,94.73,95.05,93.84,94.25,71790.0
2023-03-16 01:30:00+00:00,93.97,95.64,90.25,92.04,37903.0
2023-03-16 02:30:00+00:00,92.23,92.73,91.81,92.38,25839.0
2023-03-16 03:30:00+00:00,92.39,95.48,87.21,89.0,41668.0
2023-03-16 04:30:00+00:00,88.98,89.34,88.76,89.14,41922.0
2023-03-16 05:30:00+00:00,88.99,90.26,84.84,86.81,59205.0
2023-03-16 06:30:00+00:00,86.71,87.63,84.55,85.58,52286.0
2023-03-16 07:30:00+00:00,85.43,85.91,84.59,85.17,81255.0
2023-03-16 08:30:00+00:00,85.13,85.86,84.71,85.58,41225.0
2023-03-16 09:30:00+00:00,85.59,86.2,82.92,84.18,48775.0
2023-03-16 10:30:00+00:00,84.29,84.7,83.5,83.97,72281.0
2023-03-16 11:30:00+00:00,83.7,86.63,82.22,85.19,18633.0
2023-03-16 12:30:00+00:00,85.24,85.98,84.64,84.98,79069.0
2023-03-16 13:30:00+00:00,85.05,86.05,84.76,85.57,59401.0
2023-03-16 14:30:00+00:00,85.55,85.84,85.12,85.44,55918.0
2023-03-16 15:30:00+00:00,85.28,88.05,83.84,86.89,37174.0
2023-03-16 16:30:00+00:00,86.95,88.43,86.58,87.88,33499.0
2023-03-16 17:30:00+00:00,87.73,90.8,85.87,89.47,29656.0
2023-03-16 18:30:00+00:00,89.55,90.2,88.78,89.3,92042.0
2023-03-16 19:30:00+00:00,89.13,89.39,88.7,88.95,61744.0
2023-03-16 20:30:00+00:00,88.99,90.67,82.14,85.06,19526.0
2023-03-16 21:30:00+00:00,84.82,85.51,82.94,83.54,30750.0
2023-03-16 22:30:00+00:00,83.41,84.55,81.3,82.14,42976.0
2023-03-16 23:30:00+00:00,81.99,83.72,80.99,83.19,62181.0
2023-03-17 00:30:00+00:00,83.01,83.26,82.16,82.55,45939.0
2023-03-17 01:30:00+00:00,82.56,83.77,79.91,81.17,19768.0
2023-03-17 02:30:00+00:00,81.3,81.99,80.44,80.76,13831.0
2023-03-17 03:30:00+00:00,80.85,81.62,79.26,79.79,75824.0
2023-03-17 04:30:00+00:00,79.87,81.17,77.44,78.37,63591.0
2023-03-17 05:30:00+00:00,78.31,79.48,75.7,76.8,99327.0
2023-03-17 06:30:00+00:00,76.74,78.36,75.8,77.83,30312.0
2023-03-17 07:30:00+00:00,77.93,80.58,77.0,79.5,11795.0
2023-03-17 08:30:00+00:00,79.59,79.9,78.62,79.26,98815.0
2023-03-17 09:30:00+00:00,79.19,79.85,78.72,79.52,45551.0
2023-03-17 10:30:00+00:00,79.55,81.03,78.83,80.47,38976.0
2023-03-17 11:30:00+00:00,80.3,80.73,79.28,79.85,56106.0
2023-03-17 12:30:00+00:00,79.98,80.54,79.53,80.12,33845.0
2023-03-17 13:30:00+00:00,80.11,81.52,77.03,78.49,160793.0
2023-03-17 14:30:00+00:00,78.34,79.44,74.91,76.06,21948.0
2023-03-17 15:30:00+00:00,76.06,76.61,74.43,75.05,29586.0
2023-03-17 16:30:00+00:00,75.07,77.18,74.09,76.19,45478.0
2023-03-17 17:30:00+00:00,76.37,76.59,75.63,75.93,79581.0
2023-03-17 18:30:00+00:00,75.86,76.87,73.47,74.37,62554.0
2023-03-17 19:30:00+00:00,74.1,75.37,73.53,74.72,95718.0
2023-03-17 20:30:00+00:00,74.63,76.6,73.8,75.99,48272.0
2023-03-17 21:30:00+00:00,75.99,76.78,73.64,74.84,68615.0
2023-03-17 22:30:00+00:00,74.89,75.79,74.58,75.42,88300.0
2023-03-17 23:30:00+00:00,75.4,79.98,74.21,77.83,45681.0
2023-03-18 00:30:00+00:00,77.66,77.94,76.86,77.33,45941.0
2023-03-18 01:30:00+00:00,77.27,77.82,76.97,77.4,59011.0
2023-03-18 02:30:00+00:00,77.47,78.53,75.57,76.48,46980.0
2023-03-18 03:30:00+00:00,76.53,77.82,73.35,74.76,40185.0
2023-03-18 04:30:00+00:00,74.82,76.23,72.19,73.17,53548.0
2023-03-18 05:30:00+00:00,73.22,74.66,72.42,74.16,59465.0
2023-03-18 06:30:00+00:00,74.13,75.17,73.6,74.63,110458.0
2023-03-18 07:30:00+00:00,74.76,75.34,73.83,74.34,25887.0
2023-03-18 08:30:00+00:00,74.44,78.35,73.52,76.55,52901.0
2023-03-18 09:30:00+00:00,76.4,76.71,75.74,76.1,43882.0
2023-03-18 10:30:00+00:00,76.08,76.67,75.62,76.21,46336.0
2023-03-18 11:30:00+00:00,76.09,77.94,75.52,77.08,56743.0
2023-03-18 12:30:00+00:00,77.24,78.18,75.17,76.31,85520.0
2023-03-18 13:30:00+00:00,76.22,76.69,74.54,75.13,36609.0
2023-03-18 14:30:00+00:00,75.14,75.63,74.08,74.52,85396.0
2023-03-18 15:30:00+00:00,74.62,75.87,72.63,73.28,27870.0
2023-03-18 16:30:00+00:00,73.27,73.66,73.03,73.4,32831.0
2023-03-18 17:30:00+00:00,73.33,73.93,73.04,73.62,44177.0
2023-03-18 18:30:00+00:00,73.49,74.17,72.26,72.92,30254.0
2023-03-18 19:30:00+00:00,72.78,74.27,69.51,70.59,23179.0
2023-03-18 20:30:00+00:00,70.56,71.23,69.55,69.95,87235.0
2023-03-18 21:30:00+00:00,70.11,71.7,67.18,68.5,106354.0
2023-03-18 22:30:00+00:00,68.42,68.91,67.51,67.98,43340.0
2023-03-18 23:30:00+00:00,68.17,68.54,67.85,68.24,41963.0
2023-03-19 00:30:00+00:00,68.24,70.98,66.71,69.75,70095.0
2023-03-19 01:30:00+00:00,69.74,72.36,68.46,71.13,102522.0
2023-03-19 02:30:00+00:00,71.08,71.8,68.65,69.67,42804.0
2023-03-19 03:30:00+00:00,69.75,70.04,69.34,69.78,56685.0
2023-03-19 04:30:00+00:00,69.73,70.29,68.39,69.14,25653.0
2023-03-19 05:30:00+00:00,69.21,69.49,69.05,69.32,50585.0
2023-03-19 06:30:00+00:00,69.27,72.92,67.98,71.17,22374.0
2023-03-19 07:30:00+00:00,71.16,72.58,70.79,71.89,65947.0
2023-03-19 08:30:00+00:00,71.89,72.68,71.37,72.35,50344.0
2023-03-19 09:30:00+00:00,72.44,72.91,71.27,71.87,71155.0
2023-03-19 10:30:00+00:00,71.89,72.61,70.6,71.15,104623.0
2023-03-19 11:30:00+00:00,71.23,71.47,70.58,70.85,88150.0
2023-03-19 12:30:00+00:00,70.86,72.3,70.2,71.53,27017.0
2023-03-19 13:30:00+00:00,71.59,74.1,70.21,73.28,31543.0
2023-03-19 14:30:00+00:00,73.16,74.62,72.74,73.99,109764.0
2023-03-19 15:30:00+00:00,74.05,74.52,73.4,73.84,66624.0
2023-03-19 16:30:00+00:00,73.82,74.12,73.62,73.82,64395.0
2023-03-19 17:30:00+00:00,73.8,75.58,73.18,74.72,54157.0
2023-03-19 18:30:00+00:00,74.84,78.03,74.19,76.73,44146.0
2023-03-19 19:30:00+00:00,76.65,81.19,75.07,79.18,113572.0
2023-03-19 20:30:00+00:00,79.29,79.93,77.16,78.12,38418.0
2023-03-19 21:30:00+00:00,78.2,78.94,74.83,76.52,17335.0
2023-03-19 22:30:00+00:00,76.34,78.49,75.53,77.66,79382.0
2023-03-19 23:30:00+00:00,77.47,79.21,76.46,78.73,177929.0
2023-03-20 00:30:00+00:00,78.92,81.11,78.36,80.08,88578.0
2023-03-20 01:30:00+00:00,79.96,84.23,78.58,82.25,38582.0
2023-03-20 02:30:00+00:00,82.28,82.79,81.76,82.08,108823.0
2023-03-20 03:30:00+00:00,82.12,84.34,81.33,83.19,49520.0
2023-03-20 04:30:00+00:00,83.08,83.63,80.61,81.92,82039.0
2023-03-20 05:30:00+00:00,81.97,84.72,80.57,83.57,67555.0
2023-03-20 06:30:00+00:00,83.49,83.67,83.38,83.48,37160.0
2023-03-20 07:30:00+00:00,83.24,83.82,82.9,83.35,49283.0
2023-03-20 08:30:00+00:00,83.52,85.05,80.55,82.0,37792.0
2023-03-20 09:30:00+00:00,82.0,85.21,80.44,83.8,108461.0
2023-03-20 10:30:00+00:00,83.91,86.1,82.94,85.06,52459.0
2023-03-20 11:30:00+00:00,85.21,86.27,84.72,85.95,47425.0
2023-03-20 12:30:00+00:00,86.04,87.17,83.33,84.25,34204.0
2023-03-20 13:30:00+00:00,84.49,85.02,82.14,83.32,77656.0
2023-03-20 14:30:00+00:00,83.28,85.54,82.02,84.72,21158.0
2023-03-20 15:30:00+00:00,84.75,85.03,84.44,84.56,31128.0
2023-03-20 16:30:00+00:00,84.64,85.09,84.14,84.82,39151.0
2023-03-20 17:30:00+00:00,84.83,85.66,84.06,85.28,44089.0
2023-03-20 18:30:00+00:00,85.24,85.6,84.28,84.74,53689.0
2023-03-20 19:30:00+00:00,84.78,87.15,84.02,86.17,69216.0
2023-03-20 20:30:00+00:00,86.05,87.93,81.85,83.6,48418.0
2023-03-20 21:30:00+00:00,83.73,86.48,82.3,85.7,113404.0
2023-03-20 22:30:00+00:00,85.44,88.8,83.56,87.77,22016.0
2023-03-20 23:30:00+00:00,87.68,89.25,86.8,88.41,33779.0
2023-03-21 00:30:00+00:00,88.38,89.93,87.39,89.45,44263.0
2023-03-21 01:30:00+00:00,89.46,89.65,89.13,89.3,115286.0
2023-03-21 02:30:00+00:00,89.49,93.25,88.11,91.84,67694.0
2023-03-21 03:30:00+00:00,91.81,92.31,90.34,91.03,66939.0
2023-03-21 04:30:00+00:00,91.0,92.22,88.88,89.73,39052.0
2023-03-21 05:30:00+00:00,89.94,90.81,89.4,90.32,71491.0
2023-03-21 06:30:00+00:00,90.38,90.94,89.14,89.62,31089.0
2023-03-21 07:30:00+00:00,89.63,90.29,88.92,89.2,70598.0
2023-03-21 08:30:00+00:00,89.05,92.81,87.73,91.45,55434.0
2023-03-21 09:30:00+00:00,91.43,93.25,87.12,88.69,31494.0
2023-03-21 10:30:00+00:00,88.6,90.15,87.54,89.63,29875.0
2023-03-21 11:30:00+00:00,89.68,91.22,87.55,88.19,82778.0
2023-03-21 12:30:00+00:00,88.24,88.76,87.96,88.41,54810.0
2023-03-21 13:30:00+00:00,88.51,89.87,87.84,89.06,87453.0
2023-03-21 14:30:00+00:00,89.14,89.79,88.57,89.48,24909.0
2023-03-21 15:30:00+00:00,89.67,91.4,86.23,87.39,46318.0
2023-03-21 16:30:00+00:00,87.48,87.62,87.36,87.46,54502.0
2023-03-21 17:30:00+00:00,87.22,88.88,86.76,88.24,32457.0
2023-03-21 18:30:00+00:00,88.31,93.2,86.02,90.88,31390.0
2023-03-21 19:30:00+00:00,90.96,91.57,90.5,91.32,108727.0
2023-03-21 20:30:00+00:00,91.03,91.93,88.45,89.65,68735.0
2023-03-21 21:30:00+00:00,89.59,90.42,87.88,88.56,81271.0
2023-03-21 22:30:00+00:00,88.54,89.37,86.52,87.3,14889.0
2023-03-21 23:30:00+00:00,87.41,89.86,86.79,89.01,40958.0
2023-03-22 00:30:00+00:00,89.1,90.64,88.02,90.12,31871.0
2023-03-22 01:30:00+00:00,90.28,92.19,85.89,87.9,86225.0
2023-03-22 02:30:00+00:00,87.69,88.35,86.81,87.15,58369.0
2023-03-22 03:30:00+00:00,86.97,89.8,86.07,88.95,42113.0
2023-03-22 04:30:00+00:00,88.7,89.24,86.94,87.76,69703.0
2023-03-22 05:30:00+00:00,87.59,89.27,87.03,88.48,61159.0
2023-03-22 06:30:00+00:00,88.47,88.8,87.66,88.04,68795.0
2023-03-22 07:30:00+00:00,87.99,88.81,87.75,88.34,31629.0
2023-03-22 08:30:00+00:00,88.46,88.94,87.16,87.69,38380.0
2023-03-22 09:30:00+00:00,87.51,88.43,84.66,85.87,36272.0
2023-03-22 10:30:00+00:00,86.21,87.61,83.9,84.59,25745.0
2023-03-22 11:30:00+00:00,84.57,85.73,84.2,85.15,78985.0
2023-03-22 12:30:00+00:00,85.2,88.8,84.22,86.99,55767.0
2023-03-22 13:30:00+00:00,87.19,87.61,86.38,86.74,38167.0
2023-03-22 14:30:00+00:00,86.58,87.82,85.77,87.31,28104.0
2023-03-22 15:30:00+00:00,87.43,88.5,87.1,88.02,90961.0
2023-03-22 16:30:00+00:00,87.92,88.92,85.9,86.56,121679.0
2023-03-22 17:30:00+00:00,86.53,87.88,84.28,85.26,118530.0
2023-03-22 18:30:00+00:00,85.36,86.49,84.86,86.1,58343.0
2023-03-22 19:30:00+00:00,86.04,87.44,85.5,86.7,159719.0
2023-03-22 20:30:00+00:00,86.95,88.22,84.4,85.64,39356.0
2023-03-22 21:30:00+00:00,85.47,86.32,82.38,83.25,94659.0
2023-03-22 22:30:00+00:00,83.28,83.96,81.83,82.41,53514.0
2023-03-22 23:30:00+00:00,82.26,82.61,80.89,81.63,52564.0
2023-03-23 00:30:00+00:00,81.86,82.48,81.39,82.13,73118.0
2023-03-23 01:30:00+00:00,81.84,82.22,81.13,81.57,53046.0
2023-03-23 02:30:00+00:00,81.55,81.81,81.05,81.39,25354.0
2023-03-23 03:30:00+00:00,81.4,83.33,80.66,82.46,40733.0
2023-03-23 04:30:00+00:00,82.67,83.42,82.47,83.02,34749.0
2023-03-23 05:30:00+00:00,83.02,83.45,82.04,82.4,119579.0
2023-03-23 06:30:00+00:00,82.59,84.37,81.66,83.7,56215.0
2023-03-23 07:30:00+00:00,83.61,84.81,83.2,84.27,79600.0
2023-03-23 08:30:00+00:00,84.08,87.55,82.54,86.44,116216.0
2023-03-23 09:30:00+00:00,86.3,86.9,85.23,85.57,63475.0
2023-03-23 10:30:00+00:00,85.52,86.39,85.13,85.73,118751.0
2023-03-23 11:30:00+00:00,85.88,86.26,84.31,85.17,40875.0
2023-03-23 12:30:00+00:00,84.99,85.97,82.67,83.68,115455.0
2023-03-23 13:30:00+00:00,83.8,84.85,80.96,82.36,91146.0
2023-03-23 14:30:00+00:00,82.29,82.99,81.98,82.53,182074.0
2023-03-23 15:30:00+00:00,82.62,83.66,82.25,83.28,27785.0
2023-03-23 16:30:00+00:00,83.26,83.62,82.18,82.68,54956.0
2023-03-23 17:30:00+00:00,82.86,83.58,81.89,82.43,39193.0
2023-03-23 18:30:00+00:00,82.54,84.67,81.33,84.01,29319.0
2023-03-23 19:30:00+00:00,83.83,83.93,83.75,83.83,48382.0
2023-03-23 20:30:00+00:00,83.86,84.52,82.73,83.26,72997.0
2023-03-23 21:30:00+00:00,83.24,85.07,82.18,84.39,36588.0
2023-03-23 22:30:00+00:00,84.47,85.42,83.06,83.75,30946.0
2023-03-23 23:30:00+00:00,83.76,85.2,83.18,84.47,57345.0
2023-03-24 00:30:00+00:00,84.48,85.44,83.13,83.89,58096.0
2023-03-24 01:30:00+00:00,83.86,84.36,83.69,83.94,44512.0
2023-03-24 02:30:00+00:00,84.18,84.56,83.23,83.59,112060.0
2023-03-24 03:30:00+00:00,83.63,84.04,81.97,82.9,53492.0
2023-03-24 04:30:00+00:00,82.64,83.44,81.98,83.06,50630.0
2023-03-24 05:30:00+00:00,82.8,87.62,81.42,85.33,84919.0
2023-03-24 06:30:00+00:00,85.35,86.59,84.78,86.23,43071.0
2023-03-24 07:30:00+00:00,86.11,86.45,85.71,86.2,45301.0
2023-03-24 08:30:00+00:00,86.27,88.8,85.6,87.9,33543.0
2023-03-24 09:30:00+00:00,87.77,89.18,84.5,85.51,95298.0
2023-03-24 10:30:00+00:00,85.39,86.03,85.13,85.7,62538.0
2023-03-24 11:30:00+00:00,85.69,86.68,83.81,84.75,50115.0
2023-03-24 12:30:00+00:00,84.91,85.8,82.17,83.26,30578.0
2023-03-24 13:30:00+00:00,83.13,83.53,81.97,82.58,54120.0
2023-03-24 14:30:00+00:00,82.61,83.02,81.97,82.38,59105.0
2023-03-24 15:30:00+00:00,82.22,82.68,80.15,81.07,71000.0
2023-03-24 16:30:00+00:00,81.27,81.42,81.05,81.21,41537.0
2023-03-24 17:30:00+00:00,81.2,82.71,77.89,79.26,33026.0
2023-03-24 18:30:00+00:00,79.22,80.77,78.43,79.88,60853.0
2023-03-24 19:30:00+00:00,80.07,81.09,79.72,80.51,16307.0
2023-03-24 20:30:00+00:00,80.47,85.15,78.62,83.01,33907.0
2023-03-24 21:30:00+00:00,83.01,84.29,82.06,83.83,46181.0
2023-03-24 22:30:00+00:00,83.76,84.25,82.69,83.35,108391.0
2023-03-24 23:30:00+00:00,83.35,83.98,82.22,82.66,36255.0
2023-03-25 00:30:00+00:00,82.52,83.82,81.96,83.18,49594.0
2023-03-25 01:30:00+00:00,83.21,84.08,82.92,83.72,65191.0
2023-03-25 02:30:00+00:00,83.91,84.79,81.18,81.97,60967.0
2023-03-25 03:30:00+00:00,82.13,83.16,78.28,79.88,54582.0
2023-03-25 04:30:00+00:00,79.89,81.42,79.18,80.76,46670.0
2023-03-25 05:30:00+00:00,80.73,81.94,80.18,81.23,13329.0
2023-03-25 06:30:00+00:00,81.29,81.94,79.06,79.81,51475.0
2023-03-25 07:30:00+00:00,79.62,83.01,78.1,81.47,50656.0
2023-03-25 08:30:00+00:00,81.52,82.22,81.04,81.76,90301.0
2023-03-25 09:30:00+00:00,81.61,82.16,80.79,81.31,35725.0
2023-03-25 10:30:00+00:00,81.42,82.07,80.55,81.01,70531.0
2023-03-25 11:30:00+00:00,80.94,82.27,80.3,81.64,76577.0
2023-03-25 12:30:00+00:00,81.73,82.15,81.04,81.46,48014.0
2023-03-25 13:30:00+00:00,81.38,81.74,80.99,81.2,56071.0
2023-03-25 14:30:00+00:00,81.44,82.68,80.98,82.26,28440.0
2023-03-25 15:30:00+00:00,82.37,83.42,80.11,81.01,79306.0
2023-03-25 16:30:00+00:00,80.99,81.69,80.68,81.34,25057.0
2023-03-25 17:30:00+00:00,81.25,82.23,80.75,81.67,61869.0
2023-03-25 18:30:00+00:00,81.65,84.65,80.26,83.12,57751.0
2023-03-25 19:30:00+00:00,83.21,84.31,82.68,83.63,36192.0
2023-03-25 20:30:00+00:00,83.75,85.31,82.8,84.74,39751.0
2023-03-25 21:30:00+00:00,84.62,87.08,83.4,86.01,37460.0
2023-03-25 22:30:00+00:00,86.17,88.79,85.59,87.63,46973.0
2023-03-25 23:30:00+00:00,87.39,88.1,85.95,86.72,89809.0
2023-03-26 00:30:00+00:00,86.72,87.36,86.0,86.47,62806.0
2023-03-26 01:30:00+00:00,86.54,87.12,86.14,86.36,62995.0
2023-03-26 02:30:00+00:00,86.39,91.17,83.94,89.01,79109.0
2023-03-26 03:30:00+00:00,88.93,92.23,88.3,90.6,26362.0
2023-03-26 04:30:00+00:00,90.54,92.21,89.7,91.39,20274.0
2023-03-26 05:30:00+00:00,91.28,92.83,90.24,92.3,31521.0
2023-03-26 06:30:00+00:00,92.23,92.94,91.74,92.5,16637.0
2023-03-26 07:30:00+00:00,92.59,95.82,91.6,94.5,57181.0
2023-03-26 08:30:00+00:00,94.37,94.86,94.16,94.43,131925.0
2023-03-26 09:30:00+00:00,94.5,97.0,93.62,95.64,31259.0
2023-03-26 10:30:00+00:00,95.78,96.92,95.04,96.3,14004.0
2023-03-26 11:30:00+00:00,96.15,96.62,94.16,95.2,69532.0
2023-03-26 12:30:00+00:00,95.44,97.72,93.71,97.04,79577.0
2023-03-26 13:30:00+00:00,97.0,98.65,96.37,98.1,134411.0
2023-03-26 14:30:00+00:00,98.16,99.0,97.56,98.33,63111.0
2023-03-26 15:30:00+00:00,98.42,99.43,96.44,97.1,24133.0
2023-03-26 16:30:00+00:00,97.23,98.85,96.59,98.31,115534.0
2023-03-26 17:30:00+00:00,98.17,98.96,96.75,97.54,63987.0
2023-03-26 18:30:00+00:00,97.63,98.85,95.06,95.97,59173.0
2023-03-26 19:30:00+00:00,95.96,99.72,94.69,97.83,82352.0
2023-03-26 20:30:00+00:00,97.5,98.74,96.77,97.89,74876.0
2023-03-26 21:30:00+00:00,98.07,98.96,97.71,98.47,40312.0
2023-03-26 22:30:00+00:00,98.38,100.97,97.45,99.7,55714.0
2023-03-26 23:30:00+00:00,99.68,102.97,98.39,101.93,80429.0
2023-03-27 00:30:00+00:00,101.96,102.54,99.05,100.43,71270.0
2023-03-27 01:30:00+00:00,100.2,101.39,96.11,98.03,30288.0
2023-03-27 02:30:00+00:00,97.9,100.62,96.91,99.73,42955.0
2023-03-27 03:30:00+00:00,99.99,100.46,98.6,99.29,36315.0
2023-03-27 04:30:00+00:00,99.36,100.3,98.54,99.73,46360.0
2023-03-27 05:30:00+00:00,99.7,102.01,98.43,101.06,59785.0
2023-03-27 06:30:00+00:00,101.12,105.61,99.26,103.46,42415.0
2023-03-27 07:30:00+00:00,103.67,104.85,101.84,102.42,77614.0
2023-03-27 08:30:00+00:00,102.56,103.62,101.13,101.77,114580.0
2023-03-27 09:30:00+00:00,101.6,102.74,96.99,98.78,86920.0
2023-03-27 10:30:00+00:00,98.56,99.79,98.11,99.3,40193.0
2023-03-27 11:30:00+00:00,99.32,99.6,99.18,99.36,63676.0
2023-03-27 12:30:00+00:00,99.47,100.04,98.93,99.53,60782.0
2023-03-27 13:30:00+00:00,99.33,103.69,97.66,102.31,41205.0
2023-03-27 14:30:00+00:00,102.35,103.71,99.84,100.7,149773.0
2023-03-27 15:30:00+00:00,101.02,101.94,96.15,98.39,149385.0
2023-03-27 16:30:00+00:00,98.47,99.59,96.37,96.98,40004.0
2023-03-27 17:30:00+00:00,97.08,98.5,96.66,97.99,50915.0
2023-03-27 18:30:00+00:00,98.04,99.53,94.81,95.79,36555.0
2023-03-27 19:30:00+00:00,95.67,96.56,93.59,94.27,34093.0
2023-03-27 20:30:00+00:00,94.37,95.35,93.91,94.94,100008.0
2023-03-27 21:30:00+00:00,94.85,96.39,92.53,93.33,110097.0
2023-03-27 22:30:00+00:00,93.18,93.71,91.64,92.31,46856.0
2023-03-27 23:30:00+00:00,92.34,93.27,89.28,90.75,59744.0
2023-03-28 00:30:00+00:00,90.67,92.06,89.99,91.51,86630.0
2023-03-28 01:30:00+00:00,91.22,91.67,89.85,90.45,36413.0
2023-03-28 02:30:00+00:00,90.42,92.08,89.57,91.43,98433.0
2023-03-28 03:30:00+00:00,91.33,91.99,90.07,90.54,27775.0
2023-03-28 04:30:00+00:00,90.46,91.58,89.73,90.82,45999.0
2023-03-28 05:30:00+00:00,91.01,91.7,88.67,89.61,49653.0
2023-03-28 06:30:00+00:00,89.63,91.17,89.09,90.6,20667.0
2023-03-28 07:30:00+00:00,90.66,92.62,84.57,87.18,17897.0
2023-03-28 08:30:00+00:00,87.18,92.35,86.01,89.96,68682.0
2023-03-28 09:30:00+00:00,89.9,91.06,89.1,90.37,79394.0
2023-03-28 10:30:00+00:00,90.29,90.94,87.56,88.64,76619.0
2023-03-28 11:30:00+00:00,89.01,90.28,86.36,87.52,58793.0
2023-03-28 12:30:00+00:00,87.56,87.89,87.01,87.33,38491.0
2023-03-28 13:30:00+00:00,87.5,87.67,87.2,87.43,110678.0
2023-03-28 14:30:00+00:00,87.36,88.28,85.38,86.45,38402.0
2023-03-28 15:30:00+00:00,86.46,88.75,85.66,87.99,78829.0
2023-03-28 16:30:00+00:00,88.23,88.56,87.04,87.77,52890.0
2023-03-28 17:30:00+00:00,87.92,88.49,86.23,86.79,79508.0
2023-03-28 18:30:00+00:00,86.74,87.0,86.58,86.81,49622.0
2023-03-28 19:30:00+00:00,86.46,89.7,85.29,88.05,25551.0
2023-03-28 20:30:00+00:00,87.87,88.87,84.72,86.17,128475.0
2023-03-28 21:30:00+00:00,86.28,87.36,84.45,85.1,101673.0
2023-03-28 22:30:00+00:00,85.15,87.78,83.89,86.58,79425.0
2023-03-28 23:30:00+00:00,86.34,87.86,85.23,87.09,89666.0
2023-03-29 00:30:00+00:00,86.94,87.44,86.68,87.22,47451.0
2023-03-29 01:30:00+00:00,87.29,92.16,84.73,89.87,24605.0
2023-03-29 02:30:00+00:00,89.83,94.09,88.44,92.15,50229.0
2023-03-29 03:30:00+00:00,92.39,93.41,89.55,90.5,52064.0
2023-03-29 04:30:00+00:00,90.41,91.54,87.24,88.6,25413.0
2023-03-29 05:30:00+00:00,88.36,89.79,87.8,89.24,133040.0
2023-03-29 06:30:00+00:00,89.35,91.48,88.04,90.57,68910.0
2023-03-29 07:30:00+00:00,90.68,91.31,89.72,90.29,82595.0
2023-03-29 08:30:00+00:00,90.28,91.47,89.79,90.97,59871.0
2023-03-29 09:30:00+00:00,90.8,91.15,89.63,90.07,48997.0
2023-03-29 10:30:00+00:00,90.12,92.7,89.14,91.24,45826.0
2023-03-29 11:30:00+00:00,91.11,91.9,88.2,89.6,30835.0
2023-03-29 12:30:00+00:00,89.58,90.28,89.12,90.0,134045.0
2023-03-29 13:30:00+00:00,90.05,91.43,89.21,90.92,47678.0
2023-03-29 14:30:00+00:00,91.07,91.71,90.32,90.7,64283.0
2023-03-29 15:30:00+00:00,90.5,91.27,89.93,90.78,87373.0
2023-03-29 16:30:00+00:00,90.85,91.18,90.54,90.92,89936.0
2023-03-29 17:30:00+00:00,90.9,93.39,89.73,92.25,35163.0
2023-03-29 18:30:00+00:00,92.4,93.07,90.84,91.27,36862.0
2023-03-29 19:30:00+00:00,91.28,94.54,90.38,93.02,39315.0
2023-03-29 20:30:00+00:00,93.24,95.58,89.76,90.87,33354.0
2023-03-29 21:30:00+00:00,90.78,94.34,89.61,92.68,44409.0
2023-03-29 22:30:00+00:00,92.87,93.78,92.16,93.23,76694.0
2023-03-29 23:30:00+00:00,92.98,95.56,91.84,94.53,107171.0
2023-03-30 00:30:00+00:00,94.57,97.56,93.75,96.32,52093.0
2023-03-30 01:30:00+00:00,96.4,97.92,95.6,97.04,70932.0
2023-03-30 02:30:00+00:00,97.35,100.42,96.13,99.09,86924.0
2023-03-30 03:30:00+00:00,98.81,100.94,98.29,100.16,55641.0
2023-03-30 04:30:00+00:00,100.24,100.54,99.93,100.34,45652.0
2023-03-30 05:30:00+00:00,100.22,102.76,98.73,101.99,72152.0
2023-03-30 06:30:00+00:00,101.58,106.68,99.14,104.22,59026.0
2023-03-30 07:30:00+00:00,104.3,106.92,99.9,101.58,53519.0
2023-03-30 08:30:00+00:00,101.85,102.58,101.33,102.0,60390.0
2023-03-30 09:30:00+00:00,101.92,103.55,96.89,98.92,32109.0
2023-03-30 10:30:00+00:00,99.03,99.46,98.37,99.14,78930.0
2023-03-30 11:30:00+00:00,99.2,99.82,98.89,99.29,43757.0
2023-03-30 12:30:00+00:00,99.32,99.56,99.1,99.32,22403.0
2023-03-30 13:30:00+00:00,99.35,102.2,98.43,101.23,50540.0
2023-03-30 14:30:00+00:00,101.17,103.97,99.42,103.1,19759.0
2023-03-30 15:30:00+00:00,103.04,105.46,102.04,104.52,85951.0
2023-03-30 16:30:00+00:00,104.73,106.47,98.47,100.43,60847.0
2023-03-30 17:30:00+00:00,100.32,104.33,98.23,102.78,56049.0
2023-03-30 18:30:00+00:00,102.57,103.3,101.33,101.92,72120.0
2023-03-30 19:30:00+00:00,101.88,104.33,94.69,97.89,13695.0
2023-03-30 20:30:00+00:00,97.83,99.01,97.18,98.24,40322.0
2023-03-30 21:30:00+00:00,98.44,98.97,97.6,98.02,31673.0
2023-03-30 22:30:00+00:00,97.77,98.15,97.3,97.58,90691.0
2023-03-30 23:30:00+00:00,97.38,100.9,95.37,99.89,49196.0
2023-03-31 00:30:00+00:00,99.66,99.87,99.43,99.59,60567.0
2023-03-31 01:30:00+00:00,99.55,100.81,97.04,98.31,73785.0
2023-03-31 02:30:00+00:00,98.11,101.72,97.15,99.83,75285.0
2023-03-31 03:30:00+00:00,99.77,100.73,97.32,98.43,30622.0
2023-03-31 04:30:00+00:00,98.52,100.76,97.07,100.05,76360.0
2023-03-31 05:30:00+00:00,99.98,100.8,97.61,98.67,62300.0
2023-03-31 06:30:00+00:00,98.6,100.69,97.35,99.83,23743.0
2023-03-31 07:30:00+00:00,99.6,105.33,97.4,102.9,62086.0
2023-03-31 08:30:00+00:00,102.82,106.26,102.1,104.56,45667.0
2023-03-31 09:30:00+00:00,104.28,104.84,102.98,103.58,56766.0
2023-03-31 10:30:00+00:00,103.46,104.36,99.41,101.17,36201.0
2023-03-31 11:30:00+00:00,100.89,101.11,100.13,100.6,51504.0
2023-03-31 12:30:00+00:00,100.55,102.3,96.87,98.32,30498.0
2023-03-31 13:30:00+00:00,98.3,101.49,97.15,100.59,92422.0
2023-03-31 14:30:00+00:00,100.66,103.18,99.27,102.28,26472.0
2023-03-31 15:30:00+00:00,102.36,103.81,96.21,99.01,58131.0
2023-03-31 16:30:00+00:00,99.2,100.0,97.92,98.47,24618.0
2023-03-31 17:30:00+00:00,98.43,100.07,97.63,99.34,63117.0
2023-03-31 18:30:00+00:00,99.17,102.0,97.87,100.9,23040.0
2023-03-31 19:30:00+00:00,100.86,101.81,98.03,99.24,70713.0
2023-03-31 20:30:00+00:00,99.51,99.8,99.21,99.42,33872.0
2023-03-31 21:30:00+00:00,99.31,99.89,96.46,97.82,63453.0
2023-03-31 22:30:00+00:00,97.97,99.04,96.79,97.39,101133.0
2023-03-31 23:30:00+00:00,97.56,99.23,96.91,98.68,35343.0
2023-04-01 00:30:00+00:00,98.77,99.96,93.16,95.81,53928.0
2023-04-01 01:30:00+00:00,95.93,96.04,95.75,95.91,47822.0
2023-04-01 02:30:00+00:00,96.03,97.89,94.93,97.23,90956.0
2023-04-01 03:30:00+00:00,96.98,98.29,94.08,94.88,70697.0
2023-04-01 04:30:00+00:00,94.8,95.52,93.07,93.75,45088.0
2023-04-01 05:30:00+00:00,93.76,97.67,92.56,96.04,88615.0
2023-04-01 06:30:00+00:00,96.12,96.59,95.69,96.14,28195.0
2023-04-01 07:30:00+00:00,95.72,99.12,94.75,97.62,63205.0
2023-04-01 08:30:00+00:00,97.81,99.31,96.91,98.66,42873.0
2023-04-01 09:30:00+00:00,98.57,101.81,97.5,100.79,50862.0
2023-04-01 10:30:00+00:00,101.24,103.38,99.85,102.41,38746.0
2023-04-01 11:30:00+00:00,102.38,103.09,102.01,102.61,33964.0
2023-04-01 12:30:00+00:00,102.4,102.98,101.01,101.7,137057.0
2023-04-01 13:30:00+00:00,101.43,103.9,100.43,102.95,17519.0
2023-04-01 14:30:00+00:00,102.75,103.36,100.62,101.58,94076.0
2023-04-01 15:30:00+00:00,101.34,101.78,99.9,100.72,29990.0
2023-04-01 16:30:00+00:00,100.81,101.5,99.19,100.15,58876.0
2023-04-01 17:30:00+00:00,100.13,100.43,99.09,99.78,38774.0
2023-04-01 18:30:00+00:00,99.69,100.83,97.09,98.15,25825.0
2023-04-01 19:30:00+00:00,98.11,98.64,97.7,98.1,69770.0
2023-04-01 20:30:00+00:00,98.05,100.18,97.07,99.38,134120.0
2023-04-01 21:30:00+00:00,99.31,100.92,95.26,96.97,39776.0
2023-04-01 22:30:00+00:00,96.9,98.63,91.5,94.03,23573.0
2023-04-01 23:30:00+00:00,94.28,95.23,92.14,93.22,55345.0
2023-04-02 00:30:00+00:00,93.07,93.71,92.56,93.38,74676.0
2023-04-02 01:30:00+00:00,93.21,94.86,92.79,94.04,52486.0
2023-04-02 02:30:00+00:00,94.14,95.05,93.78,94.53,95726.0
2023-04-02 03:30:00+00:00,94.39,94.72,94.01,94.46,27744.0
2023-04-02 04:30:00+00:00,94.79,99.07,92.83,97.47,80740.0
2023-04-02 05:30:00+00:00,97.35,100.12,96.35,98.58,31247.0
2023-04-02 06:30:00+00:00,98.79,99.04,98.62,98.81,148531.0
2023-04-02 07:30:00+00:00,98.78,100.94,97.66,99.87,26092.0
2023-04-02 08:30:00+00:00,99.72,101.21,98.9,100.43,24478.0
2023-04-02 09:30:00+00:00,100.38,100.74,99.85,100.24,62795.0
2023-04-02 10:30:00+00:00,100.08,101.79,99.28,100.79,27831.0
2023-04-02 11:30:00+00:00,100.73,101.1,99.83,100.3,37714.0
2023-04-02 12:30:00+00:00,100.01,100.24,99.22,99.75,52628.0
2023-04-02 13:30:00+00:00,99.61,104.0,97.86,101.82,116156.0
2023-04-02 14:30:00+00:00,102.0,103.92,96.99,99.33,77377.0
2023-04-02 15:30:00+00:00,99.23,99.95,97.67,98.56,49950.0
2023-04-02 16:30:00+00:00,98.47,99.62,97.15,97.63,62980.0
2023-04-02 17:30:00+00:00,97.75,99.28,97.03,98.6,77548.0
2023-04-02 18:30:00+00:00,98.22,99.03,96.04,97.05,48109.0
2023-04-02 19:30:00+00:00,97.07,97.67,96.53,97.44,151855.0
2023-04-02 20:30:00+00:00,97.48,98.69,96.51,98.0,136237.0
2023-04-02 21:30:00+00:00,97.99,99.69,97.18,99.07,67808.0
2023-04-02 22:30:00+00:00,99.3,101.46,98.36,100.43,48484.0
2023-04-02 23:30:00+00:00,100.33,100.89,100.07,100.6,48650.0
2023-04-03 00:30:00+00:00,100.59,101.02,98.96,99.77,63815.0
2023-04-03 01:30:00+00:00,99.65,100.2,99.24,99.84,47932.0
2023-04-03 02:30:00+00:00,100.21,102.81,95.91,97.57,127551.0
2023-04-03 03:30:00+00:00,97.37,100.21,96.59,99.2,56514.0
2023-04-03 04:30:00+00:00,99.28,100.16,97.12,97.87,34350.0
2023-04-03 05:30:00+00:00,98.16,98.7,96.85,97.55,71667.0
2023-04-03 06:30:00+00:00,97.43,98.17,96.41,97.0,69106.0
2023-04-03 07:30:00+00:00,96.91,101.12,94.33,99.94,146578.0
2023-04-03 08:30:00+00:00,99.84,100.75,98.2,99.15,248931.0
2023-04-03 09:30:00+00:00,99.05,99.33,98.7,98.88,77913.0
2023-04-03 10:30:00+00:00,98.88,102.78,97.38,100.9,79079.0
2023-04-03 11:30:00+00:00,100.92,101.93,100.2,101.53,21085.0
2023-04-03 12:30:00+00:00,101.67,102.45,99.67,100.61,51199.0
2023-04-03 13:30:00+00:00,100.66,103.17,99.82,102.14,33334.0
2023-04-03 14:30:00+00:00,102.08,102.55,101.38,101.83,78006.0
2023-04-03 15:30:00+00:00,101.77,103.94,100.78,103.09,40083.0
2023-04-03 16:30:00+00:00,103.23,106.53,102.23,105.16,60979.0
2023-04-03 17:30:00+00:00,105.27,106.4,103.16,104.12,87262.0
2023-04-03 18:30:00+00:00,104.25,105.83,101.83,102.53,85053.0
2023-04-03 19:30:00+00:00,102.54,103.21,101.02,101.68,57560.0
2023-04-03 20:30:00+00:00,101.91,103.21,101.01,102.62,42222.0
2023-04-03 21:30:00+00:00,102.51,108.53,100.83,105.78,50537.0
2023-04-03 22:30:00+00:00,105.84,107.89,104.89,106.8,17439.0
2023-04-03 23:30:00+00:00,106.63,108.82,105.22,108.05,40485.0
2023-04-04 00:30:00+00:00,108.22,109.06,106.61,107.49,40606.0
2023-04-04 01:30:00+00:00,107.61,107.92,107.31,107.65,39546.0
2023-04-04 02:30:00+00:00,107.69,109.09,107.03,108.22,97380.0
2023-04-04 03:30:00+00:00,108.1,109.58,103.54,105.41,36286.0
2023-04-04 04:30:00+00:00,105.45,105.74,104.33,104.89,23119.0
2023-04-04 05:30:00+00:00,105.14,106.44,103.52,104.23,50550.0
2023-04-04 06:30:00+00:00,104.14,104.88,103.51,104.43,46253.0
2023-04-04 07:30:00+00:00,104.32,107.96,102.86,106.13,41292.0
2023-04-04 08:30:00+00:00,106.03,106.98,105.45,106.51,61896.0
2023-04-04 09:30:00+00:00,106.58,109.47,105.72,108.0,30991.0
2023-04-04 10:30:00+00:00,108.05,109.57,107.28,109.06,71692.0
2023-04-04 11:30:00+00:00,108.75,111.55,107.95,110.09,46141.0
2023-04-04 12:30:00+00:00,109.94,110.43,108.8,109.55,49186.0
2023-04-04 13:30:00+00:00,109.54,109.99,109.11,109.44,75636.0
2023-04-04 14:30:00+00:00,109.63,109.99,109.42,109.68,30115.0
2023-04-04 15:30:00+00:00,109.88,110.78,108.83,109.22,118724.0
2023-04-04 16:30:00+00:00,108.95,110.57,108.19,109.89,22023.0
2023-04-04 17:30:00+00:00,109.87,110.64,107.98,108.67,47532.0
2023-04-04 18:30:00+00:00,108.46,110.79,107.68,110.17,54746.0
2023-04-04 19:30:00+00:00,110.24,110.57,109.85,110.28,70195.0
2023-04-04 20:30:00+00:00,110.36,112.59,106.98,108.22,95130.0
2023-04-04 21:30:00+00:00,108.16,112.0,106.32,110.23,42713.0
2023-04-04 22:30:00+00:00,110.02,114.49,108.54,112.63,40151.0
2023-04-04 23:30:00+00:00,112.62,116.44,111.61,114.76,74613.0
2023-04-05 00:30:00+00:00,114.96,115.61,112.79,113.64,31635.0
2023-04-05 01:30:00+00:00,113.65,114.3,110.86,112.31,237972.0
2023-04-05 02:30:00+00:00,112.19,112.37,111.81,112.09,56787.0
2023-04-05 03:30:00+00:00,112.21,113.02,110.22,111.09,46741.0
2023-04-05 04:30:00+00:00,111.31,113.89,110.0,112.45,19195.0
2023-04-05 05:30:00+00:00,112.61,113.8,110.25,111.45,62680.0
2023-04-05 06:30:00+00:00,111.35,111.73,110.31,110.96,85585.0
2023-04-05 07:30:00+00:00,111.04,112.27,110.28,111.75,46682.0
2023-04-05 08:30:00+00:00,111.45,112.04,110.96,111.66,39625.0
2023-04-05 09:30:00+00:00,111.42,112.52,108.74,110.09,93454.0
2023-04-05 10:30:00+00:00,110.02,110.94,109.56,110.64,31706.0
2023-04-05 11:30:00+00:00,110.68,111.06,109.46,109.94,44702.0
2023-04-05 12:30:00+00:00,110.27,110.84,109.9,110.55,50480.0
2023-04-05 13:30:00+00:00,110.51,111.47,109.64,111.01,44325.0
2023-04-05 14:30:00+00:00,111.23,111.77,110.99,111.38,89601.0
2023-04-05 15:30:00+00:00,111.86,112.96,108.41,109.97,81166.0
2023-04-05 16:30:00+00:00,109.74,110.33,108.44,109.09,61754.0
2023-04-05 17:30:00+00:00,108.9,110.17,107.87,109.62,54693.0
2023-04-05 18:30:00+00:00,110.12,112.38,106.12,107.64,63485.0
2023-04-05 19:30:00+00:00,107.6,111.97,105.62,110.03,123037.0
2023-04-05 20:30:00+00:00,109.89,110.77,109.25,110.33,47619.0
2023-04-05 21:30:00+00:00,110.23,111.35,109.82,110.72,46418.0
2023-04-05 22:30:00+00:00,111.03,112.3,108.32,109.18,37575.0
2023-04-05 23:30:00+00:00,109.09,109.83,107.79,108.55,51056.0
2023-04-06 00:30:00+00:00,108.37,109.0,107.44,107.77,49277.0
2023-04-06 01:30:00+00:00,107.61,109.37,104.01,105.24,41233.0
2023-04-06 02:30:00+00:00,105.23,106.47,102.23,103.57,36897.0
2023-04-06 03:30:00+00:00,103.35,107.12,101.72,105.5,44676.0
2023-04-06 04:30:00+00:00,105.62,106.83,102.89,103.91,63731.0
2023-04-06 05:30:00+00:00,104.04,104.28,103.8,104.08,68663.0
2023-04-06 06:30:00+00:00,104.27,106.46,103.02,105.5,78965.0
2023-04-06 07:30:00+00:00,105.46,105.96,103.91,104.79,45476.0
2023-04-06 08:30:00+00:00,104.92,105.84,104.55,105.24,63890.0
2023-04-06 09:30:00+00:00,105.29,105.57,104.25,104.88,10439.0
2023-04-06 10:30:00+00:00,104.72,105.19,103.76,104.25,40545.0
2023-04-06 11:30:00+00:00,104.35,107.0,103.48,105.78,35321.0
2023-04-06 12:30:00+00:00,106.07,107.18,104.12,105.24,47366.0
2023-04-06 13:30:00+00:00,105.13,106.91,101.08,102.09,47866.0
2023-04-06 14:30:00+00:00,102.14,103.44,99.26,100.41,49388.0
2023-04-06 15:30:00+00:00,100.48,100.84,99.53,100.05,72103.0
2023-04-06 16:30:00+00:00,100.07,102.28,98.84,101.08,59946.0
2023-04-06 17:30:00+00:00,101.01,101.5,99.42,99.95,88971.0
2023-04-06 18:30:00+00:00,99.81,102.72,98.68,101.75,24591.0
2023-04-06 19:30:00+00:00,101.73,104.27,97.17,99.06,25809.0
2023-04-06 20:30:00+00:00,99.14,100.04,97.3,98.08,64131.0
2023-04-06 21:30:00+00:00,98.17,98.7,97.49,97.98,60665.0
2023-04-06 22:30:00+00:00,98.01,98.48,96.73,97.35,77812.0
2023-04-06 23:30:00+00:00,97.4,98.03,95.31,96.3,56011.0
2023-04-07 00:30:00+00:00,96.14,98.21,95.07,97.29,23903.0
2023-04-07 01:30:00+00:00,97.53,99.14,93.69,95.47,78608.0
2023-04-07 02:30:00+00:00,95.36,95.79,93.78,94.47,26212.0
2023-04-07 03:30:00+00:00,94.26,94.77,93.4,93.94,43811.0
2023-04-07 04:30:00+00:00,93.71,95.17,90.0,91.56,43912.0
2023-04-07 05:30:00+00:00,91.68,92.05,90.96,91.37,122364.0
2023-04-07 06:30:00+00:00,91.57,91.75,91.17,91.49,99283.0
2023-04-07 07:30:00+00:00,91.22,92.11,90.34,91.73,30855.0
2023-04-07 08:30:00+00:00,91.71,94.15,90.3,93.08,71015.0
2023-04-07 09:30:00+00:00,93.07,93.98,90.85,92.14,84977.0
2023-04-07 10:30:00+00:00,92.2,94.31,91.45,93.15,121812.0
2023-04-07 11:30:00+00:00,92.97,93.86,92.65,93.35,92221.0
2023-04-07 12:30:00+00:00,93.39,93.91,92.03,92.52,104345.0
2023-04-07 13:30:00+00:00,92.48,93.89,89.55,90.96,93159.0
2023-04-07 14:30:00+00:00,90.97,93.57,90.16,92.2,89024.0
2023-04-07 15:30:00+00:00,92.12,93.16,87.41,89.71,43728.0
2023-04-07 16:30:00+00:00,89.68,91.4,88.8,90.55,60887.0
2023-04-07 17:30:00+00:00,90.38,90.85,90.15,90.55,26281.0
2023-04-07 18:30:00+00:00,90.49,93.43,89.08,91.84,47786.0
2023-04-07 19:30:00+00:00,91.9,92.57,89.51,90.62,39615.0
2023-04-07 20:30:00+00:00,90.35,91.59,87.43,88.36,59790.0
2023-04-07 21:30:00+00:00,88.14,88.97,87.63,88.57,63008.0
2023-04-07 22:30:00+00:00,88.47,89.54,87.87,89.14,118782.0
2023-04-07 23:30:00+00:00,88.96,90.84,87.84,90.0,46795.0
2023-04-08 00:30:00+00:00,90.25,90.67,89.62,89.95,24559.0
2023-04-08 01:30:00+00:00,89.85,90.35,88.99,89.52,42043.0
2023-04-08 02:30:00+00:00,89.55,90.18,88.38,89.05,39351.0
2023-04-08 03:30:00+00:00,88.94,90.04,88.56,89.49,57773.0
2023-04-08 04:30:00+00:00,89.29,90.04,86.94,87.84,30365.0
2023-04-08 05:30:00+00:00,88.13,88.65,87.05,87.64,53581.0
2023-04-08 06:30:00+00:00,87.57,88.1,87.17,87.85,47751.0
2023-04-08 07:30:00+00:00,87.97,90.55,86.14,89.78,64924.0
2023-04-08 08:30:00+00:00,89.91,90.77,88.28,89.23,62268.0
2023-04-08 09:30:00+00:00,89.25,90.34,87.15,87.82,71065.0
2023-04-08 10:30:00+00:00,87.51,91.89,85.92,89.83,54044.0
2023-04-08 11:30:00+00:00,89.75,90.72,89.27,90.09,72208.0
2023-04-08 12:30:00+00:00,90.18,91.96,89.13,91.19,37399.0
2023-04-08 13:30:00+00:00,91.1,92.0,88.88,90.1,51166.0
2023-04-08 14:30:00+00:00,90.07,92.05,86.29,87.96,25047.0
2023-04-08 15:30:00+00:00,87.99,88.36,86.6,87.36,65615.0
2023-04-08 16:30:00+00:00,87.45,88.28,86.8,87.81,46404.0
2023-04-08 17:30:00+00:00,87.83,89.21,87.08,88.57,39205.0
2023-04-08 18:30:00+00:00,88.7,90.03,87.97,89.6,77513.0
2023-04-08 19:30:00+00:00,89.43,89.98,87.87,88.47,114805.0
2023-04-08 20:30:00+00:00,88.26,88.93,87.89,88.38,98996.0
2023-04-08 21:30:00+00:00,88.26,89.84,84.32,86.08,89478.0
2023-04-08 22:30:00+00:00,86.19,86.81,83.63,84.48,41044.0
2023-04-08 23:30:00+00:00,84.44,85.32,83.12,83.69,29575.0
2023-04-09 00:30:00+00:00,83.69,83.89,83.08,83.35,20856.0
2023-04-09 01:30:00+00:00,83.13,85.11,82.1,84.59,36235.0
2023-04-09 02:30:00+00:00,84.55,85.68,84.08,85.1,72480.0
2023-04-09 03:30:00+00:00,84.98,87.38,83.98,86.5,22348.0
2023-04-09 04:30:00+00:00,86.32,87.96,82.0,84.09,70770.0
2023-04-09 05:30:00+00:00,84.04,84.39,83.83,84.12,79994.0
2023-04-09 06:30:00+00:00,84.14,85.26,80.93,82.46,61683.0
2023-04-09 07:30:00+00:00,82.06,84.2,80.9,83.27,42272.0
2023-04-09 08:30:00+00:00,83.4,84.25,82.21,82.58,46629.0
2023-04-09 09:30:00+00:00,82.46,83.01,82.16,82.63,70452.0
2023-04-09 10:30:00+00:00,82.67,83.83,82.14,83.3,32295.0
2023-04-09 11:30:00+00:00,83.33,83.7,82.89,83.14,109410.0
2023-04-09 12:30:00+00:00,82.98,83.98,80.94,81.64,37389.0
2023-04-09 13:30:00+00:00,81.56,82.4,79.63,80.5,41967.0
2023-04-09 14:30:00+00:00,80.36,80.92,78.45,79.04,53784.0
2023-04-09 15:30:00+00:00,78.93,79.88,77.19,77.89,19890.0
2023-04-09 16:30:00+00:00,77.84,78.32,76.39,77.04,58875.0
2023-04-09 17:30:00+00:00,77.08,77.74,76.86,77.54,83739.0
2023-04-09 18:30:00+00:00,77.45,79.16,73.79,75.0,47267.0
2023-04-09 19:30:00+00:00,75.31,78.82,73.37,77.61,45977.0
2023-04-09 20:30:00+00:00,77.71,78.07,76.89,77.24,46170.0
2023-04-09 21:30:00+00:00,77.33,77.57,76.95,77.14,99114.0
2023-04-09 22:30:00+00:00,77.21,78.17,75.28,76.24,32130.0
2023-04-09 23:30:00+00:00,76.28,76.89,74.88,75.59,67642.0
2023-04-10 00:30:00+00:00,75.63,76.14,74.42,75.02,50017.0
2023-04-10 01:30:00+00:00,75.04,75.7,73.25,73.98,114974.0
2023-04-10 02:30:00+00:00,73.99,76.13,73.15,75.06,35560.0
2023-04-10 03:30:00+00:00,75.13,75.47,74.28,74.64,24292.0
2023-04-10 04:30:00+00:00,74.58,74.8,74.19,74.5,62019.0
2023-04-10 05:30:00+00:00,74.55,75.27,73.49,73.84,47610.0
2023-04-10 06:30:00+00:00,73.64,78.47,71.76,76.97,93922.0
2023-04-10 07:30:00+00:00,76.96,77.86,75.76,76.21,36837.0
2023-04-10 08:30:00+00:00,76.39,77.25,75.81,76.71,108892.0
2023-04-10 09:30:00+00:00,76.8,78.65,76.14,77.95,37084.0
2023-04-10 10:30:00+00:00,78.06,79.09,75.7,76.67,103834.0
2023-04-10 11:30:00+00:00,76.73,77.23,74.98,75.66,51833.0
2023-04-10 12:30:00+00:00,75.81,76.86,73.06,74.42,29612.0
2023-04-10 13:30:00+00:00,74.47,75.03,74.06,74.78,66079.0
2023-04-10 14:30:00+00:00,74.85,75.75,74.35,75.31,51361.0
2023-04-10 15:30:00+00:00,75.18,77.06,74.16,76.39,37798.0
2023-04-10 16:30:00+00:00,76.36,76.93,74.64,75.37,41115.0
2023-04-10 17:30:00+00:00,75.22,75.88,74.78,75.44,56827.0
2023-04-10 18:30:00+00:00,75.32,75.69,74.32,74.93,40453.0
2023-04-10 19:30:00+00:00,74.82,75.68,74.46,75.42,29093.0
2023-04-10 20:30:00+00:00,75.33,77.48,70.33,72.46,33080.0
2023-04-10 21:30:00+00:00,72.41,75.31,71.7,74.46,66068.0
2023-04-10 22:30:00+00:00,74.4,74.8,73.07,73.73,54748.0
2023-04-10 23:30:00+00:00,73.66,75.78,72.75,74.61,27771.0
2023-04-11 00:30:00+00:00,74.39,75.29,72.86,73.59,56774.0
2023-04-11 01:30:00+00:00,73.57,74.27,73.19,73.88,91719.0
2023-04-11 02:30:00+00:00,73.78,74.19,72.94,73.27,102966.0
2023-04-11 03:30:00+00:00,73.28,73.88,72.17,72.69,52800.0
2023-04-11 04:30:00+00:00,72.79,75.06,71.93,74.3,71225.0
2023-04-11 05:30:00+00:00,74.27,77.67,72.46,76.25,57019.0
2023-04-11 06:30:00+00:00,76.22,76.74,74.38,75.11,23086.0
2023-04-11 07:30:00+00:00,75.19,75.97,74.27,74.73,38705.0
2023-04-11 08:30:00+00:00,74.83,76.3,72.24,73.2,52221.0
2023-04-11 09:30:00+00:00,73.17,75.68,71.81,74.6,60259.0
2023-04-11 10:30:00+00:00,74.56,76.06,74.02,75.57,41617.0
2023-04-11 11:30:00+00:00,75.36,77.22,74.45,76.35,43019.0
2023-04-11 12:30:00+00:00,76.4,77.39,73.85,75.06,23079.0
2023-04-11 13:30:00+00:00,75.03,75.6,74.64,75.26,38763.0
2023-04-11 14:30:00+00:00,75.36,75.74,74.48,74.84,52955.0
2023-04-11 15:30:00+00:00,74.71,75.04,73.81,74.3,28037.0
2023-04-11 16:30:00+00:00,74.32,74.56,74.0,74.33,52469.0
2023-04-11 17:30:00+00:00,74.22,75.66,73.75,75.19,55315.0
2023-04-11 18:30:00+00:00,75.22,77.48,74.1,76.5,33818.0
2023-04-11 19:30:00+00:00,76.55,77.59,76.29,77.01,31784.0
2023-04-11 20:30:00+00:00,77.25,79.13,76.39,78.41,36236.0
2023-04-11 21:30:00+00:00,78.37,78.98,78.18,78.66,65615.0
2023-04-11 22:30:00+00:00,78.67,78.91,78.1,78.6,72589.0
2023-04-11 23:30:00+00:00,78.38,79.9,77.9,79.17,74550.0
2023-04-12 00:30:00+00:00,79.03,80.07,78.34,79.39,47324.0
2023-04-12 01:30:00+00:00,79.37,79.76,79.18,79.56,38932.0
2023-04-12 02:30:00+00:00,79.52,82.36,78.73,81.34,48783.0
2023-04-12 03:30:00+00:00,81.38,83.47,80.71,82.63,32032.0
2023-04-12 04:30:00+00:00,82.64,83.33,82.06,82.91,74042.0
2023-04-12 05:30:00+00:00,82.65,83.01,82.46,82.75,72711.0
2023-04-12 06:30:00+00:00,82.89,84.28,81.99,83.52,90815.0
2023-04-12 07:30:00+00:00,83.49,85.02,83.05,84.57,138510.0
2023-04-12 08:30:00+00:00,84.45,84.54,84.2,84.39,82649.0
2023-04-12 09:30:00+00:00,84.38,85.37,82.48,83.4,51651.0
2023-04-12 10:30:00+00:00,83.44,85.3,79.53,81.19,61657.0
2023-04-12 11:30:00+00:00,81.28,84.84,79.84,83.43,36904.0
2023-04-12 12:30:00+00:00,83.44,83.87,83.14,83.64,45460.0
2023-04-12 13:30:00+00:00,83.63,83.98,83.36,83.59,71926.0
2023-04-12 14:30:00+00:00,83.64,85.73,82.63,84.86,32572.0
2023-04-12 15:30:00+00:00,84.86,88.01,84.1,87.1,22453.0
2023-04-12 16:30:00+00:00,86.8,87.63,85.48,85.99,63524.0
2023-04-12 17:30:00+00:00,86.18,89.34,84.55,88.12,66137.0
2023-04-12 18:30:00+00:00,88.04,91.1,86.27,89.91,35375.0
2023-04-12 19:30:00+00:00,89.92,92.26,88.81,91.47,142992.0
2023-04-12 20:30:00+00:00,91.51,92.0,90.85,91.14,67374.0
2023-04-12 21:30:00+00:00,91.26,91.52,90.93,91.15,91098.0
2023-04-12 22:30:00+00:00,91.09,92.65,89.84,92.0,44396.0
2023-04-12 23:30:00+00:00,92.17,92.91,91.79,92.46,53389.0
2023-04-13 00:30:00+00:00,92.28,93.24,91.91,92.62,25868.0
2023-04-13 01:30:00+00:00,92.53,95.66,91.3,93.97,78500.0
2023-04-13 02:30:00+00:00,94.01,95.88,92.96,94.88,25108.0
2023-04-13 03:30:00+00:00,94.62,94.88,93.79,94.05,43178.0
2023-04-13 04:30:00+00:00,93.96,94.94,90.63,92.1,51189.0
2023-04-13 05:30:00+00:00,91.95,92.17,91.76,92.07,73258.0
2023-04-13 06:30:00+00:00,92.1,92.45,91.84,92.1,89029.0
2023-04-13 07:30:00+00:00,91.82,92.75,89.54,90.69,113359.0
2023-04-13 08:30:00+00:00,90.79,91.73,88.56,89.52,75080.0
2023-04-13 09:30:00+00:00,89.73,91.56,86.45,87.82,29109.0
2023-04-13 10:30:00+00:00,87.69,87.89,87.3,87.58,25796.0
2023-04-13 11:30:00+00:00,87.62,88.86,84.5,85.48,26599.0
2023-04-13 12:30:00+00:00,85.64,87.61,85.07,86.6,23538.0
2023-04-13 13:30:00+00:00,86.47,86.73,86.04,86.29,34109.0
2023-04-13 14:30:00+00:00,86.05,87.08,85.44,86.54,43798.0
2023-04-13 15:30:00+00:00,86.42,91.39,85.16,89.29,27063.0
2023-04-13 16:30:00+00:00,89.19,89.92,88.47,89.55,142695.0
2023-04-13 17:30:00+00:00,89.8,91.99,85.58,87.68,27948.0
2023-04-13 18:30:00+00:00,87.63,90.28,87.01,89.17,40553.0
2023-04-13 19:30:00+00:00,89.21,89.42,88.85,89.11,42841.0
2023-04-13 20:30:00+00:00,89.11,89.73,86.24,87.32,53970.0
2023-04-13 21:30:00+00:00,87.51,89.11,84.6,85.65,31350.0
2023-04-13 22:30:00+00:00,85.43,85.58,85.25,85.45,44009.0
2023-04-13 23:30:00+00:00,85.35,85.67,84.49,84.98,32358.0
2023-04-14 00:30:00+00:00,85.07,88.14,83.75,86.79,34345.0
2023-04-14 01:30:00+00:00,86.85,87.42,85.0,85.8,25168.0
2023-04-14 02:30:00+00:00,85.76,86.91,85.08,86.45,47539.0
2023-04-14 03:30:00+00:00,86.3,87.85,85.52,86.98,85255.0
2023-04-14 04:30:00+00:00,87.01,88.33,85.01,85.83,70909.0
2023-04-14 05:30:00+00:00,85.92,86.97,85.58,86.38,44486.0
2023-04-14 06:30:00+00:00,86.5,86.7,85.77,86.19,20662.0
2023-04-14 07:30:00+00:00,86.23,86.77,85.4,86.0,69223.0
2023-04-14 08:30:00+00:00,85.93,86.41,85.66,86.03,40515.0
2023-04-14 09:30:00+00:00,86.21,88.62,84.98,87.32,16930.0
2023-04-14 10:30:00+00:00,87.22,88.73,86.41,87.92,52466.0
2023-04-14 11:30:00+00:00,87.79,92.1,85.32,90.63,67147.0
2023-04-14 12:30:00+00:00,90.72,91.29,89.99,90.5,84408.0
2023-04-14 13:30:00+00:00,90.59,91.23,88.73,89.55,16891.0
2023-04-14 14:30:00+00:00,89.39,91.21,88.64,90.52,55726.0
2023-04-14 15:30:00+00:00,90.67,92.05,86.06,88.01,77540.0
2023-04-14 16:30:00+00:00,88.01,92.35,86.45,90.41,49496.0
2023-04-14 17:30:00+00:00,90.24,95.84,87.67,93.58,25938.0
2023-04-14 18:30:00+00:00,93.8,97.03,92.66,95.78,62875.0
2023-04-14 19:30:00+00:00,95.62,97.91,94.82,96.77,38829.0
2023-04-14 20:30:00+00:00,96.47,97.15,95.95,96.68,110780.0
2023-04-14 21:30:00+00:00,96.68,98.89,95.65,97.75,55968.0
2023-04-14 22:30:00+00:00,97.58,98.16,96.1,96.85,24652.0
2023-04-14 23:30:00+00:00,96.94,98.66,95.92,97.64,18912.0
2023-04-15 00:30:00+00:00,97.53,98.5,97.08,98.08,22800.0
2023-04-15 01:30:00+00:00,98.09,99.98,96.84,99.19,43416.0
2023-04-15 02:30:00+00:00,99.27,100.59,96.26,97.8,82399.0
2023-04-15 03:30:00+00:00,97.83,99.39,96.92,98.54,142655.0
2023-04-15 04:30:00+00:00,98.83,99.77,97.74,98.26,39879.0
2023-04-15 05:30:00+00:00,98.01,98.85,96.5,97.14,142873.0
2023-04-15 06:30:00+00:00,97.11,97.98,95.72,96.31,54584.0
2023-04-15 07:30:00+00:00,96.38,97.01,95.87,96.66,25246.0
2023-04-15 08:30:00+00:00,96.71,98.26,95.86,97.35,33855.0
2023-04-15 09:30:00+00:00,97.39,99.41,91.54,93.06,55561.0
2023-04-15 10:30:00+00:00,92.78,93.35,91.78,92.33,86573.0
2023-04-15 11:30:00+00:00,92.51,95.92,91.3,94.49,106837.0
2023-04-15 12:30:00+00:00,94.6,99.3,92.37,97.15,33416.0
2023-04-15 13:30:00+00:00,96.93,98.27,96.47,97.84,100123.0
2023-04-15 14:30:00+00:00,98.01,98.67,97.36,97.66,56505.0
2023-04-15 15:30:00+00:00,97.67,98.23,95.86,96.77,88162.0
2023-04-15 16:30:00+00:00,96.81,101.13,95.25,99.41,20411.0
2023-04-15 17:30:00+00:00,99.38,99.59,99.18,99.39,36678.0
2023-04-15 18:30:00+00:00,99.58,101.32,98.3,100.6,83431.0
2023-04-15 19:30:00+00:00,100.72,102.14,97.17,98.56,112094.0
2023-04-15 20:30:00+00:00,98.29,98.9,96.89,97.61,41145.0
2023-04-15 21:30:00+00:00,97.33,101.19,95.52,99.93,75025.0
2023-04-15 22:30:00+00:00,99.93,101.78,98.95,101.14,101659.0
2023-04-15 23:30:00+00:00,101.15,101.88,100.61,101.49,99662.0
2023-04-16 00:30:00+00:00,101.47,102.76,97.63,99.24,44689.0
2023-04-16 01:30:00+00:00,99.43,100.37,99.07,99.98,56940.0
2023-04-16 02:30:00+00:00,100.06,101.42,99.67,100.83,17819.0
2023-04-16 03:30:00+00:00,100.7,103.52,99.79,102.58,49666.0
2023-04-16 04:30:00+00:00,102.75,104.7,99.41,100.71,29312.0
2023-04-16 05:30:00+00:00,100.84,102.15,97.88,99.12,68872.0
2023-04-16 06:30:00+00:00,99.25,99.45,99.13,99.26,80648.0
2023-04-16 07:30:00+00:00,99.42,99.59,99.07,99.3,44490.0
2023-04-16 08:30:00+00:00,99.25,99.72,98.3,98.89,89930.0
2023-04-16 09:30:00+00:00,98.85,99.93,97.04,98.12,46913.0
2023-04-16 10:30:00+00:00,98.02,99.0,95.86,96.73,40999.0
2023-04-16 11:30:00+00:00,96.7,97.0,96.31,96.72,35199.0
2023-04-16 12:30:00+00:00,96.95,97.83,94.19,95.13,59806.0
2023-04-16 13:30:00+00:00,95.01,95.34,94.26,94.59,49057.0
2023-04-16 14:30:00+00:00,94.44,96.37,93.99,95.42,41326.0
2023-04-16 15:30:00+00:00,95.24,96.16,93.32,94.24,94651.0
2023-04-16 16:30:00+00:00,94.26,94.58,93.38,93.89,36292.0
2023-04-16 17:30:00+00:00,93.95,97.97,92.03,96.81,75490.0
2023-04-16 18:30:00+00:00,96.76,98.27,93.37,95.09,52416.0
2023-04-16 19:30:00+00:00,95.15,95.86,93.83,94.35,33999.0
2023-04-16 20:30:00+00:00,94.28,94.85,94.06,94.59,77931.0
2023-04-16 21:30:00+00:00,94.78,97.62,93.37,96.46,44296.0
2023-04-16 22:30:00+00:00,96.34,98.77,94.85,97.58,97307.0
2023-04-16 23:30:00+00:00,97.56,100.97,95.64,99.48,41421.0
2023-04-17 00:30:00+00:00,99.42,101.69,98.54,100.72,91159.0
2023-04-17 01:30:00+00:00,100.55,101.5,98.84,99.72,53468.0
2023-04-17 02:30:00+00:00,99.49,100.36,98.4,98.95,35004.0
2023-04-17 03:30:00+00:00,98.9,99.17,98.66,98.87,61013.0
2023-04-17 04:30:00+00:00,98.79,99.72,98.48,99.2,20952.0
2023-04-17 05:30:00+00:00,99.0,102.42,97.93,100.89,119945.0
2023-04-17 06:30:00+00:00,101.0,101.93,99.54,100.31,40240.0
2023-04-17 07:30:00+00:00,100.24,101.37,99.87,100.84,91542.0
2023-04-17 08:30:00+00:00,100.96,102.88,100.18,102.14,53117.0
2023-04-17 09:30:00+00:00,102.19,103.96,97.33,99.76,124756.0
2023-04-17 10:30:00+00:00,99.93,100.62,99.51,100.23,24257.0
2023-04-17 11:30:00+00:00,100.21,100.49,100.03,100.35,40819.0
2023-04-17 12:30:00+00:00,100.24,100.72,99.17,99.8,142549.0
2023-04-17 13:30:00+00:00,99.94,100.64,97.96,99.07,60525.0
2023-04-17 14:30:00+00:00,99.03,100.69,93.15,95.9,40443.0
2023-04-17 15:30:00+00:00,95.77,97.13,92.84,93.82,140937.0
2023-04-17 16:30:00+00:00,93.84,94.11,93.47,93.74,41842.0
2023-04-17 17:30:00+00:00,93.73,94.12,91.75,92.76,37596.0
2023-04-17 18:30:00+00:00,92.43,95.5,91.67,94.17,63496.0
2023-04-17 19:30:00+00:00,94.32,95.53,92.11,92.88,25377.0
2023-04-17 20:30:00+00:00,92.76,93.63,91.27,91.73,15994.0
2023-04-17 21:30:00+00:00,91.69,94.24,90.76,92.98,40124.0
2023-04-17 22:30:00+00:00,93.15,93.46,92.25,92.88,87902.0
2023-04-17 23:30:00+00:00,92.95,94.84,92.03,94.07,40610.0
2023-04-18 00:30:00+00:00,94.02,94.86,92.05,93.06,119084.0
2023-04-18 01:30:00+00:00,93.26,94.06,90.81,91.68,14432.0
2023-04-18 02:30:00+00:00,91.47,94.52,90.46,93.31,52546.0
2023-04-18 03:30:00+00:00,93.25,95.51,92.19,94.37,61765.0
2023-04-18 04:30:00+00:00,94.23,94.81,92.18,92.75,33618.0
2023-04-18 05:30:00+00:00,92.68,93.62,90.53,91.59,50540.0
2023-04-18 06:30:00+00:00,91.64,96.18,89.41,94.66,53192.0
2023-04-18 07:30:00+00:00,94.66,95.58,94.16,94.98,76393.0
2023-04-18 08:30:00+00:00,94.94,99.68,92.26,98.5,43933.0
2023-04-18 09:30:00+00:00,98.58,98.92,98.38,98.74,92565.0
2023-04-18 10:30:00+00:00,98.79,98.97,98.56,98.77,68658.0
2023-04-18 11:30:00+00:00,98.99,100.35,98.38,99.54,65307.0
2023-04-18 12:30:00+00:00,99.41,103.2,97.56,101.65,77056.0
2023-04-18 13:30:00+00:00,101.65,102.24,101.24,101.73,71201.0
2023-04-18 14:30:00+00:00,101.79,102.12,101.01,101.45,47951.0
2023-04-18 15:30:00+00:00,101.68,102.42,100.51,101.14,90764.0
2023-04-18 16:30:00+00:00,101.09,101.41,100.24,100.7,64009.0
2023-04-18 17:30:00+00:00,100.48,102.57,99.54,101.34,67821.0
2023-04-18 18:30:00+00:00,101.0,105.62,99.37,103.61,29758.0
2023-04-18 19:30:00+00:00,103.67,105.35,103.2,104.51,25788.0
2023-04-18 20:30:00+00:00,104.42,105.43,103.08,103.67,44328.0
2023-04-18 21:30:00+00:00,103.49,104.01,102.82,103.35,46167.0
2023-04-18 22:30:00+00:00,103.18,103.93,101.34,102.32,30680.0
2023-04-18 23:30:00+00:00,102.33,102.59,101.92,102.3,57960.0
2023-04-19 00:30:00+00:00,102.33,103.77,99.3,100.22,77433.0
2023-04-19 01:30:00+00:00,100.52,102.08,99.32,101.45,77732.0
2023-04-19 02:30:00+00:00,101.38,102.39,100.74,101.74,139647.0
2023-04-19 03:30:00+00:00,101.51,102.03,100.65,101.12,21069.0
2023-04-19 04:30:00+00:00,101.02,101.39,100.87,101.05,89829.0
2023-04-19 05:30:00+00:00,101.03,101.18,100.78,101.0,152198.0
2023-04-19 06:30:00+00:00,100.87,102.16,100.34,101.28,128756.0
2023-04-19 07:30:00+00:00,101.23,101.61,101.08,101.44,62336.0
2023-04-19 08:30:00+00:00,101.56,103.91,100.13,102.92,24558.0
2023-04-19 09:30:00+00:00,102.72,105.6,101.51,104.17,52784.0
2023-04-19 10:30:00+00:00,104.39,106.7,98.95,101.14,59361.0
2023-04-19 11:30:00+00:00,101.24,102.04,100.75,101.56,56491.0
2023-04-19 12:30:00+00:00,101.63,106.43,99.8,104.93,71074.0
2023-04-19 13:30:00+00:00,104.91,105.42,103.4,104.01,41853.0
2023-04-19 14:30:00+00:00,104.11,105.0,103.81,104.61,35916.0
2023-04-19 15:30:00+00:00,104.72,105.26,103.08,103.98,52838.0
2023-04-19 16:30:00+00:00,103.57,104.51,99.65,101.56,46449.0
2023-04-19 17:30:00+00:00,101.54,105.22,100.17,103.4,64587.0
2023-04-19 18:30:00+00:00,103.32,105.33,102.04,104.53,60440.0
2023-04-19 19:30:00+00:00,104.69,107.29,99.34,101.22,65510.0
2023-04-19 20:30:00+00:00,101.38,102.07,100.35,100.85,52731.0
2023-04-19 21:30:00+00:00,101.03,102.2,100.39,101.64,116609.0
2023-04-19 22:30:00+00:00,101.86,103.54,101.07,102.59,33158.0
2023-04-19 23:30:00+00:00,102.39,103.62,99.35,100.44,27483.0
2023-04-20 00:30:00+00:00,100.4,102.3,99.57,101.47,69725.0
2023-04-20 01:30:00+00:00,101.12,102.69,100.07,101.71,50404.0
2023-04-20 02:30:00+00:00,101.89,103.79,98.47,99.65,28671.0
2023-04-20 03:30:00+00:00,99.73,100.34,98.62,99.27,133908.0
2023-04-20 04:30:00+00:00,99.31,101.01,98.81,100.23,54471.0
2023-04-20 05:30:00+00:00,100.11,102.68,98.7,101.7,35964.0
2023-04-20 06:30:00+00:00,101.85,102.54,100.62,101.46,32883.0
2023-04-20 07:30:00+00:00,101.48,104.54,99.92,103.56,81567.0
2023-04-20 08:30:00+00:00,103.54,103.97,103.11,103.59,102313.0
2023-04-20 09:30:00+00:00,103.67,104.62,102.77,104.18,59938.0
2023-04-20 10:30:00+00:00,104.02,106.97,103.23,105.46,44613.0
2023-04-20 11:30:00+00:00,105.31,106.46,102.87,104.03,29320.0
2023-04-20 12:30:00+00:00,103.88,104.51,103.33,104.19,35280.0
2023-04-20 13:30:00+00:00,103.91,104.54,101.08,102.47,16092.0
2023-04-20 14:30:00+00:00,102.37,103.89,98.76,100.21,20980.0
2023-04-20 15:30:00+00:00,100.44,101.39,98.07,99.27,145983.0
2023-04-20 16:30:00+00:00,99.14,100.14,97.41,98.2,106164.0
2023-04-20 17:30:00+00:00,98.18,98.28,97.98,98.11,62056.0
2023-04-20 18:30:00+00:00,98.19,99.39,97.39,98.91,67973.0
2023-04-20 19:30:00+00:00,99.07,99.64,98.03,98.81,55661.0
2023-04-20 20:30:00+00:00,99.06,100.35,97.0,97.85,54336.0
2023-04-20 21:30:00+00:00,98.03,98.59,97.47,98.2,43630.0
2023-04-20 22:30:00+00:00,98.08,98.63,95.82,96.84,75472.0
2023-04-20 23:30:00+00:00,96.7,97.35,96.15,96.81,76198.0
2023-04-21 00:30:00+00:00,96.73,99.28,95.6,98.55,56401.0
2023-04-21 01:30:00+00:00,98.83,99.63,97.55,98.4,43903.0
2023-04-21 02:30:00+00:00,98.55,99.6,92.9,95.42,31348.0
2023-04-21 03:30:00+00:00,95.31,96.41,90.79,92.03,33895.0
2023-04-21 04:30:00+00:00,91.99,94.24,91.01,93.23,39536.0
2023-04-21 05:30:00+00:00,93.3,94.63,92.77,94.19,48254.0
2023-04-21 06:30:00+00:00,94.0,94.46,93.67,94.15,66424.0
2023-04-21 07:30:00+00:00,94.0,97.08,92.97,95.7,75508.0
2023-04-21 08:30:00+00:00,95.87,96.96,95.34,96.33,15624.0
2023-04-21 09:30:00+00:00,96.17,97.56,95.66,97.17,49182.0
2023-04-21 10:30:00+00:00,97.04,97.78,95.22,95.95,117911.0
2023-04-21 11:30:00+00:00,95.8,99.0,94.61,97.67,53616.0
2023-04-21 12:30:00+00:00,97.48,103.38,95.54,100.5,73319.0
2023-04-21 13:30:00+00:00,100.39,104.7,98.57,102.91,31813.0
2023-04-21 14:30:00+00:00,102.89,103.81,102.31,103.27,44167.0
2023-04-21 15:30:00+00:00,102.99,104.92,101.96,103.91,17395.0
2023-04-21 16:30:00+00:00,104.27,106.51,103.23,105.86,49653.0
2023-04-21 17:30:00+00:00,106.18,107.36,104.54,105.46,54605.0
2023-04-21 18:30:00+00:00,105.54,107.79,104.63,107.03,48092.0
2023-04-21 19:30:00+00:00,106.89,107.66,105.0,106.02,41828.0
2023-04-21 20:30:00+00:00,105.96,110.22,104.95,108.36,66990.0
2023-04-21 21:30:00+00:00,108.33,111.99,106.33,110.59,21477.0
2023-04-21 22:30:00+00:00,111.05,114.31,109.67,113.17,86492.0
2023-04-21 23:30:00+00:00,113.37,115.26,112.3,114.2,72105.0
2023-04-22 00:30:00+00:00,114.14,115.03,110.91,112.45,130584.0
2023-04-22 01:30:00+00:00,112.32,113.6,111.67,113.12,83075.0
2023-04-22 02:30:00+00:00,112.86,114.33,112.22,113.73,52551.0
2023-04-22 03:30:00+00:00,113.52,114.14,113.09,113.62,55361.0
2023-04-22 04:30:00+00:00,113.8,114.07,113.39,113.71,24723.0
2023-04-22 05:30:00+00:00,113.79,119.01,110.59,117.42,28743.0
2023-04-22 06:30:00+00:00,117.4,119.08,116.8,118.31,58170.0
2023-04-22 07:30:00+00:00,118.08,122.07,115.9,120.41,47341.0
2023-04-22 08:30:00+00:00,120.28,122.24,119.56,121.67,70111.0
2023-04-22 09:30:00+00:00,121.86,122.8,119.64,120.8,34028.0
2023-04-22 10:30:00+00:00,121.1,122.25,120.74,121.67,71978.0
2023-04-22 11:30:00+00:00,121.52,122.24,120.62,121.43,30830.0
2023-04-22 12:30:00+00:00,121.37,124.78,120.56,123.3,55311.0
2023-04-22 13:30:00+00:00,123.15,124.53,121.49,122.08,67021.0
2023-04-22 14:30:00+00:00,121.82,123.7,118.32,120.22,128651.0
2023-04-22 15:30:00+00:00,120.28,120.68,119.96,120.38,50538.0
2023-04-22 16:30:00+00:00,120.39,121.49,119.94,120.94,50942.0
2023-04-22 17:30:00+00:00,120.98,121.9,119.83,120.27,53419.0
2023-04-22 18:30:00+00:00,120.43,121.2,119.2,119.68,39145.0
2023-04-22 19:30:00+00:00,119.44,120.73,118.88,120.07,53297.0
2023-04-22 20:30:00+00:00,119.99,120.44,119.75,120.15,43459.0
2023-04-22 21:30:00+00:00,120.09,120.53,119.47,119.74,50907.0
2023-04-22 22:30:00+00:00,119.84,122.36,118.05,121.45,42815.0
2023-04-22 23:30:00+00:00,121.61,122.49,121.23,121.88,31325.0
2023-04-23 00:30:00+00:00,121.84,125.14,120.11,123.67,57575.0
2023-04-23 01:30:00+00:00,123.24,126.26,121.56,124.8,73853.0
2023-04-23 02:30:00+00:00,125.26,126.97,122.05,123.55,85728.0
2023-04-23 03:30:00+00:00,123.42,123.73,122.97,123.43,126940.0
2023-04-23 04:30:00+00:00,123.09,127.24,122.16,125.38,98869.0
2023-04-23 05:30:00+00:00,125.29,126.85,124.85,125.95,39120.0
2023-04-23 06:30:00+00:00,126.09,131.9,124.88,129.34,38514.0
2023-04-23 07:30:00+00:00,129.58,129.9,129.35,129.52,81522.0
2023-04-23 08:30:00+00:00,129.3,129.93,128.85,129.24,54620.0
2023-04-23 09:30:00+00:00,129.41,130.36,125.64,127.46,59065.0
2023-04-23 10:30:00+00:00,127.29,129.68,121.4,124.05,72041.0
2023-04-23 11:30:00+00:00,124.13,125.46,120.44,122.38,145110.0
2023-04-23 12:30:00+00:00,122.56,128.09,120.58,125.5,51244.0
2023-04-23 13:30:00+00:00,125.69,127.39,120.92,122.52,29976.0
2023-04-23 14:30:00+00:00,122.44,127.96,120.07,125.41,29475.0
2023-04-23 15:30:00+00:00,125.67,128.01,124.32,127.06,56879.0
2023-04-23 16:30:00+00:00,126.92,128.42,120.83,123.14,37979.0
2023-04-23 17:30:00+00:00,123.33,124.13,120.24,121.94,12005.0
2023-04-23 18:30:00+00:00,121.97,125.66,120.51,124.15,45165.0
2023-04-23 19:30:00+00:00,124.1,127.77,121.97,126.56,44310.0
2023-04-23 20:30:00+00:00,126.43,129.08,124.85,128.11,28717.0
2023-04-23 21:30:00+00:00,128.3,129.83,127.1,128.87,70081.0
2023-04-23 22:30:00+00:00,129.05,132.15,127.18,131.07,41528.0
2023-04-23 23:30:00+00:00,131.01,133.24,129.73,132.07,14644.0
2023-04-24 00:30:00+00:00,131.91,133.73,126.71,128.56,131583.0
2023-04-24 01:30:00+00:00,128.57,130.29,126.14,127.23,29563.0
2023-04-24 02:30:00+00:00,127.23,129.48,122.31,124.28,37818.0
2023-04-24 03:30:00+00:00,124.27,124.64,123.46,123.82,34866.0
2023-04-24 04:30:00+00:00,123.77,129.22,121.82,126.93,111004.0
2023-04-24 05:30:00+00:00,126.98,129.15,123.64,124.93,40855.0
2023-04-24 06:30:00+00:00,124.43,126.04,119.19,121.57,39935.0
2023-04-24 07:30:00+00:00,121.3,123.05,120.34,122.34,47982.0
2023-04-24 08:30:00+00:00,122.36,124.05,114.88,117.99,34018.0
2023-04-24 09:30:00+00:00,118.01,118.42,117.18,117.61,33974.0
2023-04-24 10:30:00+00:00,117.41,118.68,116.65,117.94,39576.0
2023-04-24 11:30:00+00:00,117.96,122.13,115.65,120.7,24757.0
2023-04-24 12:30:00+00:00,120.66,121.99,119.62,121.45,86310.0
2023-04-24 13:30:00+00:00,120.95,127.53,119.62,125.0,86079.0
2023-04-24 14:30:00+00:00,125.2,125.71,123.07,124.04,49664.0
2023-04-24 15:30:00+00:00,123.96,126.17,123.14,125.21,52513.0
2023-04-24 16:30:00+00:00,125.16,126.34,122.23,123.54,66746.0
2023-04-24 17:30:00+00:00,123.5,125.88,122.02,124.6,58605.0
2023-04-24 18:30:00+00:00,124.36,127.73,122.4,126.49,51977.0
2023-04-24 19:30:00+00:00,126.62,127.83,124.39,125.31,50400.0
2023-04-24 20:30:00+00:00,125.36,125.6,125.19,125.44,129425.0
2023-04-24 21:30:00+00:00,125.47,125.93,124.97,125.61,32460.0
2023-04-24 22:30:00+00:00,125.6,130.22,122.65,128.81,40977.0
2023-04-24 23:30:00+00:00,128.85,129.5,128.01,128.98,29659.0
2023-04-25 00:30:00+00:00,128.88,129.35,128.02,128.54,35213.0
2023-04-25 01:30:00+00:00,128.55,129.24,127.44,128.09,45705.0
2023-04-25 02:30:00+00:00,128.18,131.44,120.65,123.21,36884.0
2023-04-25 03:30:00+00:00,123.19,123.86,122.01,122.5,23809.0
2023-04-25 04:30:00+00:00,122.29,124.67,121.45,123.45,55622.0
2023-04-25 05:30:00+00:00,123.54,124.54,121.92,122.64,44066.0
2023-04-25 06:30:00+00:00,122.46,122.87,121.79,122.15,29592.0
2023-04-25 07:30:00+00:00,122.27,122.81,121.7,122.43,56586.0
2023-04-25 08:30:00+00:00,122.44,125.43,121.18,124.16,52361.0
2023-04-25 09:30:00+00:00,124.07,125.55,123.33,124.62,41081.0
2023-04-25 10:30:00+00:00,124.33,125.63,123.39,124.97,67525.0
2023-04-25 11:30:00+00:00,124.78,126.74,123.92,125.47,22608.0
2023-04-25 12:30:00+00:00,125.49,126.96,122.04,123.68,63758.0
2023-04-25 13:30:00+00:00,123.74,125.51,120.59,121.62,53752.0
2023-04-25 14:30:00+00:00,121.78,123.27,117.99,119.61,22774.0
2023-04-25 15:30:00+00:00,119.45,120.75,118.44,120.08,53926.0
2023-04-25 16:30:00+00:00,120.35,121.52,115.62,118.13,64348.0
2023-04-25 17:30:00+00:00,118.15,120.14,117.26,119.15,41992.0
2023-04-25 18:30:00+00:00,119.04,119.94,116.63,117.56,76348.0
2023-04-25 19:30:00+00:00,117.22,117.95,116.57,117.26,14398.0
2023-04-25 20:30:00+00:00,117.29,120.59,115.48,119.02,38571.0
2023-04-25 21:30:00+00:00,118.98,124.91,115.34,123.25,78368.0
2023-04-25 22:30:00+00:00,123.5,124.41,123.26,123.95,39916.0
2023-04-25 23:30:00+00:00,124.0,126.91,117.08,120.02,57145.0
2023-04-26 00:30:00+00:00,119.97,120.4,119.07,119.4,61146.0
2023-04-26 01:30:00+00:00,119.33,120.81,118.11,120.27,62595.0
2023-04-26 02:30:00+00:00,120.55,122.61,119.7,121.5,39224.0
2023-04-26 03:30:00+00:00,121.63,123.17,118.51,119.97,107216.0
2023-04-26 04:30:00+00:00,119.96,122.92,113.34,116.3,36892.0
2023-04-26 05:30:00+00:00,116.63,117.01,115.32,116.04,42522.0
2023-04-26 06:30:00+00:00,115.81,117.12,113.24,114.68,46547.0
2023-04-26 07:30:00+00:00,114.84,116.54,111.55,113.16,111018.0
2023-04-26 08:30:00+00:00,113.12,115.87,108.91,110.15,78504.0
2023-04-26 09:30:00+00:00,110.21,110.62,109.67,110.09,178881.0
2023-04-26 10:30:00+00:00,110.09,113.13,103.98,106.79,145641.0
2023-04-26 11:30:00+00:00,106.93,107.92,104.43,105.6,26577.0
2023-04-26 12:30:00+00:00,105.61,106.05,104.6,104.98,46903.0
2023-04-26 13:30:00+00:00,104.77,105.68,103.54,104.17,36362.0
2023-04-26 14:30:00+00:00,104.01,104.25,103.62,103.9,48153.0
2023-04-26 15:30:00+00:00,104.11,107.52,103.41,105.93,29302.0
2023-04-26 16:30:00+00:00,105.88,109.41,105.04,108.25,29989.0
2023-04-26 17:30:00+00:00,108.17,108.64,107.45,107.8,106373.0
2023-04-26 18:30:00+00:00,107.9,108.8,105.09,106.24,52861.0
2023-04-26 19:30:00+00:00,106.12,107.06,102.44,104.16,32301.0
2023-04-26 20:30:00+00:00,104.15,104.9,101.21,102.22,27646.0
2023-04-26 21:30:00+00:00,102.07,102.9,99.54,100.65,51725.0
2023-04-26 22:30:00+00:00,100.51,102.45,100.05,101.52,80242.0
2023-04-26 23:30:00+00:00,101.34,102.39,100.79,101.95,46771.0
2023-04-27 00:30:00+00:00,101.97,102.73,98.79,100.15,50601.0
2023-04-27 01:30:00+00:00,100.3,101.65,97.51,98.86,70475.0
2023-04-27 02:30:00+00:00,98.82,101.53,97.41,100.44,53253.0
2023-04-27 03:30:00+00:00,100.33,101.39,94.88,97.53,44994.0
2023-04-27 04:30:00+00:00,97.4,98.37,96.83,97.94,103151.0
2023-04-27 05:30:00+00:00,98.05,99.94,97.18,99.35,62561.0
2023-04-27 06:30:00+00:00,99.57,100.96,97.43,98.35,59044.0
2023-04-27 07:30:00+00:00,98.4,100.01,97.61,99.03,32659.0
2023-04-27 08:30:00+00:00,98.99,100.17,97.94,99.56,70926.0
2023-04-27 09:30:00+00:00,99.75,100.22,99.1,99.52,137479.0
2023-04-27 10:30:00+00:00,99.3,100.35,96.37,97.64,113136.0
2023-04-27 11:30:00+00:00,97.81,98.29,96.81,97.29,49454.0
2023-04-27 12:30:00+00:00,97.2,98.35,93.62,95.26,79597.0
2023-04-27 13:30:00+00:00,95.26,96.68,92.13,93.61,248087.0
2023-04-27 14:30:00+00:00,93.62,96.0,92.85,95.2,31875.0
2023-04-27 15:30:00+00:00,95.06,95.88,93.57,94.4,49694.0
2023-04-27 16:30:00+00:00,94.4,96.1,89.73,91.93,48782.0
2023-04-27 17:30:00+00:00,92.12,93.39,91.25,92.81,30915.0
2023-04-27 18:30:00+00:00,92.93,95.42,92.24,94.29,56647.0
2023-04-27 19:30:00+00:00,94.34,96.47,93.69,95.91,41897.0
2023-04-27 20:30:00+00:00,95.7,97.9,95.23,96.72,73331.0
2023-04-27 21:30:00+00:00,96.7,97.96,96.01,97.07,40793.0
2023-04-27 22:30:00+00:00,97.05,99.69,91.15,93.46,32522.0
2023-04-27 23:30:00+00:00,92.96,96.02,91.71,94.4,43995.0
2023-04-28 00:30:00+00:00,94.42,95.74,91.66,93.17,47586.0
2023-04-28 01:30:00+00:00,93.19,93.6,92.38,92.8,66473.0
2023-04-28 02:30:00+00:00,92.67,94.62,92.1,93.76,16503.0
2023-04-28 03:30:00+00:00,93.63,95.32,93.12,94.37,55393.0
2023-04-28 04:30:00+00:00,94.4,94.85,93.85,94.52,50004.0
2023-04-28 05:30:00+00:00,94.41,97.54,93.57,96.24,24099.0
2023-04-28 06:30:00+00:00,96.23,100.9,94.23,98.68,21014.0
2023-04-28 07:30:00+00:00,98.87,99.84,96.95,97.92,83203.0
2023-04-28 08:30:00+00:00,97.79,98.5,96.06,96.93,38276.0
2023-04-28 09:30:00+00:00,96.95,102.68,94.47,100.23,59385.0
2023-04-28 10:30:00+00:00,100.35,102.87,98.77,101.76,119387.0
2023-04-28 11:30:00+00:00,101.93,102.52,101.35,101.85,25519.0
2023-04-28 12:30:00+00:00,101.66,102.1,100.26,100.85,29662.0
2023-04-28 13:30:00+00:00,100.6,102.81,99.83,101.76,95812.0
2023-04-28 14:30:00+00:00,101.9,107.23,99.87,104.81,82571.0
2023-04-28 15:30:00+00:00,104.76,105.56,103.75,104.08,62230.0
2023-04-28 16:30:00+00:00,103.91,106.5,102.54,105.36,46607.0
2023-04-28 17:30:00+00:00,104.99,105.54,102.8,103.97,51326.0
2023-04-28 18:30:00+00:00,103.83,107.67,101.82,105.81,54929.0
2023-04-28 19:30:00+00:00,105.97,107.24,105.51,106.39,34509.0
2023-04-28 20:30:00+00:00,106.35,111.42,104.42,109.33,39144.0
2023-04-28 21:30:00+00:00,109.39,111.26,108.7,110.57,36162.0
2023-04-28 22:30:00+00:00,110.21,112.08,109.58,111.19,81041.0
2023-04-28 23:30:00+00:00,111.4,112.4,109.38,110.38,20449.0
2023-04-29 00:30:00+00:00,110.59,111.64,108.53,109.28,49130.0
2023-04-29 01:30:00+00:00,109.3,109.95,108.57,109.03,48643.0
2023-04-29 02:30:00+00:00,109.2,111.46,108.53,110.41,55530.0
2023-04-29 03:30:00+00:00,110.79,111.44,110.4,110.92,26333.0
2023-04-29 04:30:00+00:00,110.91,112.37,110.25,111.77,61959.0
2023-04-29 05:30:00+00:00,111.53,113.31,110.3,112.47,11355.0
2023-04-29 06:30:00+00:00,112.42,115.57,111.51,114.34,50299.0
2023-04-29 07:30:00+00:00,114.47,119.53,112.92,117.64,43533.0
2023-04-29 08:30:00+00:00,117.82,119.09,117.17,118.46,68140.0
2023-04-29 09:30:00+00:00,118.39,121.99,116.63,120.34,78771.0
2023-04-29 10:30:00+00:00,120.42,121.76,116.04,118.06,77693.0
2023-04-29 11:30:00+00:00,117.91,119.12,113.08,115.06,45829.0
2023-04-29 12:30:00+00:00,115.35,116.38,112.62,113.76,114567.0
2023-04-29 13:30:00+00:00,113.41,116.43,112.47,114.93,88120.0
2023-04-29 14:30:00+00:00,115.08,117.04,112.33,113.34,105080.0
2023-04-29 15:30:00+00:00,113.49,114.75,109.77,111.66,76858.0
2023-04-29 16:30:00+00:00,111.72,114.06,110.35,113.05,139954.0
2023-04-29 17:30:00+00:00,113.06,113.4,112.75,113.22,13065.0
2023-04-29 18:30:00+00:00,113.54,113.93,112.76,113.24,35065.0
2023-04-29 19:30:00+00:00,113.45,114.38,111.47,112.33,27524.0
2023-04-29 20:30:00+00:00,112.28,114.38,111.44,113.7,23357.0
2023-04-29 21:30:00+00:00,113.78,115.1,112.64,114.33,15508.0
2023-04-29 22:30:00+00:00,114.65,114.86,114.21,114.53,83296.0
2023-04-29 23:30:00+00:00,114.86,115.99,111.18,112.99,36062.0
2023-04-30 00:30:00+00:00,113.08,114.1,109.88,111.07,66089.0
2023-04-30 01:30:00+00:00,110.84,116.83,108.28,113.94,133635.0
2023-04-30 02:30:00+00:00,113.77,114.74,111.95,113.08,59700.0
2023-04-30 03:30:00+00:00,112.81,113.3,112.23,112.56,52851.0
2023-04-30 04:30:00+00:00,112.43,113.33,110.81,111.7,37767.0
2023-04-30 05:30:00+00:00,111.7,112.62,108.5,109.74,85151.0
2023-04-30 06:30:00+00:00,110.17,111.4,106.49,107.96,34681.0
2023-04-30 07:30:00+00:00,107.94,109.04,107.48,108.56,57298.0
2023-04-30 08:30:00+00:00,108.63,111.2,103.4,105.48,60352.0
2023-04-30 09:30:00+00:00,105.66,108.35,104.47,107.27,38558.0
2023-04-30 10:30:00+00:00,107.36,109.15,103.74,105.07,34639.0
2023-04-30 11:30:00+00:00,105.01,106.6,100.41,102.31,52147.0
2023-04-30 12:30:00+00:00,102.32,104.03,96.7,99.2,53530.0
2023-04-30 13:30:00+00:00,99.14,99.68,98.8,99.26,97058.0
2023-04-30 14:30:00+00:00,99.27,104.24,96.97,102.59,75085.0
2023-04-30 15:30:00+00:00,102.66,105.6,101.75,104.18,33249.0
2023-04-30 16:30:00+00:00,104.13,106.21,103.01,105.17,21599.0
2023-04-30 17:30:00+00:00,105.03,105.36,104.52,104.86,59791.0
2023-04-30 18:30:00+00:00,104.98,106.79,103.54,106.14,86508.0
2023-04-30 19:30:00+00:00,105.95,107.49,105.36,106.72,24546.0
2023-04-30 20:30:00+00:00,107.0,107.45,106.6,107.2,36595.0
2023-04-30 21:30:00+00:00,107.0,108.84,106.36,107.95,82901.0
2023-04-30 22:30:00+00:00,107.89,113.63,106.39,110.94,24753.0
2023-04-30 23:30:00+00:00,110.9,114.89,108.86,113.11,75199.0
2023-05-01 00:30:00+00:00,113.19,117.83,111.9,116.21,17832.0
2023-05-01 01:30:00+00:00,116.46,116.85,116.18,116.43,66648.0
2023-05-01 02:30:00+00:00,116.17,120.11,115.2,118.74,69940.0
2023-05-01 03:30:00+00:00,118.75,121.6,118.08,120.36,40571.0
2023-05-01 04:30:00+00:00,120.31,121.44,116.4,118.34,81346.0
2023-05-01 05:30:00+00:00,118.23,119.22,116.58,117.12,108113.0
2023-05-01 06:30:00+00:00,117.14,120.65,116.33,118.88,125166.0
2023-05-01 07:30:00+00:00,118.81,119.68,118.38,119.23,148538.0
2023-05-01 08:30:00+00:00,119.28,122.11,117.95,121.31,150388.0
2023-05-01 09:30:00+00:00,121.16,122.75,120.53,121.82,41386.0
2023-05-01 10:30:00+00:00,121.83,122.62,121.27,122.03,44078.0
2023-05-01 11:30:00+00:00,122.39,123.77,119.93,120.89,101333.0
2023-05-01 12:30:00+00:00,120.95,123.76,116.2,117.66,36963.0
2023-05-01 13:30:00+00:00,117.69,121.38,115.93,119.53,86243.0
2023-05-01 14:30:00+00:00,119.49,120.07,118.16,118.81,53690.0
2023-05-01 15:30:00+00:00,118.87,119.22,118.2,118.75,140723.0
2023-05-01 16:30:00+00:00,118.4,118.99,117.03,117.81,73555.0
2023-05-01 17:30:00+00:00,117.78,119.8,117.0,118.92,36914.0
2023-05-01 18:30:00+00:00,118.84,119.32,118.12,118.53,64695.0
2023-05-01 19:30:00+00:00,118.5,119.53,116.22,117.62,27106.0
2023-05-01 20:30:00+00:00,117.7,118.51,116.27,116.75,48231.0
2023-05-01 21:30:00+00:00,116.69,117.55,115.22,115.93,129874.0
2023-05-01 22:30:00+00:00,115.7,116.49,115.45,116.0,42304.0
2023-05-01 23:30:00+00:00,115.76,117.28,115.23,116.79,91507.0
2023-05-02 00:30:00+00:00,116.7,119.05,110.37,112.35,38934.0
2023-05-02 01:30:00+00:00,112.42,113.17,109.82,110.95,20663.0
2023-05-02 02:30:00+00:00,110.91,111.22,110.02,110.6,19041.0
2023-05-02 03:30:00+00:00,110.83,113.52,109.26,112.43,48478.0
2023-05-02 04:30:00+00:00,112.46,115.41,111.16,113.81,125408.0
2023-05-02 05:30:00+00:00,114.16,114.94,111.91,112.93,124782.0
2023-05-02 06:30:00+00:00,112.9,114.65,110.48,111.4,56804.0
2023-05-02 07:30:00+00:00,111.34,111.66,111.13,111.46,30633.0
2023-05-02 08:30:00+00:00,111.57,112.36,108.75,110.01,45059.0
2023-05-02 09:30:00+00:00,110.4,111.55,109.71,111.13,116445.0
2023-05-02 10:30:00+00:00,111.02,116.6,109.15,114.06,48971.0
2023-05-02 11:30:00+00:00,113.91,117.98,112.48,116.13,26491.0
2023-05-02 12:30:00+00:00,116.2,118.61,114.89,117.92,39604.0
2023-05-02 13:30:00+00:00,117.92,118.56,115.32,116.7,66292.0
2023-05-02 14:30:00+00:00,116.34,119.24,111.02,113.39,140665.0
2023-05-02 15:30:00+00:00,113.47,114.74,110.48,111.69,53516.0
2023-05-02 16:30:00+00:00,111.54,113.2,110.5,112.61,14475.0
2023-05-02 17:30:00+00:00,112.83,118.07,111.13,116.01,82034.0
2023-05-02 18:30:00+00:00,115.93,120.15,113.92,118.17,108626.0
2023-05-02 19:30:00+00:00,118.38,119.46,117.73,119.03,61590.0
2023-05-02 20:30:00+00:00,119.11,120.03,117.08,117.82,111203.0
2023-05-02 21:30:00+00:00,117.74,120.06,116.65,118.84,33942.0
2023-05-02 22:30:00+00:00,118.65,119.32,117.14,117.79,78019.0
2023-05-02 23:30:00+00:00,117.72,118.82,113.46,115.62,60386.0
2023-05-03 00:30:00+00:00,115.45,116.41,113.89,114.42,31680.0
2023-05-03 01:30:00+00:00,114.44,115.72,111.97,112.95,45383.0
2023-05-03 02:30:00+00:00,112.86,118.75,111.34,115.88,30587.0
2023-05-03 03:30:00+00:00,115.85,116.43,114.42,114.93,68514.0
2023-05-03 04:30:00+00:00,114.96,119.07,114.0,116.91,64019.0
2023-05-03 05:30:00+00:00,117.01,118.08,116.04,117.49,53966.0
2023-05-03 06:30:00+00:00,117.31,118.56,116.72,117.77,69430.0
2023-05-03 07:30:00+00:00,117.66,119.73,116.87,118.71,78120.0
2023-05-03 08:30:00+00:00,118.85,120.38,118.02,119.57,30033.0
2023-05-03 09:30:00+00:00,119.7,126.21,117.31,123.64,39105.0
2023-05-03 10:30:00+00:00,123.73,124.93,120.85,122.04,49431.0
2023-05-03 11:30:00+00:00,122.08,122.77,120.87,121.54,27175.0
2023-05-03 12:30:00+00:00,121.91,123.73,121.16,122.52,59656.0
2023-05-03 13:30:00+00:00,122.51,125.59,121.43,124.28,17041.0
2023-05-03 14:30:00+00:00,124.4,125.58,120.06,122.31,104188.0
2023-05-03 15:30:00+00:00,122.44,123.47,121.06,121.99,41738.0
2023-05-03 16:30:00+00:00,122.04,125.94,120.91,124.7,50821.0
2023-05-03 17:30:00+00:00,124.74,125.21,124.35,124.78,42771.0
2023-05-03 18:30:00+00:00,124.64,125.15,124.38,124.69,41931.0
2023-05-03 19:30:00+00:00,124.32,124.73,123.86,124.46,69165.0
2023-05-03 20:30:00+00:00,124.31,125.17,122.48,123.5,61632.0
2023-05-03 21:30:00+00:00,123.08,127.52,120.87,125.46,55438.0
2023-05-03 22:30:00+00:00,125.54,127.27,122.01,123.74,73952.0
2023-05-03 23:30:00+00:00,123.73,125.7,122.65,124.94,36081.0
2023-05-04 00:30:00+00:00,125.38,126.21,124.91,125.9,66685.0
2023-05-04 01:30:00+00:00,125.73,127.01,121.53,123.65,48482.0
2023-05-04 02:30:00+00:00,123.81,125.45,122.74,124.83,47331.0
2023-05-04 03:30:00+00:00,124.84,128.25,123.64,126.65,45808.0
2023-05-04 04:30:00+00:00,127.04,133.13,124.41,130.36,102296.0
2023-05-04 05:30:00+00:00,130.13,133.36,128.47,131.68,50579.0
2023-05-04 06:30:00+00:00,131.47,132.79,130.49,131.96,67811.0
2023-05-04 07:30:00+00:00,131.99,133.6,131.11,132.9,43957.0
2023-05-04 08:30:00+00:00,132.63,134.33,129.16,130.77,63385.0
2023-05-04 09:30:00+00:00,131.08,133.3,129.52,132.53,60794.0
2023-05-04 10:30:00+00:00,132.71,135.47,131.61,134.4,44382.0
2023-05-04 11:30:00+00:00,134.3,135.51,130.92,132.37,32171.0
2023-05-04 12:30:00+00:00,132.24,134.99,125.64,128.99,150437.0
2023-05-04 13:30:00+00:00,128.98,130.95,125.35,126.59,48538.0
2023-05-04 14:30:00+00:00,126.3,126.82,125.42,126.14,38544.0
2023-05-04 15:30:00+00:00,126.25,127.23,124.8,125.3,37233.0
2023-05-04 16:30:00+00:00,125.19,129.32,123.29,127.85,31450.0
2023-05-04 17:30:00+00:00,127.83,129.72,126.89,128.59,97958.0
2023-05-04 18:30:00+00:00,128.46,128.96,127.2,127.97,81717.0
2023-05-04 19:30:00+00:00,128.02,130.23,127.37,129.43,38309.0
2023-05-04 20:30:00+00:00,129.29,130.86,128.79,129.85,101052.0
2023-05-04 21:30:00+00:00,129.56,130.03,127.8,128.71,88947.0
2023-05-04 22:30:00+00:00,128.52,129.23,126.66,127.15,52429.0
2023-05-04 23:30:00+00:00,127.0,127.85,125.99,126.64,52683.0
2023-05-05 00:30:00+00:00,126.65,132.16,125.49,129.34,36231.0
2023-05-05 01:30:00+00:00,129.6,131.98,128.24,131.18,75049.0
2023-05-05 02:30:00+00:00,131.35,137.07,129.76,135.38,70207.0
2023-05-05 03:30:00+00:00,135.47,136.1,133.96,134.74,43768.0
2023-05-05 04:30:00+00:00,134.65,136.87,133.34,135.96,85554.0
2023-05-05 05:30:00+00:00,136.15,137.22,134.19,134.84,76664.0
2023-05-05 06:30:00+00:00,135.21,136.05,133.05,133.8,108741.0
2023-05-05 07:30:00+00:00,133.39,134.52,130.91,132.11,36201.0
2023-05-05 08:30:00+00:00,132.03,134.14,127.49,129.44,31958.0
2023-05-05 09:30:00+00:00,129.63,132.78,127.57,131.64,28942.0
2023-05-05 10:30:00+00:00,131.76,132.8,130.75,131.26,64804.0
2023-05-05 11:30:00+00:00,131.1,133.42,127.11,128.79,48895.0
2023-05-05 12:30:00+00:00,128.79,131.14,124.25,126.22,28364.0
2023-05-05 13:30:00+00:00,126.33,127.27,124.95,126.0,39570.0
2023-05-05 14:30:00+00:00,126.05,127.23,125.42,126.31,31673.0
2023-05-05 15:30:00+00:00,126.26,127.33,125.33,126.79,74376.0
2023-05-05 16:30:00+00:00,126.74,128.14,123.09,124.68,35039.0
2023-05-05 17:30:00+00:00,124.47,125.78,121.08,122.32,25141.0
2023-05-05 18:30:00+00:00,122.35,125.01,116.97,119.11,38866.0
2023-05-05 19:30:00+00:00,119.46,120.65,119.0,119.86,19174.0
2023-05-05 20:30:00+00:00,120.0,120.34,119.51,119.7,57871.0
2023-05-05 21:30:00+00:00,119.62,124.56,117.23,122.28,31595.0
2023-05-05 22:30:00+00:00,122.28,123.29,120.99,121.66,34843.0
2023-05-05 23:30:00+00:00,121.64,122.65,121.25,122.18,50444.0
2023-05-06 00:30:00+00:00,121.76,122.47,120.29,121.2,67105.0
2023-05-06 01:30:00+00:00,121.34,123.14,115.95,118.4,92417.0
2023-05-06 02:30:00+00:00,118.42,121.98,117.6,120.35,83935.0
2023-05-06 03:30:00+00:00,120.6,123.51,115.73,117.55,62614.0
2023-05-06 04:30:00+00:00,117.71,119.58,116.44,118.89,47881.0
2023-05-06 05:30:00+00:00,118.71,122.74,117.71,121.02,55860.0
2023-05-06 06:30:00+00:00,121.03,122.66,117.2,119.15,24456.0
2023-05-06 07:30:00+00:00,119.4,120.21,117.24,118.35,75537.0
2023-05-06 08:30:00+00:00,118.14,118.49,117.88,118.1,158706.0
2023-05-06 09:30:00+00:00,118.38,119.57,115.89,117.21,71221.0
2023-05-06 10:30:00+00:00,117.2,120.41,116.25,118.61,22009.0
2023-05-06 11:30:00+00:00,118.48,119.56,114.36,115.74,52837.0
2023-05-06 12:30:00+00:00,115.6,117.64,111.62,113.36,55827.0
2023-05-06 13:30:00+00:00,113.23,114.15,112.92,113.6,72161.0
2023-05-06 14:30:00+00:00,113.77,115.59,110.46,112.0,37704.0
2023-05-06 15:30:00+00:00,112.15,114.25,111.37,113.09,16602.0
2023-05-06 16:30:00+00:00,112.88,113.75,109.8,111.43,54692.0
2023-05-06 17:30:00+00:00,111.52,112.27,108.98,110.16,25720.0
2023-05-06 18:30:00+00:00,110.04,113.44,109.02,112.35,70505.0
2023-05-06 19:30:00+00:00,112.07,112.77,110.44,111.16,49849.0
2023-05-06 20:30:00+00:00,111.19,113.18,108.34,109.43,18129.0
2023-05-06 21:30:00+00:00,109.22,109.65,108.82,109.08,36799.0
2023-05-06 22:30:00+00:00,109.17,109.5,108.63,109.15,48153.0
2023-05-06 23:30:00+00:00,109.24,109.41,108.98,109.13,84982.0
2023-05-07 00:30:00+00:00,109.23,110.04,108.11,108.77,39333.0
2023-05-07 01:30:00+00:00,108.75,112.68,106.6,111.51,48166.0
2023-05-07 02:30:00+00:00,111.3,112.72,108.45,109.89,51931.0
2023-05-07 03:30:00+00:00,110.06,110.91,108.95,109.74,60131.0
2023-05-07 04:30:00+00:00,109.87,111.37,109.27,110.73,23549.0
2023-05-07 05:30:00+00:00,110.64,111.93,107.44,108.76,33629.0
2023-05-07 06:30:00+00:00,109.02,110.78,108.01,110.15,79001.0
2023-05-07 07:30:00+00:00,110.16,112.03,108.97,111.03,52129.0
2023-05-07 08:30:00+00:00,111.2,113.04,108.3,109.19,37596.0
2023-05-07 09:30:00+00:00,109.16,112.62,108.24,111.19,22807.0
2023-05-07 10:30:00+00:00,111.17,115.22,109.84,113.25,26397.0
2023-05-07 11:30:00+00:00,113.37,115.56,109.02,111.18,26052.0
2023-05-07 12:30:00+00:00,111.02,113.74,110.44,112.41,16004.0
2023-05-07 13:30:00+00:00,112.37,113.08,110.37,111.35,70725.0
2023-05-07 14:30:00+00:00,111.6,112.57,110.6,111.12,36276.0
2023-05-07 15:30:00+00:00,111.13,112.51,110.22,111.85,24845.0
2023-05-07 16:30:00+00:00,111.65,113.27,110.9,112.67,31625.0
2023-05-07 17:30:00+00:00,112.58,113.16,111.58,112.23,78424.0
2023-05-07 18:30:00+00:00,111.96,112.88,109.59,110.84,107423.0
2023-05-07 19:30:00+00:00,110.78,113.71,109.99,112.55,41211.0
2023-05-07 20:30:00+00:00,112.27,113.36,110.24,111.44,28211.0
2023-05-07 21:30:00+00:00,111.6,112.01,110.86,111.14,32667.0
2023-05-07 22:30:00+00:00,111.15,111.82,109.16,110.12,38146.0
2023-05-07 23:30:00+00:00,110.17,110.5,109.76,110.19,31336.0
2023-05-08 00:30:00+00:00,110.06,110.9,107.68,108.75,51888.0
2023-05-08 01:30:00+00:00,108.6,109.41,108.03,108.94,27019.0
2023-05-08 02:30:00+00:00,109.06,109.55,108.42,109.03,40865.0
2023-05-08 03:30:00+00:00,109.27,110.18,108.79,109.7,47461.0
2023-05-08 04:30:00+00:00,109.9,111.31,108.94,110.7,60697.0
2023-05-08 05:30:00+00:00,110.51,115.2,107.38,113.96,41130.0
2023-05-08 06:30:00+00:00,114.09,114.47,113.54,113.89,50588.0
2023-05-08 07:30:00+00:00,113.98,114.18,113.42,113.84,64854.0
2023-05-08 08:30:00+00:00,113.83,114.37,112.65,113.1,35299.0
2023-05-08 09:30:00+00:00,113.21,113.95,110.01,111.7,38862.0
2023-05-08 10:30:00+00:00,111.65,116.1,109.35,114.1,44664.0
2023-05-08 11:30:00+00:00,113.91,114.56,112.8,113.24,96989.0
2023-05-08 12:30:00+00:00,113.27,114.92,109.1,110.69,37469.0
2023-05-08 13:30:00+00:00,110.69,111.97,108.71,109.57,79026.0
2023-05-08 14:30:00+00:00,109.58,112.29,108.86,110.97,47879.0
2023-05-08 15:30:00+00:00,111.27,113.53,107.9,109.1,44561.0
2023-05-08 16:30:00+00:00,109.35,113.48,107.56,111.54,39669.0
2023-05-08 17:30:00+00:00,111.81,113.64,110.53,112.9,47058.0
2023-05-08 18:30:00+00:00,112.99,113.85,112.2,113.16,48231.0
2023-05-08 19:30:00+00:00,112.89,114.02,111.06,112.03,63869.0
2023-05-08 20:30:00+00:00,112.11,113.22,109.93,110.95,26294.0
2023-05-08 21:30:00+00:00,110.9,113.38,109.87,112.19,37168.0
2023-05-08 22:30:00+00:00,112.24,113.29,111.95,112.74,32501.0
2023-05-08 23:30:00+00:00,112.73,113.24,110.98,112.02,56571.0
2023-05-09 00:30:00+00:00,111.63,113.47,108.18,109.35,164383.0
2023-05-09 01:30:00+00:00,109.63,111.09,109.21,110.13,23862.0
2023-05-09 02:30:00+00:00,110.01,111.38,106.92,107.88,69251.0
2023-05-09 03:30:00+00:00,107.75,109.52,106.84,108.6,57592.0
2023-05-09 04:30:00+00:00,108.58,109.47,107.38,108.08,50723.0
2023-05-09 05:30:00+00:00,108.11,108.48,107.02,107.56,74572.0
2023-05-09 06:30:00+00:00,107.5,107.93,106.88,107.1,38942.0
2023-05-09 07:30:00+00:00,106.94,108.32,104.79,105.76,32389.0
2023-05-09 08:30:00+00:00,105.74,106.43,104.78,105.43,58027.0
2023-05-09 09:30:00+00:00,105.37,107.0,104.88,106.31,78926.0
2023-05-09 10:30:00+00:00,106.38,106.83,105.86,106.52,40453.0
2023-05-09 11:30:00+00:00,106.48,107.98,105.94,107.37,44543.0
2023-05-09 12:30:00+00:00,107.49,107.95,106.81,107.14,60448.0
2023-05-09 13:30:00+00:00,107.01,107.23,106.66,107.08,45168.0
2023-05-09 14:30:00+00:00,107.04,107.77,105.07,105.65,25970.0
2023-05-09 15:30:00+00:00,105.78,106.62,102.1,103.66,40028.0
2023-05-09 16:30:00+00:00,103.7,107.81,101.88,106.58,77811.0
2023-05-09 17:30:00+00:00,106.38,108.4,105.2,107.16,151356.0
2023-05-09 18:30:00+00:00,107.14,110.26,106.28,109.05,39587.0
2023-05-09 19:30:00+00:00,109.0,109.83,107.61,108.3,108229.0
2023-05-09 20:30:00+00:00,108.35,113.56,106.5,111.15,97084.0
2023-05-09 21:30:00+00:00,111.19,117.07,108.11,114.43,38890.0
2023-05-09 22:30:00+00:00,114.43,115.39,112.71,113.55,99180.0
2023-05-09 23:30:00+00:00,113.5,116.45,112.02,115.06,67854.0
2023-05-10 00:30:00+00:00,115.25,116.78,109.78,111.99,18235.0
2023-05-10 01:30:00+00:00,112.28,112.94,110.1,111.32,38997.0
2023-05-10 02:30:00+00:00,111.48,112.06,110.56,111.27,31158.0
2023-05-10 03:30:00+00:00,111.22,113.1,110.29,112.11,79750.0
2023-05-10 04:30:00+00:00,112.24,114.24,111.56,113.58,23486.0
2023-05-10 05:30:00+00:00,113.66,113.96,112.81,113.16,90974.0
2023-05-10 06:30:00+00:00,113.38,114.64,113.08,114.05,35019.0
2023-05-10 07:30:00+00:00,114.16,114.91,113.13,113.96,42699.0
2023-05-10 08:30:00+00:00,113.95,119.18,111.17,117.66,86917.0
2023-05-10 09:30:00+00:00,117.41,120.07,112.46,114.88,72737.0
2023-05-10 10:30:00+00:00,114.66,115.02,113.6,114.2,57457.0
2023-05-10 11:30:00+00:00,113.75,115.36,113.24,114.48,72814.0
2023-05-10 12:30:00+00:00,114.69,115.06,114.05,114.76,46589.0
2023-05-10 13:30:00+00:00,114.48,115.92,107.96,110.71,33388.0
2023-05-10 14:30:00+00:00,110.64,111.9,107.84,109.25,37428.0
2023-05-10 15:30:00+00:00,109.1,111.75,107.81,110.24,31801.0
2023-05-10 16:30:00+00:00,110.15,111.66,109.36,110.83,46539.0
2023-05-10 17:30:00+00:00,110.7,112.05,105.6,107.07,83272.0
2023-05-10 18:30:00+00:00,107.0,107.65,105.58,106.38,58076.0
2023-05-10 19:30:00+00:00,106.42,107.19,105.83,106.87,106563.0
2023-05-10 20:30:00+00:00,106.71,107.0,106.52,106.69,35215.0
2023-05-10 21:30:00+00:00,106.61,107.18,105.64,106.06,76947.0
2023-05-10 22:30:00+00:00,106.1,107.55,99.18,102.49,88548.0
2023-05-10 23:30:00+00:00,102.58,103.58,98.88,100.49,41264.0
2023-05-11 00:30:00+00:00,100.4,100.96,99.03,99.79,41977.0
2023-05-11 01:30:00+00:00,99.71,102.69,97.99,101.66,36642.0
2023-05-11 02:30:00+00:00,101.77,102.47,99.87,100.55,41783.0
2023-05-11 03:30:00+00:00,100.54,100.96,100.17,100.57,62343.0
2023-05-11 04:30:00+00:00,100.47,101.13,98.37,99.14,74710.0
2023-05-11 05:30:00+00:00,99.0,99.43,98.74,99.13,46103.0
2023-05-11 06:30:00+00:00,98.93,102.63,96.86,101.04,12220.0
2023-05-11 07:30:00+00:00,100.94,101.28,100.52,100.69,43581.0
2023-05-11 08:30:00+00:00,100.78,101.2,99.61,100.41,46899.0
2023-05-11 09:30:00+00:00,100.35,102.91,99.53,102.08,95697.0
2023-05-11 10:30:00+00:00,102.0,102.6,99.37,100.59,63599.0
2023-05-11 11:30:00+00:00,100.53,101.02,100.16,100.61,100791.0
2023-05-11 12:30:00+00:00,100.63,101.62,98.89,99.43,51545.0
2023-05-11 13:30:00+00:00,99.3,101.73,98.21,100.81,23832.0
2023-05-11 14:30:00+00:00,100.78,101.13,99.84,100.35,86920.0
2023-05-11 15:30:00+00:00,100.19,103.35,99.08,102.02,78529.0
2023-05-11 16:30:00+00:00,102.03,106.82,99.92,104.8,82944.0
2023-05-11 17:30:00+00:00,104.54,105.08,102.88,103.53,35591.0
2023-05-11 18:30:00+00:00,103.26,106.99,102.11,105.54,32200.0
2023-05-11 19:30:00+00:00,105.67,109.75,104.47,107.69,110118.0
2023-05-11 20:30:00+00:00,107.63,108.16,107.0,107.38,12051.0
2023-05-11 21:30:00+00:00,107.11,107.81,105.52,106.11,89947.0
2023-05-11 22:30:00+00:00,106.1,108.78,104.35,107.91,73809.0
2023-05-11 23:30:00+00:00,108.07,108.72,107.43,107.98,26809.0
2023-05-12 00:30:00+00:00,108.19,109.09,106.52,107.39,102854.0
2023-05-12 01:30:00+00:00,107.65,108.41,107.12,107.9,46403.0
2023-05-12 02:30:00+00:00,107.98,108.84,106.96,107.61,22878.0
2023-05-12 03:30:00+00:00,107.36,108.44,106.62,108.03,76747.0
2023-05-12 04:30:00+00:00,108.36,110.45,107.62,109.69,46451.0
2023-05-12 05:30:00+00:00,110.01,110.91,109.25,110.52,121782.0
2023-05-12 06:30:00+00:00,110.38,111.14,108.19,109.39,14280.0
2023-05-12 07:30:00+00:00,109.47,110.06,108.92,109.79,42557.0
2023-05-12 08:30:00+00:00,109.84,111.22,107.32,108.26,39473.0
2023-05-12 09:30:00+00:00,108.36,109.98,104.35,106.19,37703.0
2023-05-12 10:30:00+00:00,106.21,106.81,105.7,106.53,49023.0
2023-05-12 11:30:00+00:00,106.62,109.11,105.59,107.89,59692.0
2023-05-12 12:30:00+00:00,107.95,109.97,102.53,104.94,84031.0
2023-05-12 13:30:00+00:00,104.84,108.16,103.48,106.89,54159.0
2023-05-12 14:30:00+00:00,106.8,113.17,103.87,110.81,49451.0
2023-05-12 15:30:00+00:00,110.93,115.79,108.0,113.86,27714.0
2023-05-12 16:30:00+00:00,114.0,116.46,105.65,108.47,49314.0
2023-05-12 17:30:00+00:00,108.36,110.32,107.18,109.58,70703.0
2023-05-12 18:30:00+00:00,109.47,110.61,109.04,109.94,65390.0
2023-05-12 19:30:00+00:00,109.93,112.9,108.35,111.4,51771.0
2023-05-12 20:30:00+00:00,111.5,114.64,110.4,113.83,26031.0
2023-05-12 21:30:00+00:00,113.74,114.96,113.28,114.39,153064.0
2023-05-12 22:30:00+00:00,114.35,115.3,109.87,111.69,90057.0
2023-05-12 23:30:00+00:00,111.4,112.14,109.89,110.59,44044.0
2023-05-13 00:30:00+00:00,110.78,111.29,110.18,110.89,107813.0
2023-05-13 01:30:00+00:00,110.84,112.01,110.12,111.3,119601.0
2023-05-13 02:30:00+00:00,111.16,113.56,109.6,112.61,33403.0
2023-05-13 03:30:00+00:00,112.81,113.07,112.65,112.87,20385.0
2023-05-13 04:30:00+00:00,113.07,117.81,110.77,115.54,57026.0
2023-05-13 05:30:00+00:00,115.4,116.29,112.94,113.95,68164.0
2023-05-13 06:30:00+00:00,113.78,114.09,112.41,113.0,34206.0
2023-05-13 07:30:00+00:00,113.48,115.77,112.54,114.63,65086.0
2023-05-13 08:30:00+00:00,114.6,116.07,114.23,115.4,149808.0
2023-05-13 09:30:00+00:00,115.5,121.48,112.38,119.18,93138.0
2023-05-13 10:30:00+00:00,119.48,121.11,116.38,117.53,67721.0
2023-05-13 11:30:00+00:00,117.52,119.4,112.49,114.21,23703.0
2023-05-13 12:30:00+00:00,114.16,115.13,112.87,113.7,30284.0
2023-05-13 13:30:00+00:00,113.8,118.08,111.83,115.84,115747.0
2023-05-13 14:30:00+00:00,115.6,116.24,113.38,114.55,29493.0
2023-05-13 15:30:00+00:00,114.52,115.66,111.81,112.88,36330.0
2023-05-13 16:30:00+00:00,112.96,114.81,112.01,114.05,37791.0
2023-05-13 17:30:00+00:00,113.83,115.2,113.25,114.34,41646.0
2023-05-13 18:30:00+00:00,114.5,115.32,113.77,114.8,47102.0
2023-05-13 19:30:00+00:00,114.91,115.22,114.02,114.49,58753.0
2023-05-13 20:30:00+00:00,114.3,115.48,110.07,112.16,24548.0
2023-05-13 21:30:00+00:00,112.18,118.71,109.11,116.34,50004.0
2023-05-13 22:30:00+00:00,116.36,116.94,114.37,115.18,35738.0
2023-05-13 23:30:00+00:00,114.96,119.35,113.24,117.25,112305.0
2023-05-14 00:30:00+00:00,117.34,119.23,112.15,114.3,121309.0
2023-05-14 01:30:00+00:00,114.64,116.08,112.17,113.28,73245.0
2023-05-14 02:30:00+00:00,113.25,114.65,109.09,110.51,72084.0
2023-05-14 03:30:00+00:00,110.77,112.34,106.33,108.19,140001.0
2023-05-14 04:30:00+00:00,108.0,110.01,103.97,105.69,54921.0
2023-05-14 05:30:00+00:00,105.72,107.15,104.95,106.62,33291.0
2023-05-14 06:30:00+00:00,106.64,107.1,105.73,106.38,35052.0
2023-05-14 07:30:00+00:00,106.32,107.7,105.78,107.07,51075.0
2023-05-14 08:30:00+00:00,106.97,108.21,106.25,107.72,52487.0
2023-05-14 09:30:00+00:00,107.57,109.06,103.69,105.4,65626.0
2023-05-14 10:30:00+00:00,105.31,105.63,104.16,104.87,39140.0
2023-05-14 11:30:00+00:00,105.03,106.65,99.5,102.2,38812.0
2023-05-14 12:30:00+00:00,102.23,107.11,100.44,104.79,55516.0
2023-05-14 13:30:00+00:00,104.71,106.52,103.36,105.9,58700.0
2023-05-14 14:30:00+00:00,105.58,105.75,105.39,105.61,34215.0
2023-05-14 15:30:00+00:00,105.48,106.85,100.8,102.65,50586.0
2023-05-14 16:30:00+00:00,102.4,105.59,100.22,104.38,107865.0
2023-05-14 17:30:00+00:00,104.56,105.35,102.1,103.18,61457.0
2023-05-14 18:30:00+00:00,102.98,103.79,100.04,101.13,59606.0
2023-05-14 19:30:00+00:00,101.11,103.08,97.15,98.29,42273.0
2023-05-14 20:30:00+00:00,98.47,102.67,96.35,100.77,22509.0
2023-05-14 21:30:00+00:00,100.64,103.68,99.15,102.36,58296.0
2023-05-14 22:30:00+00:00,102.36,103.29,100.59,101.55,35893.0
2023-05-14 23:30:00+00:00,101.52,104.32,100.74,102.85,89766.0
2023-05-15 00:30:00+00:00,102.77,104.59,97.39,99.95,57974.0
2023-05-15 01:30:00+00:00,100.02,103.21,98.19,102.06,63011.0
2023-05-15 02:30:00+00:00,102.15,102.69,101.73,102.41,56099.0
2023-05-15 03:30:00+00:00,102.32,106.48,100.96,105.23,87571.0
2023-05-15 04:30:00+00:00,105.2,106.79,104.39,106.14,55476.0
2023-05-15 05:30:00+00:00,105.92,106.44,104.12,104.98,45583.0
2023-05-15 06:30:00+00:00,104.87,107.36,99.96,102.38,62215.0
2023-05-15 07:30:00+00:00,102.44,105.85,101.49,104.2,92073.0
2023-05-15 08:30:00+00:00,104.11,104.85,101.57,102.34,67190.0
2023-05-15 09:30:00+00:00,102.21,104.89,101.56,103.74,53815.0
2023-05-15 10:30:00+00:00,103.92,106.27,102.41,105.52,33808.0
2023-05-15 11:30:00+00:00,105.53,106.45,102.36,103.95,49837.0
2023-05-15 12:30:00+00:00,104.06,105.52,102.94,105.02,48384.0
2023-05-15 13:30:00+00:00,104.75,107.71,103.24,106.9,56304.0
2023-05-15 14:30:00+00:00,106.9,107.9,106.57,107.28,120036.0
2023-05-15 15:30:00+00:00,107.13,107.86,105.17,106.15,58444.0
2023-05-15 16:30:00+00:00,105.9,107.22,101.06,103.07,46534.0
2023-05-15 17:30:00+00:00,102.8,104.75,101.62,103.98,45286.0
2023-05-15 18:30:00+00:00,104.13,104.66,102.99,103.48,26756.0
2023-05-15 19:30:00+00:00,103.55,104.56,100.71,102.06,58097.0
2023-05-15 20:30:00+00:00,101.97,103.0,100.4,101.06,23399.0
2023-05-15 21:30:00+00:00,100.97,101.21,100.51,100.68,52982.0
2023-05-15 22:30:00+00:00,100.77,105.74,99.16,104.35,111255.0
2023-05-15 23:30:00+00:00,104.34,104.52,103.98,104.24,54796.0
2023-05-16 00:30:00+00:00,104.15,107.05,103.34,106.01,143246.0
2023-05-16 01:30:00+00:00,105.78,107.15,103.74,104.6,44560.0
2023-05-16 02:30:00+00:00,104.61,108.45,103.3,107.18,25316.0
2023-05-16 03:30:00+00:00,107.04,107.46,106.91,107.22,65592.0
2023-05-16 04:30:00+00:00,107.08,108.58,106.57,107.92,36480.0
2023-05-16 05:30:00+00:00,107.82,108.99,105.96,106.92,54278.0
2023-05-16 06:30:00+00:00,107.15,107.78,105.05,106.08,62215.0
2023-05-16 07:30:00+00:00,105.9,107.73,102.69,104.28,33829.0
2023-05-16 08:30:00+00:00,104.55,106.42,103.51,105.63,63055.0
2023-05-16 09:30:00+00:00,105.69,108.96,103.87,107.49,79166.0
2023-05-16 10:30:00+00:00,107.64,109.44,106.4,108.82,74052.0
2023-05-16 11:30:00+00:00,108.89,109.28,108.58,108.88,86364.0
2023-05-16 12:30:00+00:00,108.94,109.74,108.69,109.28,48438.0
2023-05-16 13:30:00+00:00,109.36,112.41,108.5,111.5,146052.0
2023-05-16 14:30:00+00:00,111.73,112.07,111.15,111.53,67168.0
2023-05-16 15:30:00+00:00,111.69,112.39,110.24,110.87,47612.0
2023-05-16 16:30:00+00:00,110.94,112.08,110.38,111.3,42923.0
2023-05-16 17:30:00+00:00,111.35,112.1,109.88,110.74,60387.0
2023-05-16 18:30:00+00:00,110.6,113.57,109.52,112.17,84503.0
2023-05-16 19:30:00+00:00,112.43,113.16,111.19,111.96,108414.0
2023-05-16 20:30:00+00:00,111.87,113.03,107.99,109.96,39752.0
2023-05-16 21:30:00+00:00,110.07,111.03,106.37,107.6,57540.0
2023-05-16 22:30:00+00:00,107.5,109.27,103.54,105.11,42401.0
2023-05-16 23:30:00+00:00,105.29,109.67,103.24,107.58,61743.0
2023-05-17 00:30:00+00:00,107.57,107.97,107.32,107.64,42020.0
2023-05-17 01:30:00+00:00,107.38,110.79,106.18,109.86,22181.0
2023-05-17 02:30:00+00:00,109.8,113.82,108.44,112.38,38622.0
2023-05-17 03:30:00+00:00,112.29,112.98,111.58,111.93,30289.0
2023-05-17 04:30:00+00:00,111.73,119.12,108.97,116.24,42799.0
2023-05-17 05:30:00+00:00,116.37,116.8,115.53,116.03,62400.0
2023-05-17 06:30:00+00:00,116.17,117.73,115.11,116.89,28484.0
2023-05-17 07:30:00+00:00,117.0,117.74,114.39,115.59,85620.0
2023-05-17 08:30:00+00:00,115.69,117.12,114.58,116.4,73885.0
2023-05-17 09:30:00+00:00,116.59,117.43,115.09,115.72,82194.0
2023-05-17 10:30:00+00:00,115.61,117.98,115.01,116.86,93992.0
2023-05-17 11:30:00+00:00,117.16,121.89,114.39,120.26,36360.0
2023-05-17 12:30:00+00:00,120.34,122.69,119.5,121.54,38098.0
2023-05-17 13:30:00+00:00,121.48,122.46,117.31,119.25,37924.0
2023-05-17 14:30:00+00:00,119.38,121.68,114.94,116.66,41822.0
2023-05-17 15:30:00+00:00,116.7,117.5,113.71,114.89,44573.0
2023-05-17 16:30:00+00:00,115.19,119.46,113.2,118.32,52838.0
2023-05-17 17:30:00+00:00,118.61,119.12,116.38,117.45,59645.0
2023-05-17 18:30:00+00:00,117.49,120.88,111.9,113.48,32425.0
2023-05-17 19:30:00+00:00,113.12,113.62,111.6,112.3,49899.0
2023-05-17 20:30:00+00:00,112.47,113.66,111.85,112.91,48387.0
2023-05-17 21:30:00+00:00,112.84,114.18,111.18,111.8,49715.0
2023-05-17 22:30:00+00:00,111.83,115.37,110.13,113.6,34733.0
2023-05-17 23:30:00+00:00,113.65,117.26,111.52,115.9,44617.0
2023-05-18 00:30:00+00:00,115.81,116.51,114.0,114.74,41094.0
2023-05-18 01:30:00+00:00,114.78,118.24,113.37,117.14,35416.0
2023-05-18 02:30:00+00:00,117.17,118.74,114.53,115.79,71433.0
2023-05-18 03:30:00+00:00,115.69,121.12,114.02,119.06,93163.0
2023-05-18 04:30:00+00:00,119.12,120.25,117.4,118.19,60915.0
2023-05-18 05:30:00+00:00,118.38,122.31,116.38,120.99,79298.0
2023-05-18 06:30:00+00:00,121.11,121.57,120.53,120.94,14976.0
2023-05-18 07:30:00+00:00,120.73,121.65,118.41,119.55,58977.0
2023-05-18 08:30:00+00:00,119.36,119.86,118.79,119.49,64574.0
2023-05-18 09:30:00+00:00,119.46,120.05,119.0,119.83,143620.0
2023-05-18 10:30:00+00:00,119.72,120.39,116.66,118.03,55998.0
2023-05-18 11:30:00+00:00,118.05,119.6,117.23,119.02,36119.0
2023-05-18 12:30:00+00:00,118.74,120.05,115.35,116.97,54038.0
2023-05-18 13:30:00+00:00,117.18,118.96,113.16,114.95,28346.0
2023-05-18 14:30:00+00:00,114.99,115.51,114.35,115.08,63827.0
2023-05-18 15:30:00+00:00,115.25,117.3,114.5,116.26,24204.0
2023-05-18 16:30:00+00:00,116.37,117.78,113.66,114.47,101596.0
2023-05-18 17:30:00+00:00,114.75,115.69,114.38,115.06,41139.0
2023-05-18 18:30:00+00:00,115.24,118.88,113.69,117.5,34498.0
2023-05-18 19:30:00+00:00,117.26,118.32,116.32,117.68,53111.0
2023-05-18 20:30:00+00:00,117.56,118.2,115.91,116.75,92553.0
2023-05-18 21:30:00+00:00,116.7,120.19,115.39,118.89,34806.0
2023-05-18 22:30:00+00:00,119.0,124.55,117.61,121.99,54922.0
2023-05-18 23:30:00+00:00,121.83,122.02,121.26,121.61,39949.0
2023-05-19 00:30:00+00:00,121.12,123.12,119.81,122.16,53338.0
2023-05-19 01:30:00+00:00,122.6,123.14,121.15,121.6,63662.0
2023-05-19 02:30:00+00:00,121.36,123.89,120.45,122.72,49128.0
2023-05-19 03:30:00+00:00,122.47,126.19,120.17,124.92,70938.0
2023-05-19 04:30:00+00:00,124.83,126.26,121.93,123.6,52812.0
2023-05-19 05:30:00+00:00,123.59,128.52,120.39,127.26,35692.0
2023-05-19 06:30:00+00:00,127.22,127.84,126.75,127.47,21177.0
2023-05-19 07:30:00+00:00,127.46,127.98,126.39,127.02,54833.0
2023-05-19 08:30:00+00:00,126.86,129.17,125.93,128.05,83394.0
2023-05-19 09:30:00+00:00,127.99,129.05,127.36,128.41,155783.0
2023-05-19 10:30:00+00:00,128.08,129.25,127.16,128.78,133936.0
2023-05-19 11:30:00+00:00,128.62,131.82,122.08,124.17,62123.0
2023-05-19 12:30:00+00:00,123.95,129.78,122.36,128.14,58811.0
2023-05-19 13:30:00+00:00,127.86,129.91,126.85,129.22,97637.0
2023-05-19 14:30:00+00:00,129.71,130.3,129.08,129.44,29714.0
2023-05-19 15:30:00+00:00,129.57,133.55,127.83,131.83,34777.0
2023-05-19 16:30:00+00:00,131.75,132.43,130.79,131.51,59853.0
2023-05-19 17:30:00+00:00,131.3,132.16,130.25,131.08,18041.0
2023-05-19 18:30:00+00:00,131.33,134.9,130.25,133.87,20841.0
2023-05-19 19:30:00+00:00,133.84,135.09,130.92,132.4,22035.0
2023-05-19 20:30:00+00:00,132.7,132.98,132.02,132.39,34645.0
2023-05-19 21:30:00+00:00,132.34,135.39,130.56,134.42,88073.0
2023-05-19 22:30:00+00:00,134.26,135.49,133.57,134.91,56400.0
2023-05-19 23:30:00+00:00,134.79,137.4,133.68,136.13,30166.0
2023-05-20 00:30:00+00:00,136.08,137.46,132.44,133.78,24463.0
2023-05-20 01:30:00+00:00,133.97,135.45,128.35,130.04,88007.0
2023-05-20 02:30:00+00:00,129.51,132.95,128.37,131.71,67992.0
2023-05-20 03:30:00+00:00,131.65,134.31,130.17,133.35,67940.0
2023-05-20 04:30:00+00:00,133.2,139.07,130.54,136.24,106926.0
2023-05-20 05:30:00+00:00,136.13,142.79,133.63,140.21,40004.0
2023-05-20 06:30:00+00:00,140.3,141.12,139.95,140.54,123285.0
2023-05-20 07:30:00+00:00,140.67,142.32,139.88,141.57,46753.0
2023-05-20 08:30:00+00:00,141.85,146.22,139.7,144.15,34516.0
2023-05-20 09:30:00+00:00,144.06,146.63,139.81,140.91,31866.0
2023-05-20 10:30:00+00:00,141.1,141.72,140.05,140.88,46871.0
2023-05-20 11:30:00+00:00,140.76,141.93,138.97,140.11,45046.0
2023-05-20 12:30:00+00:00,140.21,141.69,139.17,140.93,70780.0
2023-05-20 13:30:00+00:00,140.76,146.57,138.82,144.41,29383.0
2023-05-20 14:30:00+00:00,144.37,144.49,144.17,144.38,99561.0
2023-05-20 15:30:00+00:00,144.37,145.68,141.39,142.94,31139.0
2023-05-20 16:30:00+00:00,143.39,144.81,139.12,141.02,41942.0
2023-05-20 17:30:00+00:00,140.99,142.41,137.86,138.88,25787.0
2023-05-20 18:30:00+00:00,139.18,139.98,138.05,138.95,100810.0
2023-05-20 19:30:00+00:00,138.92,142.05,130.62,133.98,86788.0
2023-05-20 20:30:00+00:00,133.92,138.29,132.15,135.99,97293.0
2023-05-20 21:30:00+00:00,135.93,136.54,135.36,136.11,30701.0
2023-05-20 22:30:00+00:00,136.11,137.28,134.64,135.55,61184.0
2023-05-20 23:30:00+00:00,135.66,136.12,134.85,135.56,76951.0
2023-05-21 00:30:00+00:00,135.66,136.45,134.43,134.93,16886.0
2023-05-21 01:30:00+00:00,134.65,140.15,132.78,137.82,28987.0
2023-05-21 02:30:00+00:00,137.71,139.35,133.43,134.77,35205.0
2023-05-21 03:30:00+00:00,134.8,136.76,127.92,131.03,31978.0
2023-05-21 04:30:00+00:00,131.16,132.91,130.04,131.9,89058.0
2023-05-21 05:30:00+00:00,132.22,134.73,127.08,129.15,34139.0
2023-05-21 06:30:00+00:00,129.15,130.07,128.47,129.7,41441.0
2023-05-21 07:30:00+00:00,129.93,131.19,129.4,130.68,56747.0
2023-05-21 08:30:00+00:00,130.49,132.68,124.69,127.01,69275.0
2023-05-21 09:30:00+00:00,127.19,127.46,126.45,126.9,54278.0
2023-05-21 10:30:00+00:00,127.05,129.0,125.78,128.31,147122.0
2023-05-21 11:30:00+00:00,128.15,128.67,126.74,127.24,62284.0
2023-05-21 12:30:00+00:00,127.18,128.41,123.86,125.3,18524.0
2023-05-21 13:30:00+00:00,124.86,130.18,123.84,127.82,35236.0
2023-05-21 14:30:00+00:00,127.83,128.74,123.87,125.71,43734.0
2023-05-21 15:30:00+00:00,126.09,126.88,125.44,125.94,28632.0
2023-05-21 16:30:00+00:00,125.94,128.79,124.66,127.43,23317.0
2023-05-21 17:30:00+00:00,127.42,128.4,124.52,125.41,49393.0
2023-05-21 18:30:00+00:00,125.73,127.44,125.35,126.56,113426.0
2023-05-21 19:30:00+00:00,126.77,128.14,123.39,124.97,25150.0
2023-05-21 20:30:00+00:00,124.98,126.36,124.56,125.74,32141.0
2023-05-21 21:30:00+00:00,125.29,126.2,124.76,125.72,115704.0
2023-05-21 22:30:00+00:00,125.6,129.84,123.37,128.09,84554.0
2023-05-21 23:30:00+00:00,128.11,131.62,127.05,130.1,29485.0
2023-05-22 00:30:00+00:00,129.91,134.43,127.64,132.24,63082.0
2023-05-22 01:30:00+00:00,132.1,134.16,128.35,130.42,82506.0
2023-05-22 02:30:00+00:00,130.61,131.13,130.09,130.85,36428.0
2023-05-22 03:30:00+00:00,131.19,132.52,127.96,129.51,43521.0
2023-05-22 04:30:00+00:00,129.76,135.77,127.15,134.22,30953.0
2023-05-22 05:30:00+00:00,134.66,135.59,133.01,133.81,27615.0
2023-05-22 06:30:00+00:00,134.01,134.47,132.81,133.61,70835.0
2023-05-22 07:30:00+00:00,133.48,134.34,130.77,131.9,19193.0
2023-05-22 08:30:00+00:00,131.9,132.15,131.38,131.66,102747.0
2023-05-22 09:30:00+00:00,131.98,132.8,128.04,129.58,68433.0
2023-05-22 10:30:00+00:00,129.62,131.59,128.57,130.35,67642.0
2023-05-22 11:30:00+00:00,130.49,132.27,129.85,131.58,52839.0
2023-05-22 12:30:00+00:00,131.4,133.14,127.85,129.44,54535.0
2023-05-22 13:30:00+00:00,129.18,130.17,126.89,127.82,72892.0
2023-05-22 14:30:00+00:00,127.97,129.78,126.89,129.12,48586.0
2023-05-22 15:30:00+00:00,129.1,130.3,127.51,128.1,48142.0
2023-05-22 16:30:00+00:00,127.93,129.49,127.15,128.95,23356.0
2023-05-22 17:30:00+00:00,128.82,130.67,125.99,126.82,19868.0
2023-05-22 18:30:00+00:00,126.85,136.25,123.69,132.3,40774.0
2023-05-22 19:30:00+00:00,132.11,134.97,123.79,127.01,54374.0
2023-05-22 20:30:00+00:00,126.97,127.78,126.25,127.17,28287.0
2023-05-22 21:30:00+00:00,127.07,128.18,126.36,127.65,51636.0
2023-05-22 22:30:00+00:00,127.7,130.15,126.55,129.09,61556.0
2023-05-22 23:30:00+00:00,129.27,131.41,125.98,126.89,99865.0
2023-05-23 00:30:00+00:00,126.91,127.43,125.77,126.28,53637.0
2023-05-23 01:30:00+00:00,126.12,126.6,125.82,126.2,56308.0
2023-05-23 02:30:00+00:00,126.14,127.11,124.75,125.28,36206.0
2023-05-23 03:30:00+00:00,125.52,126.83,124.87,126.39,39445.0
2023-05-23 04:30:00+00:00,126.36,126.67,125.33,125.69,113317.0
2023-05-23 05:30:00+00:00,125.57,130.34,123.79,128.08,25105.0
2023-05-23 06:30:00+00:00,128.06,129.51,125.71,126.88,66575.0
2023-05-23 07:30:00+00:00,126.76,128.33,121.93,123.97,122904.0
2023-05-23 08:30:00+00:00,123.95,126.57,122.24,125.6,70262.0
2023-05-23 09:30:00+00:00,126.02,126.62,124.46,125.2,27275.0
2023-05-23 10:30:00+00:00,125.01,125.81,122.92,123.72,39909.0
2023-05-23 11:30:00+00:00,123.54,125.58,122.51,124.8,106205.0
2023-05-23 12:30:00+00:00,124.68,125.35,124.18,124.97,84120.0
2023-05-23 13:30:00+00:00,125.11,126.75,123.72,126.02,40119.0
2023-05-23 14:30:00+00:00,126.37,128.89,121.09,123.2,98136.0
2023-05-23 15:30:00+00:00,123.25,124.69,122.72,123.86,99295.0
2023-05-23 16:30:00+00:00,123.93,126.41,122.18,125.56,72166.0
2023-05-23 17:30:00+00:00,125.46,126.99,124.41,125.96,76531.0
2023-05-23 18:30:00+00:00,125.68,126.98,122.65,124.06,41080.0
2023-05-23 19:30:00+00:00,123.87,127.11,122.99,125.91,43128.0
2023-05-23 20:30:00+00:00,125.93,129.02,124.97,127.72,36736.0
2023-05-23 21:30:00+00:00,127.52,129.75,123.17,125.29,74558.0
2023-05-23 22:30:00+00:00,125.41,127.06,120.23,122.74,104076.0
2023-05-23 23:30:00+00:00,122.7,123.79,120.13,121.34,53568.0
2023-05-24 00:30:00+00:00,121.34,122.24,120.98,121.73,44629.0
2023-05-24 01:30:00+00:00,121.64,122.85,119.97,120.68,24925.0
2023-05-24 02:30:00+00:00,120.83,122.28,118.88,119.44,57246.0
2023-05-24 03:30:00+00:00,119.36,121.75,114.17,116.72,81054.0
2023-05-24 04:30:00+00:00,116.81,117.58,116.2,117.23,46185.0
2023-05-24 05:30:00+00:00,117.13,120.85,115.57,119.69,100454.0
2023-05-24 06:30:00+00:00,119.73,120.63,118.65,119.34,42064.0
2023-05-24 07:30:00+00:00,119.3,123.72,117.88,121.99,73108.0
2023-05-24 08:30:00+00:00,121.82,122.22,120.55,121.06,41352.0
2023-05-24 09:30:00+00:00,120.78,128.73,118.53,125.64,21653.0
2023-05-24 10:30:00+00:00,125.37,126.63,121.29,122.64,41776.0
2023-05-24 11:30:00+00:00,122.36,124.99,121.44,123.74,37057.0
2023-05-24 12:30:00+00:00,123.78,124.94,121.4,122.7,66266.0
2023-05-24 13:30:00+00:00,122.78,124.82,121.42,123.79,49493.0
2023-05-24 14:30:00+00:00,124.03,125.97,116.5,119.83,78830.0
2023-05-24 15:30:00+00:00,119.81,120.77,118.77,119.24,79911.0
2023-05-24 16:30:00+00:00,119.16,122.07,118.14,121.25,49736.0
2023-05-24 17:30:00+00:00,121.65,123.73,120.43,122.77,18266.0
2023-05-24 18:30:00+00:00,122.75,125.04,122.03,124.25,128173.0
2023-05-24 19:30:00+00:00,124.1,126.62,122.42,125.78,33941.0
2023-05-24 20:30:00+00:00,125.9,127.53,123.49,124.28,24742.0
2023-05-24 21:30:00+00:00,124.31,124.61,123.94,124.24,68765.0
2023-05-24 22:30:00+00:00,124.23,128.39,122.85,126.56,65203.0
2023-05-24 23:30:00+00:00,127.04,129.97,118.86,122.71,99588.0
2023-05-25 00:30:00+00:00,122.92,126.84,121.89,125.19,40135.0
2023-05-25 01:30:00+00:00,124.86,129.84,123.64,127.62,39342.0
2023-05-25 02:30:00+00:00,127.65,128.95,125.91,126.94,87954.0
2023-05-25 03:30:00+00:00,127.2,128.03,126.58,127.08,103755.0
2023-05-25 04:30:00+00:00,127.16,128.27,126.74,127.67,39782.0
2023-05-25 05:30:00+00:00,127.81,129.3,124.89,126.29,76268.0
2023-05-25 06:30:00+00:00,126.22,127.78,123.3,124.31,24474.0
2023-05-25 07:30:00+00:00,124.2,124.51,123.34,123.87,21648.0
2023-05-25 08:30:00+00:00,123.59,129.15,121.94,126.78,80194.0
2023-05-25 09:30:00+00:00,126.76,129.56,120.79,122.81,61803.0
2023-05-25 10:30:00+00:00,122.71,124.39,121.71,123.89,16846.0
2023-05-25 11:30:00+00:00,124.02,131.59,122.45,128.34,66019.0
2023-05-25 12:30:00+00:00,128.53,128.75,128.27,128.51,123779.0
2023-05-25 13:30:00+00:00,128.59,128.91,128.17,128.39,22305.0
2023-05-25 14:30:00+00:00,128.48,129.58,125.59,126.45,74806.0
2023-05-25 15:30:00+00:00,126.44,128.52,122.77,123.99,29334.0
2023-05-25 16:30:00+00:00,123.95,125.71,121.19,122.47,23226.0
2023-05-25 17:30:00+00:00,122.45,124.2,121.55,123.37,76955.0
2023-05-25 18:30:00+00:00,123.19,124.08,120.11,121.43,29098.0
2023-05-25 19:30:00+00:00,121.53,123.35,120.27,122.8,27177.0
2023-05-25 20:30:00+00:00,123.11,125.11,119.92,121.17,18844.0
2023-05-25 21:30:00+00:00,121.24,121.75,120.9,121.38,27246.0
2023-05-25 22:30:00+00:00,121.59,124.06,120.57,122.87,44703.0
2023-05-25 23:30:00+00:00,123.04,123.61,121.28,121.92,36476.0
2023-05-26 00:30:00+00:00,122.02,124.01,121.1,122.88,16049.0
2023-05-26 01:30:00+00:00,122.98,124.27,119.08,121.06,245975.0
2023-05-26 02:30:00+00:00,121.23,122.86,118.31,119.69,50517.0
2023-05-26 03:30:00+00:00,119.91,121.09,119.42,120.29,38668.0
2023-05-26 04:30:00+00:00,120.41,124.82,119.19,123.08,37198.0
2023-05-26 05:30:00+00:00,122.92,125.41,118.55,119.95,16047.0
2023-05-26 06:30:00+00:00,120.04,122.06,119.44,121.0,34636.0
2023-05-26 07:30:00+00:00,121.24,124.5,114.59,116.49,50592.0
2023-05-26 08:30:00+00:00,116.57,117.93,113.7,115.32,64796.0
2023-05-26 09:30:00+00:00,115.17,116.34,111.71,113.04,47411.0
2023-05-26 10:30:00+00:00,113.27,114.97,110.2,111.91,24242.0
2023-05-26 11:30:00+00:00,111.91,113.37,109.68,110.81,85380.0
2023-05-26 12:30:00+00:00,110.74,112.4,106.35,107.83,32069.0
2023-05-26 13:30:00+00:00,107.74,111.07,106.4,109.69,65446.0
2023-05-26 14:30:00+00:00,109.39,111.21,108.35,110.39,43705.0
2023-05-26 15:30:00+00:00,110.38,111.45,108.47,109.33,54114.0
2023-05-26 16:30:00+00:00,109.3,113.87,106.73,112.01,84310.0
2023-05-26 17:30:00+00:00,112.11,114.84,111.09,113.48,71893.0
2023-05-26 18:30:00+00:00,113.25,115.16,112.24,114.02,136975.0
2023-05-26 19:30:00+00:00,114.34,115.19,113.8,114.67,36658.0
2023-05-26 20:30:00+00:00,114.47,115.17,113.12,113.64,120655.0
2023-05-26 21:30:00+00:00,114.07,114.34,113.86,114.1,43980.0
2023-05-26 22:30:00+00:00,114.34,116.13,108.9,110.91,55475.0
2023-05-26 23:30:00+00:00,110.86,111.43,110.67,111.08,31477.0
2023-05-27 00:30:00+00:00,110.85,111.71,110.05,111.26,71548.0
2023-05-27 01:30:00+00:00,111.42,112.27,110.97,111.78,36234.0
2023-05-27 02:30:00+00:00,111.76,112.34,110.68,111.12,46596.0
2023-05-27 03:30:00+00:00,110.98,111.6,109.35,110.05,28626.0
2023-05-27 04:30:00+00:00,110.06,110.73,107.64,108.98,21382.0
2023-05-27 05:30:00+00:00,108.92,116.33,105.78,113.89,67080.0
2023-05-27 06:30:00+00:00,113.74,118.16,112.34,115.97,23447.0
2023-05-27 07:30:00+00:00,115.77,118.8,114.93,117.49,35617.0
2023-05-27 08:30:00+00:00,117.71,119.21,114.71,116.25,63005.0
2023-05-27 09:30:00+00:00,116.5,118.48,116.01,117.3,24021.0
2023-05-27 10:30:00+00:00,117.3,117.89,116.53,116.96,40657.0
2023-05-27 11:30:00+00:00,116.88,118.78,112.06,114.2,77609.0
2023-05-27 12:30:00+00:00,114.25,116.97,113.06,115.98,51457.0
2023-05-27 13:30:00+00:00,116.09,117.56,111.97,113.88,67443.0
2023-05-27 14:30:00+00:00,113.77,115.02,111.63,112.71,34999.0
2023-05-27 15:30:00+00:00,112.7,114.38,112.17,113.67,44610.0
2023-05-27 16:30:00+00:00,113.74,113.97,113.46,113.63,61499.0
2023-05-27 17:30:00+00:00,113.72,115.38,105.17,108.57,42587.0
2023-05-27 18:30:00+00:00,108.55,110.82,104.03,105.83,33044.0
2023-05-27 19:30:00+00:00,105.67,108.28,101.31,102.72,40741.0
2023-05-27 20:30:00+00:00,102.78,107.07,101.26,105.78,23915.0
2023-05-27 21:30:00+00:00,105.97,106.41,104.72,105.37,54299.0
2023-05-27 22:30:00+00:00,105.58,106.76,103.91,104.48,37550.0
2023-05-27 23:30:00+00:00,104.28,106.6,103.53,105.4,31364.0
2023-05-28 00:30:00+00:00,105.23,105.89,105.0,105.55,101106.0
2023-05-28 01:30:00+00:00,105.66,106.41,103.15,104.18,44757.0
2023-05-28 02:30:00+00:00,103.84,108.82,101.29,106.99,44252.0
2023-05-28 03:30:00+00:00,107.2,112.9,106.1,110.47,24521.0
2023-05-28 04:30:00+00:00,110.91,111.45,110.69,111.23,42064.0
2023-05-28 05:30:00+00:00,111.36,112.35,108.34,109.49,42401.0
2023-05-28 06:30:00+00:00,109.45,112.12,108.34,110.75,41782.0
2023-05-28 07:30:00+00:00,110.7,112.22,109.77,111.48,45157.0
2023-05-28 08:30:00+00:00,111.67,113.49,110.58,112.91,75102.0
2023-05-28 09:30:00+00:00,112.92,117.97,110.19,115.56,59964.0
2023-05-28 10:30:00+00:00,115.72,117.14,114.9,116.43,38386.0
2023-05-28 11:30:00+00:00,116.28,118.96,115.43,118.13,79665.0
2023-05-28 12:30:00+00:00,118.02,120.06,116.92,119.14,86442.0
2023-05-28 13:30:00+00:00,119.19,120.34,117.05,117.75,42700.0
2023-05-28 14:30:00+00:00,118.01,119.4,115.42,116.42,72276.0
2023-05-28 15:30:00+00:00,116.25,117.47,113.58,114.88,53572.0
2023-05-28 16:30:00+00:00,114.87,115.83,113.71,114.2,71963.0
2023-05-28 17:30:00+00:00,113.99,115.04,110.81,111.96,79062.0
2023-05-28 18:30:00+00:00,111.8,112.48,111.5,111.96,28580.0
2023-05-28 19:30:00+00:00,111.94,115.6,109.7,114.58,65381.0
2023-05-28 20:30:00+00:00,114.75,115.69,113.37,113.93,47100.0
2023-05-28 21:30:00+00:00,114.02,115.19,113.22,114.78,73614.0
2023-05-28 22:30:00+00:00,114.61,115.28,113.36,113.95,83605.0
2023-05-28 23:30:00+00:00,113.77,115.03,111.57,112.8,26969.0
2023-05-29 00:30:00+00:00,112.95,113.39,112.37,112.84,33963.0
2023-05-29 01:30:00+00:00,112.9,113.27,112.36,112.69,71614.0
2023-05-29 02:30:00+00:00,112.65,114.54,107.79,109.82,48619.0
2023-05-29 03:30:00+00:00,109.75,110.44,108.28,109.0,48644.0
2023-05-29 04:30:00+00:00,109.01,109.54,107.65,108.23,36966.0
2023-05-29 05:30:00+00:00,108.1,109.47,107.68,108.74,53860.0
2023-05-29 06:30:00+00:00,108.68,109.41,107.71,108.06,88139.0
2023-05-29 07:30:00+00:00,108.23,110.14,103.78,105.28,96620.0
2023-05-29 08:30:00+00:00,105.12,106.24,102.99,104.02,43953.0
2023-05-29 09:30:00+00:00,104.05,105.66,101.24,102.09,61355.0
2023-05-29 10:30:00+00:00,101.86,102.63,100.59,101.18,77478.0
2023-05-29 11:30:00+00:00,101.43,101.88,100.6,101.28,53173.0
2023-05-29 12:30:00+00:00,101.17,102.7,98.05,99.42,72718.0
2023-05-29 13:30:00+00:00,99.21,100.23,98.87,99.74,57325.0
2023-05-29 14:30:00+00:00,99.46,103.95,98.3,102.26,36198.0
2023-05-29 15:30:00+00:00,102.35,102.59,101.77,102.06,21104.0
2023-05-29 16:30:00+00:00,102.04,102.27,101.52,101.72,31410.0
2023-05-29 17:30:00+00:00,101.62,102.4,99.91,100.61,67387.0
2023-05-29 18:30:00+00:00,100.69,101.43,100.35,101.08,46178.0
2023-05-29 19:30:00+00:00,101.21,103.25,100.14,102.49,25623.0
2023-05-29 20:30:00+00:00,102.47,103.48,101.9,103.14,45204.0
2023-05-29 21:30:00+00:00,103.08,103.5,101.99,102.63,46580.0
2023-05-29 22:30:00+00:00,102.59,107.99,100.03,106.07,35229.0
2023-05-29 23:30:00+00:00,106.05,108.76,105.37,107.49,19414.0
2023-05-30 00:30:00+00:00,107.65,108.03,107.15,107.6,88582.0
2023-05-30 01:30:00+00:00,107.63,109.55,103.67,104.92,48345.0
2023-05-30 02:30:00+00:00,104.66,107.18,103.28,106.01,32967.0
2023-05-30 03:30:00+00:00,106.09,106.92,105.74,106.23,43349.0
2023-05-30 04:30:00+00:00,106.38,107.6,102.76,104.54,40460.0
2023-05-30 05:30:00+00:00,104.72,105.35,104.32,105.02,20885.0
2023-05-30 06:30:00+00:00,105.09,107.52,104.15,106.39,42189.0
2023-05-30 07:30:00+00:00,106.42,113.08,104.72,110.02,68256.0
2023-05-30 08:30:00+00:00,109.68,115.08,107.88,112.91,48197.0
2023-05-30 09:30:00+00:00,112.98,114.2,110.02,111.14,42221.0
2023-05-30 10:30:00+00:00,111.13,111.69,110.74,111.33,47762.0
2023-05-30 11:30:00+00:00,111.48,114.4,110.52,113.53,26128.0
2023-05-30 12:30:00+00:00,113.47,115.77,112.9,115.04,45148.0
2023-05-30 13:30:00+00:00,115.16,116.33,113.99,114.44,57505.0
2023-05-30 14:30:00+00:00,114.45,118.4,108.03,110.01,71117.0
2023-05-30 15:30:00+00:00,109.96,110.41,109.09,109.54,42250.0
2023-05-30 16:30:00+00:00,109.55,110.36,107.76,108.74,53497.0
2023-05-30 17:30:00+00:00,108.56,110.25,105.58,107.01,43391.0
2023-05-30 18:30:00+00:00,106.92,108.71,106.05,108.13,78071.0
2023-05-30 19:30:00+00:00,108.32,111.01,106.76,109.88,40673.0
2023-05-30 20:30:00+00:00,109.8,110.35,108.29,108.79,70073.0
2023-05-30 21:30:00+00:00,108.7,109.09,108.52,108.68,56754.0
2023-05-30 22:30:00+00:00,108.93,109.92,106.76,107.85,82475.0
2023-05-30 23:30:00+00:00,107.7,110.25,106.96,109.46,61063.0
2023-05-31 00:30:00+00:00,109.53,114.87,107.41,112.48,74416.0
2023-05-31 01:30:00+00:00,112.75,113.35,111.59,112.01,49716.0
2023-05-31 02:30:00+00:00,111.88,115.42,110.04,113.78,57075.0
2023-05-31 03:30:00+00:00,113.52,115.8,112.23,114.8,35423.0
2023-05-31 04:30:00+00:00,114.61,116.41,111.63,112.91,34057.0
2023-05-31 05:30:00+00:00,112.81,114.16,110.65,111.29,70435.0
2023-05-31 06:30:00+00:00,111.3,112.68,110.31,112.18,38406.0
2023-05-31 07:30:00+00:00,112.34,114.39,107.39,108.77,54783.0
2023-05-31 08:30:00+00:00,108.76,109.46,107.26,108.15,39874.0
2023-05-31 09:30:00+00:00,108.1,110.28,106.84,109.44,35445.0
2023-05-31 10:30:00+00:00,109.33,111.06,105.82,106.91,56432.0
2023-05-31 11:30:00+00:00,106.9,107.4,106.38,106.72,114887.0
2023-05-31 12:30:00+00:00,106.94,108.55,103.0,104.41,27504.0
2023-05-31 13:30:00+00:00,104.29,105.29,103.65,104.87,41589.0
2023-05-31 14:30:00+00:00,104.8,105.42,102.69,103.84,65115.0
2023-05-31 15:30:00+00:00,103.75,106.05,102.78,105.09,31003.0
2023-05-31 16:30:00+00:00,105.14,106.06,103.09,104.04,75218.0
2023-05-31 17:30:00+00:00,104.27,105.02,103.94,104.52,21160.0
2023-05-31 18:30:00+00:00,104.47,105.19,102.73,103.37,25222.0
2023-05-31 19:30:00+00:00,103.43,103.66,103.13,103.37,92928.0
2023-05-31 20:30:00+00:00,103.31,104.06,101.6,102.39,40393.0
2023-05-31 21:30:00+00:00,102.25,105.02,100.74,103.96,51812.0
2023-05-31 22:30:00+00:00,104.14,105.92,103.08,105.29,53818.0
2023-05-31 23:30:00+00:00,105.33,106.14,104.76,105.68,33546.0
2023-06-01 00:30:00+00:00,105.52,106.74,103.01,104.21,70379.0
2023-06-01 01:30:00+00:00,104.01,109.15,102.66,106.76,96596.0
2023-06-01 02:30:00+00:00,106.79,110.5,104.85,108.82,23459.0
2023-06-01 03:30:00+00:00,108.57,110.09,107.81,109.33,51980.0
2023-06-01 04:30:00+00:00,108.94,109.98,108.27,109.3,73019.0
2023-06-01 05:30:00+00:00,109.5,112.25,105.18,106.49,44786.0
2023-06-01 06:30:00+00:00,106.66,107.79,105.94,107.28,31580.0
2023-06-01 07:30:00+00:00,107.44,108.93,106.6,108.13,135312.0
2023-06-01 08:30:00+00:00,108.11,109.3,106.01,107.09,50277.0
2023-06-01 09:30:00+00:00,107.27,107.92,105.96,106.46,83990.0
2023-06-01 10:30:00+00:00,106.31,107.29,105.4,106.71,48105.0
2023-06-01 11:30:00+00:00,106.89,108.2,106.11,107.47,49889.0
2023-06-01 12:30:00+00:00,107.61,108.54,104.56,105.91,47723.0
2023-06-01 13:30:00+00:00,106.21,108.12,102.71,104.08,85833.0
2023-06-01 14:30:00+00:00,103.83,107.11,103.1,105.47,74021.0
2023-06-01 15:30:00+00:00,105.35,110.18,103.63,108.26,26119.0
2023-06-01 16:30:00+00:00,108.41,113.35,105.59,111.66,59920.0
2023-06-01 17:30:00+00:00,111.63,113.57,107.99,109.58,33316.0
2023-06-01 18:30:00+00:00,109.69,111.35,108.9,110.37,27193.0
2023-06-01 19:30:00+00:00,110.2,110.82,108.29,109.02,61507.0
2023-06-01 20:30:00+00:00,108.86,110.78,107.89,109.9,47075.0
2023-06-01 21:30:00+00:00,109.92,113.31,108.18,111.93,69742.0
2023-06-01 22:30:00+00:00,111.94,112.77,111.25,112.45,77790.0
2023-06-01 23:30:00+00:00,112.69,115.79,104.98,108.42,47376.0
2023-06-02 00:30:00+00:00,108.53,109.93,106.6,107.56,35149.0
2023-06-02 01:30:00+00:00,107.73,108.25,105.71,106.88,41929.0
2023-06-02 02:30:00+00:00,106.93,108.56,105.85,107.81,55609.0
2023-06-02 03:30:00+00:00,107.67,108.78,103.44,105.23,32950.0
2023-06-02 04:30:00+00:00,105.24,107.75,104.09,106.79,71643.0
2023-06-02 05:30:00+00:00,106.85,108.03,104.93,105.62,32986.0
2023-06-02 06:30:00+00:00,105.59,107.47,105.17,106.76,56270.0
2023-06-02 07:30:00+00:00,106.54,108.7,101.98,103.79,69855.0
2023-06-02 08:30:00+00:00,103.93,110.27,101.84,108.46,43945.0
2023-06-02 09:30:00+00:00,108.38,109.62,108.05,108.82,39299.0
2023-06-02 10:30:00+00:00,108.92,109.61,108.08,108.4,18876.0
2023-06-02 11:30:00+00:00,108.38,109.15,107.35,107.74,50256.0
2023-06-02 12:30:00+00:00,107.63,109.81,106.65,108.82,136369.0
2023-06-02 13:30:00+00:00,108.78,110.02,106.9,107.69,99822.0
2023-06-02 14:30:00+00:00,107.91,108.66,106.81,107.21,24750.0
2023-06-02 15:30:00+00:00,107.17,107.77,106.78,107.29,19427.0
2023-06-02 16:30:00+00:00,107.16,110.76,105.32,109.3,71964.0
2023-06-02 17:30:00+00:00,109.25,110.18,107.42,108.07,31365.0
2023-06-02 18:30:00+00:00,108.03,108.69,105.75,106.8,35240.0
2023-06-02 19:30:00+00:00,106.82,108.28,103.44,105.04,20089.0
2023-06-02 20:30:00+00:00,105.21,106.76,102.16,103.38,49516.0
2023-06-02 21:30:00+00:00,103.44,105.38,99.68,101.61,41620.0
2023-06-02 22:30:00+00:00,101.69,101.88,101.55,101.72,83371.0
2023-06-02 23:30:00+00:00,102.01,102.62,101.61,102.24,58773.0
2023-06-03 00:30:00+00:00,102.25,104.19,98.64,100.15,79690.0
2023-06-03 01:30:00+00:00,100.08,104.24,99.27,102.39,46882.0
2023-06-03 02:30:00+00:00,102.46,104.46,101.27,103.68,35668.0
2023-06-03 03:30:00+00:00,103.76,104.2,102.6,103.39,113228.0
2023-06-03 04:30:00+00:00,103.51,104.4,101.5,102.5,81780.0
2023-06-03 05:30:00+00:00,102.45,102.81,101.47,102.07,49664.0
2023-06-03 06:30:00+00:00,101.91,102.67,100.8,101.3,59817.0
2023-06-03 07:30:00+00:00,101.34,103.9,95.79,98.39,39404.0
2023-06-03 08:30:00+00:00,98.24,99.56,97.42,98.99,20542.0
2023-06-03 09:30:00+00:00,99.1,100.17,97.12,98.08,85742.0
2023-06-03 10:30:00+00:00,97.93,99.97,96.86,98.85,45033.0
2023-06-03 11:30:00+00:00,98.87,101.59,97.46,100.4,51116.0
2023-06-03 12:30:00+00:00,100.49,101.22,99.36,99.88,73324.0
2023-06-03 13:30:00+00:00,99.81,100.41,99.4,99.91,70174.0
2023-06-03 14:30:00+00:00,99.97,101.22,98.85,100.69,15913.0
2023-06-03 15:30:00+00:00,100.8,101.3,100.2,100.55,28244.0
2023-06-03 16:30:00+00:00,100.54,101.07,99.76,100.37,64725.0
2023-06-03 17:30:00+00:00,100.34,100.73,99.73,100.21,92198.0
2023-06-03 18:30:00+00:00,100.14,103.37,99.18,102.08,78865.0
2023-06-03 19:30:00+00:00,102.01,103.08,101.7,102.34,19302.0
2023-06-03 20:30:00+00:00,102.41,103.38,101.13,101.75,59864.0
2023-06-03 21:30:00+00:00,101.55,104.78,100.37,103.78,37278.0
2023-06-03 22:30:00+00:00,103.9,104.52,102.2,103.1,72747.0
2023-06-03 23:30:00+00:00,103.21,103.68,102.93,103.34,110047.0
2023-06-04 00:30:00+00:00,103.33,104.25,102.8,103.74,70328.0
2023-06-04 01:30:00+00:00,103.78,105.4,103.36,104.45,42319.0
2023-06-04 02:30:00+00:00,104.72,106.63,104.26,105.58,33692.0
2023-06-04 03:30:00+00:00,105.7,106.49,103.69,104.56,65117.0
2023-06-04 04:30:00+00:00,104.65,105.84,103.68,105.41,92809.0
2023-06-04 05:30:00+00:00,105.31,107.72,100.88,102.24,61778.0
2023-06-04 06:30:00+00:00,102.29,104.17,101.43,102.99,145988.0
2023-06-04 07:30:00+00:00,102.7,103.24,101.89,102.31,34403.0
2023-06-04 08:30:00+00:00,102.28,102.77,101.49,101.84,39280.0
2023-06-04 09:30:00+00:00,101.65,104.12,100.18,103.16,49893.0
2023-06-04 10:30:00+00:00,103.0,106.09,102.09,104.56,39017.0
2023-06-04 11:30:00+00:00,104.7,107.35,100.27,101.9,50970.0
2023-06-04 12:30:00+00:00,102.0,103.02,100.65,101.36,58507.0
2023-06-04 13:30:00+00:00,101.14,102.78,100.52,102.13,71557.0
2023-06-04 14:30:00+00:00,102.27,103.75,98.99,99.92,64204.0
2023-06-04 15:30:00+00:00,99.85,100.5,97.01,98.3,16045.0
2023-06-04 16:30:00+00:00,98.21,98.97,95.58,96.88,41027.0
2023-06-04 17:30:00+00:00,97.26,97.56,96.91,97.31,31360.0
2023-06-04 18:30:00+00:00,97.2,98.51,96.62,97.65,68320.0
2023-06-04 19:30:00+00:00,97.81,98.59,96.08,96.91,77895.0
2023-06-04 20:30:00+00:00,96.94,97.09,96.69,96.91,49003.0
2023-06-04 21:30:00+00:00,96.81,98.27,96.35,97.38,21622.0
2023-06-04 22:30:00+00:00,97.46,97.83,97.25,97.68,42260.0
2023-06-04 23:30:00+00:00,97.54,98.37,95.6,96.6,65932.0
2023-06-05 00:30:00+00:00,96.7,99.41,95.09,98.62,27250.0
2023-06-05 01:30:00+00:00,98.66,100.92,97.31,100.12,30684.0
2023-06-05 02:30:00+00:00,100.3,102.19,99.63,101.24,55349.0
2023-06-05 03:30:00+00:00,101.07,102.02,97.8,99.15,47941.0
2023-06-05 04:30:00+00:00,99.15,99.57,98.81,99.06,31047.0
2023-06-05 05:30:00+00:00,98.98,99.92,96.36,97.56,42593.0
2023-06-05 06:30:00+00:00,97.6,98.19,95.78,96.38,38712.0
2023-06-05 07:30:00+00:00,96.29,97.38,94.21,95.05,60178.0
2023-06-05 08:30:00+00:00,95.05,96.91,94.3,96.22,50492.0
2023-06-05 09:30:00+00:00,96.67,98.57,95.93,98.06,98265.0
2023-06-05 10:30:00+00:00,98.05,101.24,97.17,100.05,105798.0
2023-06-05 11:30:00+00:00,100.23,102.82,99.39,101.45,50417.0
2023-06-05 12:30:00+00:00,101.58,103.2,101.02,102.37,27695.0
2023-06-05 13:30:00+00:00,102.23,103.92,101.31,103.39,54249.0
2023-06-05 14:30:00+00:00,103.22,103.95,102.5,102.99,31322.0
2023-06-05 15:30:00+00:00,102.8,103.06,102.54,102.69,50709.0
2023-06-05 16:30:00+00:00,102.94,104.44,96.97,99.89,45962.0
2023-06-05 17:30:00+00:00,100.18,102.93,98.92,101.4,32787.0
2023-06-05 18:30:00+00:00,101.37,102.41,99.37,100.37,70760.0
2023-06-05 19:30:00+00:00,100.36,101.12,99.39,99.84,55309.0
2023-06-05 20:30:00+00:00,99.79,100.68,97.59,98.85,61114.0
2023-06-05 21:30:00+00:00,98.82,100.03,97.05,97.85,60952.0
2023-06-05 22:30:00+00:00,98.1,99.74,97.73,98.9,91605.0
2023-06-05 23:30:00+00:00,98.89,100.19,98.06,99.74,72225.0
2023-06-06 00:30:00+00:00,99.8,100.65,96.85,98.11,54287.0
2023-06-06 01:30:00+00:00,97.96,101.63,96.32,100.34,75604.0
2023-06-06 02:30:00+00:00,100.57,101.23,99.41,100.14,43982.0
2023-06-06 03:30:00+00:00,99.94,100.47,98.32,99.24,53821.0
2023-06-06 04:30:00+00:00,99.0,100.21,96.52,97.39,86412.0
2023-06-06 05:30:00+00:00,97.39,99.57,96.39,98.45,80003.0
2023-06-06 06:30:00+00:00,98.36,100.44,97.79,99.5,46701.0
2023-06-06 07:30:00+00:00,99.54,102.3,98.64,101.07,30955.0
2023-06-06 08:30:00+00:00,100.85,102.5,96.91,98.28,112444.0
2023-06-06 09:30:00+00:00,98.2,98.34,97.89,98.12,49282.0
2023-06-06 10:30:00+00:00,97.8,98.72,95.87,96.42,36678.0
2023-06-06 11:30:00+00:00,96.42,99.38,95.53,97.82,40021.0
2023-06-06 12:30:00+00:00,97.55,101.02,95.92,99.83,33996.0
2023-06-06 13:30:00+00:00,99.82,100.68,97.97,98.56,25421.0
2023-06-06 14:30:00+00:00,98.47,100.83,93.58,95.94,66743.0
2023-06-06 15:30:00+00:00,96.04,96.46,95.51,95.81,47579.0
2023-06-06 16:30:00+00:00,95.57,97.87,94.91,96.95,60593.0
2023-06-06 17:30:00+00:00,96.97,97.63,96.02,96.45,24028.0
2023-06-06 18:30:00+00:00,96.67,99.26,91.69,93.69,35321.0
2023-06-06 19:30:00+00:00,93.66,95.76,92.59,94.72,126772.0
2023-06-06 20:30:00+00:00,94.59,95.43,93.19,93.91,63254.0
2023-06-06 21:30:00+00:00,93.98,97.7,92.41,96.08,85514.0
2023-06-06 22:30:00+00:00,96.33,99.89,95.24,98.75,60691.0
2023-06-06 23:30:00+00:00,98.46,99.33,95.64,96.48,76313.0
2023-06-07 00:30:00+00:00,96.48,99.0,95.11,98.05,59621.0
2023-06-07 01:30:00+00:00,97.99,98.77,96.57,97.21,55327.0
2023-06-07 02:30:00+00:00,97.02,97.44,96.79,97.09,40284.0
2023-06-07 03:30:00+00:00,97.26,99.5,96.54,98.59,31100.0
2023-06-07 04:30:00+00:00,98.57,99.24,97.88,98.39,50184.0
2023-06-07 05:30:00+00:00,98.43,99.0,98.08,98.63,21491.0
2023-06-07 06:30:00+00:00,98.68,100.03,95.74,96.94,37812.0
2023-06-07 07:30:00+00:00,96.98,100.99,96.19,99.04,39385.0
2023-06-07 08:30:00+00:00,99.07,103.89,97.49,101.77,36686.0
2023-06-07 09:30:00+00:00,101.8,107.46,98.66,105.04,47647.0
2023-06-07 10:30:00+00:00,104.76,108.36,103.91,106.6,65005.0
2023-06-07 11:30:00+00:00,106.46,107.34,105.04,105.83,54005.0
2023-06-07 12:30:00+00:00,105.62,107.57,104.43,106.61,19453.0
2023-06-07 13:30:00+00:00,106.76,108.24,103.52,104.67,61749.0
2023-06-07 14:30:00+00:00,105.02,106.56,102.02,102.98,47877.0
2023-06-07 15:30:00+00:00,103.14,103.79,102.03,102.59,55605.0
2023-06-07 16:30:00+00:00,102.74,103.38,102.43,102.9,92433.0
2023-06-07 17:30:00+00:00,102.67,103.57,102.36,102.88,50843.0
2023-06-07 18:30:00+00:00,102.91,105.2,101.64,104.39,67900.0
2023-06-07 19:30:00+00:00,104.2,104.69,102.93,103.71,65292.0
2023-06-07 20:30:00+00:00,103.83,105.21,103.36,104.28,129089.0
2023-06-07 21:30:00+00:00,104.01,104.8,100.25,101.95,50217.0
2023-06-07 22:30:00+00:00,101.98,103.99,100.69,102.88,32112.0
2023-06-07 23:30:00+00:00,103.15,104.61,100.9,101.9,97993.0
2023-06-08 00:30:00+00:00,101.77,102.03,100.85,101.43,20206.0
2023-06-08 01:30:00+00:00,101.33,102.47,100.82,102.11,36199.0
2023-06-08 02:30:00+00:00,102.0,102.55,101.63,102.05,76112.0
2023-06-08 03:30:00+00:00,102.03,104.08,98.08,99.94,83578.0
2023-06-08 04:30:00+00:00,99.96,101.93,99.19,101.11,44499.0
2023-06-08 05:30:00+00:00,101.11,102.04,97.17,98.86,54197.0
2023-06-08 06:30:00+00:00,98.93,99.31,97.86,98.32,48869.0
2023-06-08 07:30:00+00:00,98.11,98.77,97.68,98.34,47328.0
2023-06-08 08:30:00+00:00,98.36,99.89,97.5,98.92,35334.0
2023-06-08 09:30:00+00:00,98.78,99.19,98.22,98.87,76741.0
2023-06-08 10:30:00+00:00,99.23,99.57,99.03,99.38,42141.0
2023-06-08 11:30:00+00:00,99.29,103.68,97.91,101.82,8707.0
2023-06-08 12:30:00+00:00,101.89,103.33,99.36,100.62,51171.0
2023-06-08 13:30:00+00:00,100.46,103.7,99.54,102.13,40463.0
2023-06-08 14:30:00+00:00,101.94,103.63,98.84,100.39,113867.0
2023-06-08 15:30:00+00:00,100.25,101.11,98.54,99.57,51105.0
2023-06-08 16:30:00+00:00,99.67,100.57,97.04,98.04,84437.0
2023-06-08 17:30:00+00:00,97.79,98.94,94.36,95.57,37727.0
2023-06-08 18:30:00+00:00,95.58,99.08,93.99,97.82,93610.0
2023-06-08 19:30:00+00:00,97.73,98.78,97.11,98.04,19393.0
2023-06-08 20:30:00+00:00,97.91,100.33,97.36,99.22,80164.0
2023-06-08 21:30:00+00:00,99.19,99.91,97.71,98.29,99006.0
2023-06-08 22:30:00+00:00,98.31,98.47,98.12,98.26,43798.0
2023-06-08 23:30:00+00:00,98.1,101.6,97.19,100.02,62025.0
2023-06-09 00:30:00+00:00,99.93,101.12,99.43,100.39,90019.0
2023-06-09 01:30:00+00:00,100.74,102.07,98.53,99.23,90221.0
2023-06-09 02:30:00+00:00,99.34,100.26,97.28,98.03,64205.0
2023-06-09 03:30:00+00:00,98.21,98.74,97.0,97.52,26759.0
2023-06-09 04:30:00+00:00,97.52,102.34,94.92,100.77,197226.0
2023-06-09 05:30:00+00:00,100.96,105.64,99.19,103.38,42531.0
2023-06-09 06:30:00+00:00,103.63,105.02,100.67,101.66,111662.0
2023-06-09 07:30:00+00:00,101.75,102.21,101.13,101.59,48091.0
2023-06-09 08:30:00+00:00,101.58,102.32,101.33,101.98,62696.0
2023-06-09 09:30:00+00:00,102.17,103.34,101.7,102.65,59899.0
2023-06-09 10:30:00+00:00,102.41,103.87,98.41,99.64,47700.0
2023-06-09 11:30:00+00:00,99.5,100.63,98.69,100.05,62612.0
2023-06-09 12:30:00+00:00,100.26,101.41,99.93,100.92,22629.0
2023-06-09 13:30:00+00:00,100.87,101.36,99.32,99.92,42191.0
2023-06-09 14:30:00+00:00,99.95,101.48,99.0,100.58,97789.0
2023-06-09 15:30:00+00:00,100.76,104.37,99.33,102.72,112200.0
2023-06-09 16:30:00+00:00,102.87,103.16,101.76,102.49,27498.0
2023-06-09 17:30:00+00:00,102.34,103.37,101.95,103.01,90375.0
2023-06-09 18:30:00+00:00,103.07,105.47,102.01,104.62,55660.0
2023-06-09 19:30:00+00:00,104.83,105.34,104.03,104.36,61657.0
2023-06-09 20:30:00+00:00,104.39,105.08,103.87,104.19,100966.0
2023-06-09 21:30:00+00:00,104.34,105.34,103.83,104.83,46688.0
2023-06-09 22:30:00+00:00,104.85,106.24,101.7,102.57,40454.0
2023-06-09 23:30:00+00:00,102.46,104.71,97.78,99.37,83420.0
2023-06-10 00:30:00+00:00,99.51,100.95,98.62,100.1,95498.0
2023-06-10 01:30:00+00:00,100.26,100.56,99.68,100.06,103148.0
2023-06-10 02:30:00+00:00,100.01,100.57,99.7,100.24,64450.0
2023-06-10 03:30:00+00:00,100.12,100.4,99.85,100.16,54089.0
2023-06-10 04:30:00+00:00,100.05,102.99,99.29,102.21,54050.0
2023-06-10 05:30:00+00:00,101.89,105.26,101.06,103.76,28924.0
2023-06-10 06:30:00+00:00,103.79,104.99,102.96,104.55,61309.0
2023-06-10 07:30:00+00:00,104.48,107.29,103.73,106.39,24977.0
2023-06-10 08:30:00+00:00,106.47,107.29,104.78,105.44,76978.0
2023-06-10 09:30:00+00:00,105.29,106.92,102.32,103.45,61679.0
2023-06-10 10:30:00+00:00,103.4,105.17,102.47,104.61,31681.0
2023-06-10 11:30:00+00:00,104.73,106.52,100.42,101.56,62338.0
2023-06-10 12:30:00+00:00,101.55,102.73,99.3,100.05,37973.0
2023-06-10 13:30:00+00:00,99.89,101.36,95.83,96.96,98512.0
2023-06-10 14:30:00+00:00,96.81,97.72,95.74,96.1,42944.0
2023-06-10 15:30:00+00:00,96.17,97.77,95.19,96.85,117907.0
2023-06-10 16:30:00+00:00,96.91,97.78,95.72,96.21,39322.0
2023-06-10 17:30:00+00:00,96.32,98.12,93.18,94.45,31366.0
2023-06-10 18:30:00+00:00,94.44,95.2,93.29,93.67,17328.0
2023-06-10 19:30:00+00:00,93.67,94.68,91.38,92.45,55644.0
2023-06-10 20:30:00+00:00,92.54,96.48,91.38,94.58,33084.0
2023-06-10 21:30:00+00:00,94.56,96.36,94.08,95.79,45267.0
2023-06-10 22:30:00+00:00,95.94,96.61,94.69,95.25,137078.0
2023-06-10 23:30:00+00:00,95.23,98.18,94.13,96.78,101305.0
2023-06-11 00:30:00+00:00,96.9,98.29,96.48,97.54,58178.0
2023-06-11 01:30:00+00:00,97.63,98.62,96.89,98.11,41573.0
2023-06-11 02:30:00+00:00,98.01,98.98,96.63,97.3,27452.0
2023-06-11 03:30:00+00:00,97.32,99.76,96.13,98.67,71801.0
2023-06-11 04:30:00+00:00,98.54,99.65,98.12,99.03,122633.0
2023-06-11 05:30:00+00:00,99.14,99.72,97.78,98.52,104741.0
2023-06-11 06:30:00+00:00,98.5,98.89,97.81,98.3,25383.0
2023-06-11 07:30:00+00:00,98.07,98.78,96.44,97.24,65443.0
2023-06-11 08:30:00+00:00,97.4,99.65,94.04,95.02,33779.0
2023-06-11 09:30:00+00:00,95.07,96.09,92.79,93.8,66622.0
2023-06-11 10:30:00+00:00,93.84,95.1,93.06,94.44,34510.0
2023-06-11 11:30:00+00:00,94.3,94.59,93.76,94.19,73849.0
2023-06-11 12:30:00+00:00,93.92,97.56,92.34,96.4,49310.0
2023-06-11 13:30:00+00:00,96.43,96.8,95.57,96.11,45345.0
2023-06-11 14:30:00+00:00,96.13,97.0,93.37,94.81,35636.0
2023-06-11 15:30:00+00:00,94.91,97.02,93.95,95.85,118768.0
2023-06-11 16:30:00+00:00,96.08,96.47,95.79,96.02,101993.0
2023-06-11 17:30:00+00:00,95.85,96.35,95.13,95.44,104504.0
2023-06-11 18:30:00+00:00,95.34,95.85,94.23,94.63,37266.0
2023-06-11 19:30:00+00:00,94.57,94.86,94.06,94.37,25935.0
2023-06-11 20:30:00+00:00,94.46,95.03,93.22,93.72,37452.0
2023-06-11 21:30:00+00:00,93.9,96.48,92.52,95.7,34108.0
2023-06-11 22:30:00+00:00,95.82,97.03,95.32,96.44,32553.0
2023-06-11 23:30:00+00:00,96.42,96.89,95.45,95.99,23599.0
2023-06-12 00:30:00+00:00,96.06,96.89,95.11,95.52,38070.0
2023-06-12 01:30:00+00:00,95.63,96.5,94.37,94.86,25523.0
2023-06-12 02:30:00+00:00,94.91,97.63,93.24,96.33,107905.0
2023-06-12 03:30:00+00:00,96.36,97.5,95.8,96.85,55269.0
2023-06-12 04:30:00+00:00,96.86,98.26,94.41,95.31,42265.0
2023-06-12 05:30:00+00:00,95.5,96.04,94.16,94.59,41803.0
2023-06-12 06:30:00+00:00,94.74,96.0,91.96,92.81,49041.0
2023-06-12 07:30:00+00:00,92.96,93.69,92.46,93.42,68206.0
2023-06-12 08:30:00+00:00,93.34,93.66,93.06,93.45,38987.0
2023-06-12 09:30:00+00:00,93.49,98.52,91.44,96.7,56868.0
2023-06-12 10:30:00+00:00,96.8,97.18,96.21,96.55,38250.0
2023-06-12 11:30:00+00:00,96.56,96.99,95.58,95.95,38098.0
2023-06-12 12:30:00+00:00,95.96,96.34,94.81,95.57,52942.0
2023-06-12 13:30:00+00:00,95.44,96.3,92.21,93.43,89913.0
2023-06-12 14:30:00+00:00,93.4,93.91,93.17,93.71,28254.0
2023-06-12 15:30:00+00:00,93.65,94.63,91.75,92.41,47180.0
2023-06-12 16:30:00+00:00,92.62,93.32,91.39,91.81,36165.0
2023-06-12 17:30:00+00:00,91.69,93.64,90.78,92.89,45566.0
2023-06-12 18:30:00+00:00,92.73,93.91,91.79,93.22,121013.0
2023-06-12 19:30:00+00:00,93.34,93.9,92.41,92.92,89801.0
2023-06-12 20:30:00+00:00,92.95,93.98,92.35,93.52,35335.0
2023-06-12 21:30:00+00:00,93.35,94.68,90.73,91.61,37168.0
2023-06-12 22:30:00+00:00,91.52,92.36,90.09,90.77,61983.0
2023-06-12 23:30:00+00:00,90.74,92.63,89.98,91.65,96043.0
2023-06-13 00:30:00+00:00,91.44,91.7,90.73,91.15,68030.0
2023-06-13 01:30:00+00:00,91.21,92.21,90.9,91.78,18377.0
2023-06-13 02:30:00+00:00,91.75,93.28,91.17,92.64,39556.0
2023-06-13 03:30:00+00:00,92.43,96.67,91.46,94.57,54146.0
2023-06-13 04:30:00+00:00,94.48,96.86,93.89,96.11,52781.0
2023-06-13 05:30:00+00:00,96.03,99.64,94.18,98.35,74857.0
2023-06-13 06:30:00+00:00,98.22,100.01,97.33,99.34,39301.0
2023-06-13 07:30:00+00:00,98.99,99.57,96.41,97.57,48048.0
2023-06-13 08:30:00+00:00,97.53,98.52,97.22,98.02,24335.0
2023-06-13 09:30:00+00:00,97.68,99.43,94.88,95.69,28556.0
2023-06-13 10:30:00+00:00,95.74,96.2,93.93,94.58,60660.0
2023-06-13 11:30:00+00:00,94.4,94.65,94.12,94.32,73952.0
2023-06-13 12:30:00+00:00,94.16,94.76,93.7,94.52,88741.0
2023-06-13 13:30:00+00:00,94.39,94.67,94.2,94.45,33684.0
2023-06-13 14:30:00+00:00,94.55,94.8,93.68,94.05,91964.0
2023-06-13 15:30:00+00:00,94.08,95.0,91.88,92.53,53623.0
2023-06-13 16:30:00+00:00,92.49,94.01,86.76,89.17,134026.0
2023-06-13 17:30:00+00:00,89.19,89.5,88.79,89.31,53222.0
2023-06-13 18:30:00+00:00,89.14,89.63,88.99,89.29,94251.0
2023-06-13 19:30:00+00:00,89.39,91.69,88.2,91.0,39283.0
2023-06-13 20:30:00+00:00,91.16,91.43,90.9,91.09,40322.0
2023-06-13 21:30:00+00:00,90.8,92.22,83.87,86.79,39146.0
2023-06-13 22:30:00+00:00,86.85,87.21,85.89,86.23,37207.0
2023-06-13 23:30:00+00:00,86.64,90.09,85.03,88.62,164646.0
2023-06-14 00:30:00+00:00,88.77,89.72,88.52,89.15,37101.0
2023-06-14 01:30:00+00:00,89.19,89.63,88.66,88.9,96830.0
2023-06-14 02:30:00+00:00,88.76,90.17,88.24,89.43,32321.0
2023-06-14 03:30:00+00:00,89.52,90.35,87.57,88.61,22276.0
2023-06-14 04:30:00+00:00,88.57,93.68,85.78,91.68,40811.0
2023-06-14 05:30:00+00:00,91.25,92.4,90.59,91.67,50270.0
2023-06-14 06:30:00+00:00,91.71,94.11,90.67,92.99,94031.0
2023-06-14 07:30:00+00:00,92.88,96.65,91.76,94.93,56269.0
2023-06-14 08:30:00+00:00,94.75,95.23,94.57,94.9,106619.0
2023-06-14 09:30:00+00:00,94.84,96.3,94.0,95.44,123486.0
2023-06-14 10:30:00+00:00,95.83,96.37,95.22,95.54,44457.0
2023-06-14 11:30:00+00:00,95.52,96.01,95.03,95.28,63580.0
2023-06-14 12:30:00+00:00,95.31,96.01,93.77,94.51,37131.0
2023-06-14 13:30:00+00:00,94.36,96.57,93.78,95.63,60681.0
2023-06-14 14:30:00+00:00,95.66,97.66,94.36,96.82,55809.0
2023-06-14 15:30:00+00:00,97.08,97.37,96.04,96.63,63622.0
2023-06-14 16:30:00+00:00,96.77,98.09,96.31,97.61,146596.0
2023-06-14 17:30:00+00:00,97.55,98.59,95.83,96.45,49307.0
2023-06-14 18:30:00+00:00,96.63,98.0,95.9,97.2,79943.0
2023-06-14 19:30:00+00:00,97.34,97.84,96.79,97.45,110053.0
2023-06-14 20:30:00+00:00,97.61,102.6,96.13,100.59,146653.0
2023-06-14 21:30:00+00:00,100.69,102.54,97.32,98.76,29811.0
2023-06-14 22:30:00+00:00,98.63,99.18,97.12,98.05,53974.0
2023-06-14 23:30:00+00:00,98.04,98.13,97.91,98.05,103468.0
2023-06-15 00:30:00+00:00,97.94,98.43,96.37,97.31,34855.0
2023-06-15 01:30:00+00:00,97.41,98.24,97.05,97.81,48940.0
2023-06-15 02:30:00+00:00,97.9,99.1,93.25,94.71,72738.0
2023-06-15 03:30:00+00:00,94.82,95.06,94.56,94.75,75285.0
2023-06-15 04:30:00+00:00,94.75,95.93,94.14,95.37,56881.0
2023-06-15 05:30:00+00:00,95.22,95.99,94.89,95.66,48549.0
2023-06-15 06:30:00+00:00,95.63,96.21,94.13,94.68,69599.0
2023-06-15 07:30:00+00:00,94.7,95.03,93.81,94.14,64252.0
2023-06-15 08:30:00+00:00,94.36,95.24,92.67,93.53,103558.0
2023-06-15 09:30:00+00:00,93.49,94.25,91.72,92.52,116502.0
2023-06-15 10:30:00+00:00,92.73,93.16,91.51,92.03,48374.0
2023-06-15 11:30:00+00:00,91.95,97.14,89.82,94.54,41926.0
2023-06-15 12:30:00+00:00,94.7,96.42,93.95,95.48,51921.0
2023-06-15 13:30:00+00:00,95.53,97.24,91.97,93.37,38561.0
2023-06-15 14:30:00+00:00,93.21,97.08,91.41,95.49,28578.0
2023-06-15 15:30:00+00:00,95.38,96.2,94.03,94.68,64163.0
2023-06-15 16:30:00+00:00,94.85,97.8,93.87,96.34,47710.0
2023-06-15 17:30:00+00:00,96.33,96.76,95.87,96.11,37641.0
2023-06-15 18:30:00+00:00,96.12,96.71,94.68,95.45,90959.0
2023-06-15 19:30:00+00:00,95.19,97.34,90.8,92.98,28006.0
2023-06-15 20:30:00+00:00,92.85,93.4,91.48,92.1,73167.0
2023-06-15 21:30:00+00:00,92.08,93.1,91.65,92.53,25560.0
2023-06-15 22:30:00+00:00,92.72,96.37,91.29,94.5,85640.0
2023-06-15 23:30:00+00:00,94.35,95.21,93.98,94.84,47739.0
2023-06-16 00:30:00+00:00,95.01,96.54,94.27,95.94,53014.0
2023-06-16 01:30:00+00:00,96.27,97.0,94.59,95.25,85924.0
2023-06-16 02:30:00+00:00,95.16,98.32,93.64,96.96,45654.0
2023-06-16 03:30:00+00:00,96.92,97.97,95.55,96.19,59211.0
2023-06-16 04:30:00+00:00,96.01,102.92,94.31,100.18,18070.0
2023-06-16 05:30:00+00:00,100.0,100.4,99.54,99.92,47711.0
2023-06-16 06:30:00+00:00,100.09,101.08,98.1,99.24,54208.0
2023-06-16 07:30:00+00:00,99.32,101.38,98.3,100.47,48119.0
2023-06-16 08:30:00+00:00,100.59,101.11,100.18,100.82,36712.0
2023-06-16 09:30:00+00:00,100.61,102.22,96.96,98.87,15506.0
2023-06-16 10:30:00+00:00,98.96,99.42,98.23,98.87,16411.0
2023-06-16 11:30:00+00:00,98.59,100.02,94.54,96.41,108902.0
2023-06-16 12:30:00+00:00,96.39,98.93,95.38,97.85,45094.0
2023-06-16 13:30:00+00:00,98.03,98.31,97.92,98.17,36798.0
2023-06-16 14:30:00+00:00,98.29,99.63,97.7,99.02,32890.0
2023-06-16 15:30:00+00:00,98.95,99.93,98.53,99.29,33807.0
2023-06-16 16:30:00+00:00,99.43,100.66,98.73,100.07,84092.0
2023-06-16 17:30:00+00:00,99.74,101.36,98.75,100.46,69807.0
2023-06-16 18:30:00+00:00,100.19,100.56,99.58,99.97,46210.0
2023-06-16 19:30:00+00:00,99.88,100.52,99.61,100.22,79051.0
2023-06-16 20:30:00+00:00,100.25,102.51,98.87,101.85,61138.0
2023-06-16 21:30:00+00:00,101.93,102.66,100.51,101.34,50320.0
2023-06-16 22:30:00+00:00,101.47,103.14,100.64,102.54,61095.0
2023-06-16 23:30:00+00:00,102.39,105.7,101.15,104.16,75378.0
2023-06-17 00:30:00+00:00,104.03,105.04,99.84,101.61,74650.0
2023-06-17 01:30:00+00:00,101.98,102.6,99.57,100.67,40650.0
2023-06-17 02:30:00+00:00,100.6,100.91,99.87,100.36,46610.0
2023-06-17 03:30:00+00:00,100.67,102.97,99.16,101.82,49992.0
2023-06-17 04:30:00+00:00,101.9,102.58,101.74,102.19,33193.0
2023-06-17 05:30:00+00:00,102.14,104.75,101.34,103.78,36502.0
2023-06-17 06:30:00+00:00,103.83,106.89,102.4,105.42,48638.0
2023-06-17 07:30:00+00:00,105.33,106.67,100.44,102.01,107187.0
2023-06-17 08:30:00+00:00,102.09,103.05,100.03,101.11,60281.0
2023-06-17 09:30:00+00:00,101.17,102.12,99.11,99.79,37069.0
2023-06-17 10:30:00+00:00,99.85,100.4,99.19,99.59,29240.0
2023-06-17 11:30:00+00:00,99.49,100.52,99.16,99.9,30636.0
2023-06-17 12:30:00+00:00,99.88,100.61,99.2,100.31,57890.0
2023-06-17 13:30:00+00:00,99.99,100.61,99.23,100.3,59233.0
2023-06-17 14:30:00+00:00,100.31,100.65,99.19,99.98,24732.0
2023-06-17 15:30:00+00:00,99.94,101.37,99.12,100.78,58813.0
2023-06-17 16:30:00+00:00,100.72,104.2,98.55,103.18,57647.0
2023-06-17 17:30:00+00:00,103.05,104.25,100.85,101.58,53434.0
2023-06-17 18:30:00+00:00,101.62,102.98,101.01,102.53,14402.0
2023-06-17 19:30:00+00:00,102.48,105.4,101.39,104.36,128957.0
2023-06-17 20:30:00+00:00,104.69,105.49,103.47,103.97,16082.0
2023-06-17 21:30:00+00:00,104.04,106.07,102.79,105.09,27692.0
2023-06-17 22:30:00+00:00,104.96,105.93,103.71,104.27,41320.0
2023-06-17 23:30:00+00:00,104.51,105.04,103.24,104.01,53061.0
2023-06-18 00:30:00+00:00,104.11,104.35,103.72,104.04,67359.0
2023-06-18 01:30:00+00:00,104.4,105.98,103.36,105.3,35045.0
2023-06-18 02:30:00+00:00,105.24,107.8,104.15,106.64,77893.0
2023-06-18 03:30:00+00:00,106.58,107.24,104.48,105.28,95914.0
2023-06-18 04:30:00+00:00,105.09,105.47,104.84,105.24,31623.0
2023-06-18 05:30:00+00:00,105.44,105.93,105.25,105.59,52825.0
2023-06-18 06:30:00+00:00,105.53,106.05,105.0,105.68,62307.0
2023-06-18 07:30:00+00:00,105.68,106.06,105.21,105.85,60280.0
2023-06-18 08:30:00+00:00,105.95,106.75,104.21,104.87,43503.0
2023-06-18 09:30:00+00:00,104.98,106.18,102.79,103.66,41109.0
2023-06-18 10:30:00+00:00,103.61,104.54,103.25,103.83,50858.0
2023-06-18 11:30:00+00:00,103.96,105.22,98.66,100.71,62464.0
2023-06-18 12:30:00+00:00,100.7,100.89,100.27,100.54,46944.0
2023-06-18 13:30:00+00:00,100.58,101.07,99.59,99.94,29140.0
2023-06-18 14:30:00+00:00,100.09,102.06,99.21,101.27,78530.0
2023-06-18 15:30:00+00:00,101.42,102.79,100.6,102.07,86854.0
2023-06-18 16:30:00+00:00,102.07,102.56,100.11,101.07,18420.0
2023-06-18 17:30:00+00:00,100.99,101.39,100.2,100.7,47065.0
2023-06-18 18:30:00+00:00,100.74,101.42,99.47,100.29,42172.0
2023-06-18 19:30:00+00:00,100.38,101.62,97.3,98.95,56616.0
2023-06-18 20:30:00+00:00,98.76,99.79,94.78,96.6,89820.0
2023-06-18 21:30:00+00:00,96.57,98.53,96.07,97.58,67502.0
2023-06-18 22:30:00+00:00,97.3,100.25,96.14,98.65,65385.0
2023-06-18 23:30:00+00:00,98.58,99.28,95.0,96.75,50931.0
2023-06-19 00:30:00+00:00,96.71,98.67,93.25,94.42,122360.0
2023-06-19 01:30:00+00:00,94.67,95.11,93.56,94.17,37662.0
2023-06-19 02:30:00+00:00,94.24,95.74,93.75,95.18,65086.0
2023-06-19 03:30:00+00:00,95.2,95.99,92.67,93.71,58708.0
2023-06-19 04:30:00+00:00,93.89,94.92,93.27,94.24,46331.0
2023-06-19 05:30:00+00:00,94.1,95.47,93.81,94.78,65181.0
2023-06-19 06:30:00+00:00,94.8,96.99,93.87,96.17,18693.0
2023-06-19 07:30:00+00:00,96.24,97.54,94.19,94.98,68075.0
2023-06-19 08:30:00+00:00,94.96,95.14,94.74,94.91,61172.0
2023-06-19 09:30:00+00:00,94.94,95.66,94.06,94.73,50007.0
2023-06-19 10:30:00+00:00,94.72,95.06,94.3,94.55,68598.0
2023-06-19 11:30:00+00:00,94.59,95.37,93.39,94.11,80424.0
2023-06-19 12:30:00+00:00,94.06,97.09,93.2,96.28,90413.0
2023-06-19 13:30:00+00:00,95.89,96.89,95.44,96.54,44818.0
2023-06-19 14:30:00+00:00,96.55,97.36,94.76,95.68,65941.0
2023-06-19 15:30:00+00:00,95.96,98.87,95.03,97.59,174660.0
2023-06-19 16:30:00+00:00,97.6,102.14,96.24,100.26,34192.0
2023-06-19 17:30:00+00:00,100.02,100.7,97.77,98.46,35477.0
2023-06-19 18:30:00+00:00,98.59,98.95,97.25,97.89,43275.0
2023-06-19 19:30:00+00:00,97.7,99.58,96.74,98.8,23763.0
2023-06-19 20:30:00+00:00,98.69,99.76,98.23,99.03,42310.0
2023-06-19 21:30:00+00:00,99.03,99.74,96.42,97.74,22338.0
2023-06-19 22:30:00+00:00,97.74,99.5,97.29,98.62,65988.0
2023-06-19 23:30:00+00:00,98.54,99.3,97.94,98.75,16238.0
2023-06-20 00:30:00+00:00,98.82,101.2,97.23,100.38,84102.0
2023-06-20 01:30:00+00:00,100.51,107.33,98.07,104.03,13655.0
2023-06-20 02:30:00+00:00,103.87,107.65,102.93,106.05,126687.0
2023-06-20 03:30:00+00:00,106.34,106.69,105.54,105.99,55756.0
2023-06-20 04:30:00+00:00,105.91,106.5,104.73,105.19,90274.0
2023-06-20 05:30:00+00:00,105.13,105.31,104.78,105.03,71529.0
2023-06-20 06:30:00+00:00,104.93,107.05,101.11,102.5,99328.0
2023-06-20 07:30:00+00:00,102.45,103.69,99.68,100.6,22374.0
2023-06-20 08:30:00+00:00,100.74,101.66,98.43,99.22,34644.0
2023-06-20 09:30:00+00:00,99.18,105.26,95.98,103.02,107393.0
2023-06-20 10:30:00+00:00,102.97,103.27,102.18,102.72,22961.0
2023-06-20 11:30:00+00:00,102.88,106.57,101.43,105.18,78237.0
2023-06-20 12:30:00+00:00,105.11,109.18,103.58,107.74,83033.0
2023-06-20 13:30:00+00:00,107.61,108.84,106.86,108.09,33586.0
2023-06-20 14:30:00+00:00,107.87,109.51,107.01,108.72,48526.0
2023-06-20 15:30:00+00:00,108.59,111.23,107.25,109.71,59105.0
2023-06-20 16:30:00+00:00,109.41,110.36,107.04,108.08,24057.0
2023-06-20 17:30:00+00:00,108.15,110.8,106.88,110.0,26244.0
2023-06-20 18:30:00+00:00,109.98,110.93,106.68,108.12,56348.0
2023-06-20 19:30:00+00:00,108.03,108.39,107.56,107.87,143267.0
2023-06-20 20:30:00+00:00,107.61,108.85,106.93,108.2,28698.0
2023-06-20 21:30:00+00:00,108.25,110.18,104.05,105.65,69637.0
2023-06-20 22:30:00+00:00,105.7,107.19,105.24,106.25,53135.0
2023-06-20 23:30:00+00:00,106.38,107.89,101.6,103.89,76311.0
2023-06-21 00:30:00+00:00,103.83,104.96,100.86,101.85,23222.0
2023-06-21 01:30:00+00:00,101.37,105.63,99.1,103.58,21687.0
2023-06-21 02:30:00+00:00,103.78,108.92,101.34,106.67,86939.0
2023-06-21 03:30:00+00:00,106.79,108.84,102.95,103.95,37310.0
2023-06-21 04:30:00+00:00,104.02,105.22,101.71,102.66,49530.0
2023-06-21 05:30:00+00:00,102.75,104.17,99.03,100.1,40523.0
2023-06-21 06:30:00+00:00,99.97,100.69,99.42,100.36,53106.0
2023-06-21 07:30:00+00:00,100.35,102.31,99.61,101.58,45674.0
2023-06-21 08:30:00+00:00,101.57,102.38,100.95,101.8,52707.0
2023-06-21 09:30:00+00:00,101.97,107.1,100.44,105.72,57467.0
2023-06-21 10:30:00+00:00,105.7,106.88,102.69,104.17,99540.0
2023-06-21 11:30:00+00:00,104.08,105.85,101.01,102.16,81344.0
2023-06-21 12:30:00+00:00,101.99,102.78,101.37,102.32,38767.0
2023-06-21 13:30:00+00:00,102.23,105.36,101.2,103.9,27616.0
2023-06-21 14:30:00+00:00,103.78,104.86,100.5,101.59,136298.0
2023-06-21 15:30:00+00:00,101.41,102.23,98.34,99.61,51131.0
2023-06-21 16:30:00+00:00,99.7,100.26,99.43,99.96,69274.0
2023-06-21 17:30:00+00:00,100.03,101.23,99.6,100.62,69394.0
2023-06-21 18:30:00+00:00,100.6,101.26,99.5,100.13,95913.0
2023-06-21 19:30:00+00:00,99.92,100.61,99.32,100.26,45259.0
2023-06-21 20:30:00+00:00,100.36,102.39,99.69,101.27,38537.0
2023-06-21 21:30:00+00:00,101.32,104.15,96.01,97.72,71973.0
2023-06-21 22:30:00+00:00,97.92,102.73,96.31,100.62,31895.0
2023-06-21 23:30:00+00:00,100.75,103.24,99.48,102.2,66641.0
2023-06-22 00:30:00+00:00,102.11,102.94,101.7,102.52,14338.0
2023-06-22 01:30:00+00:00,102.52,104.03,101.82,103.45,34465.0
2023-06-22 02:30:00+00:00,103.23,103.94,101.5,102.47,35411.0
2023-06-22 03:30:00+00:00,102.56,103.04,101.48,102.05,48429.0
2023-06-22 04:30:00+00:00,102.05,102.58,100.43,101.01,27286.0
2023-06-22 05:30:00+00:00,101.12,101.79,100.18,100.73,50716.0
2023-06-22 06:30:00+00:00,100.62,101.19,99.74,100.22,45973.0
2023-06-22 07:30:00+00:00,100.21,100.49,100.07,100.3,49906.0
2023-06-22 08:30:00+00:00,100.24,103.47,98.1,102.24,44258.0
2023-06-22 09:30:00+00:00,102.12,104.42,100.92,103.46,25210.0
2023-06-22 10:30:00+00:00,103.47,105.46,102.18,104.86,42101.0
2023-06-22 11:30:00+00:00,104.85,104.95,104.67,104.81,41453.0
2023-06-22 12:30:00+00:00,104.61,105.64,100.91,102.52,117452.0
2023-06-22 13:30:00+00:00,102.25,106.56,99.88,105.37,22891.0
2023-06-22 14:30:00+00:00,105.32,105.56,104.99,105.2,24119.0
2023-06-22 15:30:00+00:00,105.33,107.76,104.72,106.63,116436.0
2023-06-22 16:30:00+00:00,106.33,108.18,105.37,107.14,70602.0
2023-06-22 17:30:00+00:00,107.16,107.46,106.61,107.14,43078.0
2023-06-22 18:30:00+00:00,106.91,107.95,106.24,107.45,15887.0
2023-06-22 19:30:00+00:00,107.52,108.89,106.81,108.34,115771.0
2023-06-22 20:30:00+00:00,108.32,108.75,107.83,108.22,46962.0
2023-06-22 21:30:00+00:00,108.12,109.69,104.22,106.16,60361.0
2023-06-22 22:30:00+00:00,106.1,106.78,103.8,105.0,27128.0
2023-06-22 23:30:00+00:00,105.24,107.3,104.48,106.53,61944.0
2023-06-23 00:30:00+00:00,106.56,108.11,105.63,107.14,13738.0
2023-06-23 01:30:00+00:00,107.26,107.59,106.9,107.36,36667.0
2023-06-23 02:30:00+00:00,107.24,112.07,106.31,110.03,67375.0
2023-06-23 03:30:00+00:00,110.16,113.32,108.97,111.83,23762.0
2023-06-23 04:30:00+00:00,111.92,113.22,109.36,110.4,16485.0
2023-06-23 05:30:00+00:00,110.4,110.89,110.03,110.55,29836.0
2023-06-23 06:30:00+00:00,110.2,111.01,108.69,109.43,93734.0
2023-06-23 07:30:00+00:00,109.09,110.17,106.71,107.77,89404.0
2023-06-23 08:30:00+00:00,107.6,108.74,107.18,108.35,95226.0
2023-06-23 09:30:00+00:00,108.4,109.64,104.56,105.75,38315.0
2023-06-23 10:30:00+00:00,105.66,108.54,104.54,107.66,28255.0
2023-06-23 11:30:00+00:00,107.94,111.88,107.03,110.39,121637.0
2023-06-23 12:30:00+00:00,110.52,111.81,108.4,109.58,91550.0
2023-06-23 13:30:00+00:00,109.31,110.2,108.16,108.72,79626.0
2023-06-23 14:30:00+00:00,108.92,109.25,108.51,108.85,40172.0
2023-06-23 15:30:00+00:00,108.89,110.59,105.66,107.29,34167.0
2023-06-23 16:30:00+00:00,107.32,110.49,106.05,108.89,50687.0
2023-06-23 17:30:00+00:00,109.0,109.5,107.37,108.01,57004.0
2023-06-23 18:30:00+00:00,108.13,109.29,107.32,108.92,64485.0
2023-06-23 19:30:00+00:00,108.89,110.33,108.5,109.47,61178.0
2023-06-23 20:30:00+00:00,109.44,111.66,108.27,110.35,48015.0
2023-06-23 21:30:00+00:00,110.24,111.5,108.57,109.16,30725.0
2023-06-23 22:30:00+00:00,108.98,110.27,105.0,106.34,41882.0
2023-06-23 23:30:00+00:00,106.1,108.93,105.05,107.4,45552.0
2023-06-24 00:30:00+00:00,107.25,108.15,106.89,107.73,101275.0
2023-06-24 01:30:00+00:00,107.55,108.41,106.94,107.9,65756.0
2023-06-24 02:30:00+00:00,107.81,110.45,106.71,109.59,92855.0
2023-06-24 03:30:00+00:00,109.63,110.95,106.21,107.59,75000.0
2023-06-24 04:30:00+00:00,107.25,107.76,105.89,106.33,68788.0
2023-06-24 05:30:00+00:00,106.33,108.17,102.42,104.22,27346.0
2023-06-24 06:30:00+00:00,104.16,109.14,102.95,106.91,35603.0
2023-06-24 07:30:00+00:00,106.65,107.38,106.36,106.97,20606.0
2023-06-24 08:30:00+00:00,107.0,108.89,106.44,108.03,52743.0
2023-06-24 09:30:00+00:00,108.22,109.25,105.09,106.22,43695.0
2023-06-24 10:30:00+00:00,105.95,107.6,102.84,104.14,30729.0
2023-06-24 11:30:00+00:00,103.78,104.88,103.45,104.23,60999.0
2023-06-24 12:30:00+00:00,104.42,105.88,103.9,105.12,81799.0
2023-06-24 13:30:00+00:00,105.08,105.66,104.45,105.34,39784.0
2023-06-24 14:30:00+00:00,105.05,105.38,104.82,105.17,28792.0
2023-06-24 15:30:00+00:00,105.31,108.23,104.43,107.45,60400.0
2023-06-24 16:30:00+00:00,107.29,107.84,105.01,106.0,29636.0
2023-06-24 17:30:00+00:00,106.25,111.49,104.33,109.09,93947.0
2023-06-24 18:30:00+00:00,109.45,110.84,105.74,106.81,53762.0
2023-06-24 19:30:00+00:00,106.91,108.87,103.38,104.9,70949.0
2023-06-24 20:30:00+00:00,104.97,105.39,104.12,104.57,47702.0
2023-06-24 21:30:00+00:00,104.48,104.66,103.9,104.15,31259.0
2023-06-24 22:30:00+00:00,104.27,105.72,103.46,105.25,40074.0
2023-06-24 23:30:00+00:00,105.27,106.42,103.01,103.9,49032.0
2023-06-25 00:30:00+00:00,103.87,105.05,100.43,102.09,74703.0
2023-06-25 01:30:00+00:00,102.41,103.01,101.22,101.94,66055.0
2023-06-25 02:30:00+00:00,101.84,103.72,101.03,102.86,39358.0
2023-06-25 03:30:00+00:00,103.03,106.31,101.49,104.98,39690.0
2023-06-25 04:30:00+00:00,104.92,106.01,102.68,103.46,21100.0
2023-06-25 05:30:00+00:00,103.34,103.72,102.87,103.37,76086.0
2023-06-25 06:30:00+00:00,103.3,106.38,102.67,105.0,43648.0
2023-06-25 07:30:00+00:00,104.97,108.88,102.9,107.15,69118.0
2023-06-25 08:30:00+00:00,107.17,107.98,106.73,107.41,57814.0
2023-06-25 09:30:00+00:00,107.73,109.05,105.56,106.68,34996.0
2023-06-25 10:30:00+00:00,106.84,107.97,102.94,104.66,30966.0
2023-06-25 11:30:00+00:00,104.97,107.69,103.42,106.84,38826.0
2023-06-25 12:30:00+00:00,106.74,108.87,102.06,104.06,46554.0
2023-06-25 13:30:00+00:00,104.22,106.18,103.14,105.01,70905.0
2023-06-25 14:30:00+00:00,105.14,105.29,104.86,105.08,15020.0
2023-06-25 15:30:00+00:00,105.23,105.67,103.78,104.48,83709.0
2023-06-25 16:30:00+00:00,104.53,106.33,103.41,105.36,48695.0
2023-06-25 17:30:00+00:00,105.21,106.34,102.94,103.64,162835.0
2023-06-25 18:30:00+00:00,103.55,104.85,103.06,104.09,14077.0
2023-06-25 19:30:00+00:00,104.06,104.98,103.51,104.57,92280.0
2023-06-25 20:30:00+00:00,104.47,109.04,101.76,107.67,149929.0
2023-06-25 21:30:00+00:00,107.76,108.88,107.32,108.39,69555.0
2023-06-25 22:30:00+00:00,108.56,108.92,108.27,108.65,39093.0
2023-06-25 23:30:00+00:00,108.62,109.4,107.83,108.41,54157.0
2023-06-26 00:30:00+00:00,108.7,110.53,107.56,109.82,67495.0
2023-06-26 01:30:00+00:00,109.84,110.14,109.43,109.84,96003.0
2023-06-26 02:30:00+00:00,109.76,110.95,109.27,110.3,57751.0
2023-06-26 03:30:00+00:00,110.1,113.35,108.84,112.03,78899.0
2023-06-26 04:30:00+00:00,111.81,112.34,110.52,110.9,144991.0
2023-06-26 05:30:00+00:00,110.91,111.81,108.84,109.58,63937.0
2023-06-26 06:30:00+00:00,109.92,111.34,105.38,107.44,35680.0
2023-06-26 07:30:00+00:00,107.15,111.52,105.4,109.61,36327.0
2023-06-26 08:30:00+00:00,109.66,113.53,108.1,111.6,33562.0
2023-06-26 09:30:00+00:00,111.4,112.99,110.93,112.23,64149.0
2023-06-26 10:30:00+00:00,112.63,116.47,111.69,114.67,54395.0
2023-06-26 11:30:00+00:00,114.7,118.51,113.16,116.98,49383.0
2023-06-26 12:30:00+00:00,117.22,118.19,115.7,116.34,25928.0
2023-06-26 13:30:00+00:00,116.45,116.99,116.14,116.54,15741.0
2023-06-26 14:30:00+00:00,116.54,121.86,115.43,119.33,47167.0
2023-06-26 15:30:00+00:00,119.06,121.26,118.11,120.22,118957.0
2023-06-26 16:30:00+00:00,120.03,122.99,118.75,121.79,45906.0
2023-06-26 17:30:00+00:00,121.69,123.24,119.01,119.95,42257.0
2023-06-26 18:30:00+00:00,120.05,121.75,118.73,121.14,44599.0
2023-06-26 19:30:00+00:00,121.36,124.84,115.56,117.7,95376.0
2023-06-26 20:30:00+00:00,117.59,120.57,116.55,119.54,50750.0
2023-06-26 21:30:00+00:00,119.64,122.8,112.84,116.17,14124.0
2023-06-26 22:30:00+00:00,116.2,117.01,114.53,115.46,51488.0
2023-06-26 23:30:00+00:00,115.57,117.55,114.52,116.65,60468.0
2023-06-27 00:30:00+00:00,116.57,117.03,115.66,116.18,97232.0
2023-06-27 01:30:00+00:00,116.66,117.32,116.2,116.5,56440.0
2023-06-27 02:30:00+00:00,116.32,117.19,113.65,115.0,75582.0
2023-06-27 03:30:00+00:00,114.92,119.42,112.93,118.0,23635.0
2023-06-27 04:30:00+00:00,118.11,121.79,116.51,119.85,96733.0
2023-06-27 05:30:00+00:00,119.65,120.25,118.59,119.32,24358.0
2023-06-27 06:30:00+00:00,119.32,124.1,116.43,122.38,54583.0
2023-06-27 07:30:00+00:00,122.32,123.16,120.99,121.41,65519.0
2023-06-27 08:30:00+00:00,121.3,122.39,120.71,121.62,47534.0
2023-06-27 09:30:00+00:00,121.39,122.13,120.34,120.75,100851.0
2023-06-27 10:30:00+00:00,120.48,123.4,118.77,122.26,56007.0
2023-06-27 11:30:00+00:00,122.34,125.94,121.28,124.65,42693.0
2023-06-27 12:30:00+00:00,125.19,126.57,122.27,123.12,62453.0
2023-06-27 13:30:00+00:00,123.14,125.44,118.68,120.2,84161.0
2023-06-27 14:30:00+00:00,120.19,122.25,119.39,121.05,47741.0
2023-06-27 15:30:00+00:00,121.1,122.32,120.46,121.54,46417.0
2023-06-27 16:30:00+00:00,121.42,123.7,120.46,122.46,59216.0
2023-06-27 17:30:00+00:00,122.49,122.83,121.45,121.94,26328.0
2023-06-27 18:30:00+00:00,122.07,126.21,120.8,124.25,16439.0
2023-06-27 19:30:00+00:00,124.24,124.48,123.9,124.18,16433.0
2023-06-27 20:30:00+00:00,123.99,124.31,123.37,123.73,21136.0
2023-06-27 21:30:00+00:00,123.76,125.76,120.0,121.32,117044.0
2023-06-27 22:30:00+00:00,121.58,122.12,120.23,121.02,38645.0
2023-06-27 23:30:00+00:00,121.15,121.91,118.72,120.04,36090.0
2023-06-28 00:30:00+00:00,119.65,119.82,119.36,119.61,24870.0
2023-06-28 01:30:00+00:00,119.46,119.85,118.95,119.28,74490.0
2023-06-28 02:30:00+00:00,119.25,123.37,116.94,122.07,70322.0
2023-06-28 03:30:00+00:00,121.94,126.05,120.93,124.39,106634.0
2023-06-28 04:30:00+00:00,124.12,124.82,123.58,124.34,130560.0
2023-06-28 05:30:00+00:00,124.64,130.46,123.08,127.87,78932.0
2023-06-28 06:30:00+00:00,127.94,128.45,126.82,127.3,44754.0
2023-06-28 07:30:00+00:00,127.7,128.11,126.79,127.43,26467.0
2023-06-28 08:30:00+00:00,127.35,129.4,123.46,125.27,40185.0
2023-06-28 09:30:00+00:00,125.28,125.99,122.69,124.02,46532.0
2023-06-28 10:30:00+00:00,124.11,133.11,118.86,130.24,25287.0
2023-06-28 11:30:00+00:00,130.34,132.09,126.05,127.49,41100.0
2023-06-28 12:30:00+00:00,127.52,128.69,124.72,126.04,34252.0
2023-06-28 13:30:00+00:00,126.06,126.88,125.68,126.17,98794.0
2023-06-28 14:30:00+00:00,126.05,129.17,120.35,122.27,33114.0
2023-06-28 15:30:00+00:00,122.36,125.11,121.51,123.84,109645.0
2023-06-28 16:30:00+00:00,123.74,127.35,122.7,125.44,36407.0
2023-06-28 17:30:00+00:00,125.52,127.0,124.44,126.25,21628.0
2023-06-28 18:30:00+00:00,126.21,128.05,121.97,123.63,48453.0
2023-06-28 19:30:00+00:00,123.63,124.25,120.91,121.9,91632.0
2023-06-28 20:30:00+00:00,122.36,123.95,119.17,120.87,99063.0
2023-06-28 21:30:00+00:00,120.79,123.23,119.6,122.01,14428.0
2023-06-28 22:30:00+00:00,122.32,128.66,120.81,126.2,53943.0
2023-06-28 23:30:00+00:00,125.88,126.48,124.25,124.79,22798.0
2023-06-29 00:30:00+00:00,124.61,125.09,123.38,123.93,45126.0
2023-06-29 01:30:00+00:00,123.97,125.72,120.73,122.44,66359.0
2023-06-29 02:30:00+00:00,122.29,123.85,121.38,123.22,94296.0
2023-06-29 03:30:00+00:00,123.21,125.1,118.96,120.9,67201.0
2023-06-29 04:30:00+00:00,120.93,121.79,120.6,121.52,125115.0
2023-06-29 05:30:00+00:00,121.56,125.87,119.58,124.29,60276.0
2023-06-29 06:30:00+00:00,124.32,125.52,121.56,123.04,49567.0
2023-06-29 07:30:00+00:00,123.0,123.79,122.51,123.38,50523.0
2023-06-29 08:30:00+00:00,123.24,123.48,122.83,123.2,60274.0
2023-06-29 09:30:00+00:00,122.99,124.39,119.34,120.94,46120.0
2023-06-29 10:30:00+00:00,121.04,122.39,118.85,119.55,43776.0
2023-06-29 11:30:00+00:00,119.71,120.62,117.86,118.63,30292.0
2023-06-29 12:30:00+00:00,118.81,121.13,113.2,115.7,27958.0
2023-06-29 13:30:00+00:00,115.69,117.28,111.44,113.5,35506.0
2023-06-29 14:30:00+00:00,113.3,116.4,112.29,115.05,63706.0
2023-06-29 15:30:00+00:00,115.14,115.88,114.01,114.63,27995.0
2023-06-29 16:30:00+00:00,114.73,115.57,111.83,113.18,55583.0
2023-06-29 17:30:00+00:00,113.16,114.5,112.29,114.09,103940.0
2023-06-29 18:30:00+00:00,114.14,115.5,113.62,114.71,27782.0
2023-06-29 19:30:00+00:00,114.61,115.82,111.28,112.81,36176.0
2023-06-29 20:30:00+00:00,112.64,112.79,112.25,112.44,44833.0
2023-06-29 21:30:00+00:00,112.59,114.12,105.17,107.97,49001.0
2023-06-29 22:30:00+00:00,108.04,108.52,107.12,107.63,108407.0
2023-06-29 23:30:00+00:00,107.68,111.3,106.56,109.86,30589.0
2023-06-30 00:30:00+00:00,109.7,110.57,109.27,110.08,93072.0
2023-06-30 01:30:00+00:00,110.34,111.15,109.06,109.52,27087.0
2023-06-30 02:30:00+00:00,109.44,111.31,108.95,110.69,37845.0
2023-06-30 03:30:00+00:00,110.53,112.57,106.29,107.73,55121.0
2023-06-30 04:30:00+00:00,107.71,112.1,105.67,110.46,41428.0
2023-06-30 05:30:00+00:00,110.65,112.46,110.08,111.78,35003.0
2023-06-30 06:30:00+00:00,111.57,115.55,109.61,113.64,45053.0
2023-06-30 07:30:00+00:00,113.81,116.3,109.15,110.52,136526.0
2023-06-30 08:30:00+00:00,110.75,112.88,106.99,108.29,23013.0
2023-06-30 09:30:00+00:00,108.26,108.81,106.64,107.4,22295.0
2023-06-30 10:30:00+00:00,107.51,109.87,102.38,104.63,43749.0
2023-06-30 11:30:00+00:00,104.58,107.34,103.63,105.83,54114.0
2023-06-30 12:30:00+00:00,105.85,106.2,104.61,105.11,49363.0
2023-06-30 13:30:00+00:00,105.03,107.73,100.25,102.14,28415.0
2023-06-30 14:30:00+00:00,102.16,103.31,101.83,102.66,96026.0
2023-06-30 15:30:00+00:00,102.64,102.84,102.28,102.66,49418.0
2023-06-30 16:30:00+00:00,102.72,103.09,101.82,102.27,50823.0
2023-06-30 17:30:00+00:00,102.16,103.03,99.95,100.62,34231.0
2023-06-30 18:30:00+00:00,100.86,101.1,100.35,100.58,81191.0
2023-06-30 19:30:00+00:00,100.75,101.26,99.91,100.34,47624.0
2023-06-30 20:30:00+00:00,100.58,102.3,96.96,98.69,85014.0
2023-06-30 21:30:00+00:00,98.59,101.03,97.37,99.94,42871.0
2023-06-30 22:30:00+00:00,100.28,100.94,98.82,99.43,33409.0
2023-06-30 23:30:00+00:00,99.27,99.81,98.93,99.39,46126.0
2023-07-01 00:30:00+00:00,99.18,99.38,98.95,99.13,62468.0
2023-07-01 01:30:00+00:00,99.14,100.03,98.05,98.47,87694.0
2023-07-01 02:30:00+00:00,98.44,99.22,96.19,97.12,38598.0
2023-07-01 03:30:00+00:00,97.13,97.62,96.15,96.75,83396.0
2023-07-01 04:30:00+00:00,96.91,98.52,93.13,94.59,29907.0
2023-07-01 05:30:00+00:00,94.59,95.91,94.07,95.16,42075.0
2023-07-01 06:30:00+00:00,95.01,95.94,93.64,94.54,39165.0
2023-07-01 07:30:00+00:00,94.44,94.99,93.99,94.44,44182.0
2023-07-01 08:30:00+00:00,94.51,95.53,94.12,95.02,48618.0
2023-07-01 09:30:00+00:00,94.97,95.52,94.72,95.11,33573.0
2023-07-01 10:30:00+00:00,94.87,94.96,94.68,94.85,53753.0
2023-07-01 11:30:00+00:00,94.86,95.97,90.67,92.71,51155.0
2023-07-01 12:30:00+00:00,92.81,95.67,91.21,94.72,33440.0
2023-07-01 13:30:00+00:00,94.74,95.62,91.72,93.19,41800.0
2023-07-01 14:30:00+00:00,93.26,95.51,87.92,90.49,26755.0
2023-07-01 15:30:00+00:00,90.53,90.88,90.29,90.68,20294.0
2023-07-01 16:30:00+00:00,90.69,91.11,89.24,89.74,27045.0
2023-07-01 17:30:00+00:00,89.77,91.3,86.97,87.81,61067.0
2023-07-01 18:30:00+00:00,87.86,89.02,86.0,86.71,37859.0
2023-07-01 19:30:00+00:00,86.65,88.51,82.82,84.11,38328.0
2023-07-01 20:30:00+00:00,84.06,84.84,82.45,83.01,29042.0
2023-07-01 21:30:00+00:00,82.97,83.3,82.65,82.88,25298.0
2023-07-01 22:30:00+00:00,82.83,87.46,80.96,85.25,80344.0
2023-07-01 23:30:00+00:00,85.23,87.38,84.07,86.4,55444.0
2023-07-02 00:30:00+00:00,86.11,89.0,84.21,88.1,30619.0
2023-07-02 01:30:00+00:00,88.09,88.31,87.71,87.94,62886.0
2023-07-02 02:30:00+00:00,88.1,88.45,87.74,88.07,46536.0
2023-07-02 03:30:00+00:00,87.92,89.07,87.11,88.63,49021.0
2023-07-02 04:30:00+00:00,88.53,89.59,86.49,87.36,29198.0
2023-07-02 05:30:00+00:00,87.45,88.0,86.18,86.79,40218.0
2023-07-02 06:30:00+00:00,86.67,88.6,86.07,88.02,18690.0
2023-07-02 07:30:00+00:00,87.98,88.26,87.85,88.02,78348.0
2023-07-02 08:30:00+00:00,87.75,88.66,84.08,85.55,30919.0
2023-07-02 09:30:00+00:00,85.63,86.25,85.09,85.81,20479.0
2023-07-02 10:30:00+00:00,85.95,86.9,83.21,84.04,45386.0
2023-07-02 11:30:00+00:00,84.03,86.7,83.3,85.87,49413.0
2023-07-02 12:30:00+00:00,85.71,91.16,83.51,88.56,74595.0
2023-07-02 13:30:00+00:00,88.51,88.92,87.96,88.43,51171.0
2023-07-02 14:30:00+00:00,88.38,89.77,87.64,88.93,58691.0
2023-07-02 15:30:00+00:00,89.09,90.54,86.16,87.51,53698.0
2023-07-02 16:30:00+00:00,87.41,87.93,86.41,86.75,76974.0
2023-07-02 17:30:00+00:00,86.64,87.28,85.96,86.34,51801.0
2023-07-02 18:30:00+00:00,86.38,86.92,85.6,85.97,54924.0
2023-07-02 19:30:00+00:00,85.97,86.62,84.14,85.13,50438.0
2023-07-02 20:30:00+00:00,84.61,85.0,84.23,84.76,60896.0
2023-07-02 21:30:00+00:00,84.67,85.11,83.08,83.67,41600.0
2023-07-02 22:30:00+00:00,83.6,84.62,83.23,84.18,19534.0
2023-07-02 23:30:00+00:00,84.3,84.6,83.8,83.98,79981.0
2023-07-03 00:30:00+00:00,84.03,86.82,82.78,85.72,50964.0
2023-07-03 01:30:00+00:00,85.59,86.27,84.03,84.7,59894.0
2023-07-03 02:30:00+00:00,84.54,86.15,83.87,85.47,91118.0
2023-07-03 03:30:00+00:00,85.52,85.94,85.24,85.6,25377.0
2023-07-03 04:30:00+00:00,85.63,86.15,85.02,85.25,58428.0
2023-07-03 05:30:00+00:00,85.1,89.23,83.02,87.54,62524.0
2023-07-03 06:30:00+00:00,87.41,91.27,86.53,89.47,134707.0
2023-07-03 07:30:00+00:00,89.4,89.95,88.56,88.85,115303.0
2023-07-03 08:30:00+00:00,88.76,92.94,87.08,91.12,39516.0
2023-07-03 09:30:00+00:00,91.03,92.62,87.53,88.98,84632.0
2023-07-03 10:30:00+00:00,89.11,90.26,87.11,88.09,12617.0
2023-07-03 11:30:00+00:00,88.43,89.52,85.1,86.35,49845.0
2023-07-03 12:30:00+00:00,86.29,86.82,85.18,85.8,74295.0
2023-07-03 13:30:00+00:00,85.82,86.94,85.29,86.26,26904.0
2023-07-03 14:30:00+00:00,86.29,86.72,85.53,85.84,31397.0
2023-07-03 15:30:00+00:00,85.77,86.21,85.35,85.74,33041.0
2023-07-03 16:30:00+00:00,85.58,90.77,83.0,88.37,31049.0
2023-07-03 17:30:00+00:00,88.15,88.32,87.92,88.16,146088.0
2023-07-03 18:30:00+00:00,88.2,89.11,86.23,87.21,50895.0
2023-07-03 19:30:00+00:00,87.09,89.41,86.06,88.36,148362.0
2023-07-03 20:30:00+00:00,88.71,89.21,87.47,87.94,45608.0
2023-07-03 21:30:00+00:00,87.8,88.31,87.32,87.76,35062.0
2023-07-03 22:30:00+00:00,87.84,88.67,85.07,86.0,33533.0
2023-07-03 23:30:00+00:00,85.89,86.51,84.25,85.05,98179.0
2023-07-04 00:30:00+00:00,85.1,85.64,84.91,85.35,30722.0
2023-07-04 01:30:00+00:00,85.23,86.77,81.59,83.38,73706.0
2023-07-04 02:30:00+00:00,83.32,84.06,82.91,83.66,33653.0
2023-07-04 03:30:00+00:00,83.48,83.78,82.97,83.21,44798.0
2023-07-04 04:30:00+00:00,83.25,84.11,80.88,81.66,40972.0
2023-07-04 05:30:00+00:00,81.99,82.65,80.12,81.02,26959.0
2023-07-04 06:30:00+00:00,81.05,82.28,78.38,79.6,59799.0
2023-07-04 07:30:00+00:00,79.68,82.07,79.16,80.89,52496.0
2023-07-04 08:30:00+00:00,80.91,81.64,78.05,79.35,30473.0
2023-07-04 09:30:00+00:00,79.26,81.07,78.65,80.22,57750.0
2023-07-04 10:30:00+00:00,80.31,80.73,80.09,80.57,53039.0
2023-07-04 11:30:00+00:00,80.7,81.77,80.05,81.38,35431.0
2023-07-04 12:30:00+00:00,81.57,82.48,80.88,82.04,164522.0
2023-07-04 13:30:00+00:00,82.05,82.14,81.98,82.07,86799.0
2023-07-04 14:30:00+00:00,81.92,83.86,80.95,83.19,46671.0
2023-07-04 15:30:00+00:00,83.22,83.36,83.06,83.21,46294.0
2023-07-04 16:30:00+00:00,83.3,83.84,82.39,82.66,30996.0
2023-07-04 17:30:00+00:00,82.72,83.41,82.18,82.84,37512.0
2023-07-04 18:30:00+00:00,82.7,84.3,81.89,83.46,96008.0
2023-07-04 19:30:00+00:00,83.64,85.21,79.69,81.06,61640.0
2023-07-04 20:30:00+00:00,80.92,82.38,80.33,81.69,64570.0
2023-07-04 21:30:00+00:00,81.56,82.79,81.1,82.24,38603.0
2023-07-04 22:30:00+00:00,82.09,82.41,81.87,82.15,43575.0
2023-07-04 23:30:00+00:00,82.07,82.82,80.56,81.04,51696.0
2023-07-05 00:30:00+00:00,81.0,83.66,80.28,82.65,33219.0
2023-07-05 01:30:00+00:00,82.72,82.87,82.57,82.75,58689.0
2023-07-05 02:30:00+00:00,82.9,84.81,82.45,83.89,57613.0
2023-07-05 03:30:00+00:00,84.08,87.48,82.27,86.11,48028.0
2023-07-05 04:30:00+00:00,86.23,87.41,81.13,83.3,44421.0
2023-07-05 05:30:00+00:00,83.39,85.69,79.09,80.92,15282.0
2023-07-05 06:30:00+00:00,81.05,83.64,79.73,82.45,54385.0
2023-07-05 07:30:00+00:00,82.46,83.51,79.51,80.51,29871.0
2023-07-05 08:30:00+00:00,80.34,82.04,76.88,78.2,15467.0
2023-07-05 09:30:00+00:00,78.21,80.26,77.19,79.55,27026.0
2023-07-05 10:30:00+00:00,79.66,81.2,79.24,80.43,91846.0
2023-07-05 11:30:00+00:00,80.72,81.12,80.36,80.91,58215.0
2023-07-05 12:30:00+00:00,80.83,81.32,80.55,81.02,40936.0
2023-07-05 13:30:00+00:00,80.93,81.19,80.18,80.6,37453.0
2023-07-05 14:30:00+00:00,80.64,82.34,79.91,81.47,57724.0
2023-07-05 15:30:00+00:00,81.64,81.98,80.28,81.02,61941.0
2023-07-05 16:30:00+00:00,80.99,81.15,80.65,80.78,115464.0
2023-07-05 17:30:00+00:00,80.53,82.88,79.97,82.03,38700.0
2023-07-05 18:30:00+00:00,81.86,83.56,80.81,82.91,54933.0
2023-07-05 19:30:00+00:00,82.82,84.56,79.62,80.49,40304.0
2023-07-05 20:30:00+00:00,80.31,81.56,76.53,78.32,37227.0
2023-07-05 21:30:00+00:00,78.52,79.11,76.17,77.11,71028.0
2023-07-05 22:30:00+00:00,77.31,77.77,77.1,77.51,56854.0
2023-07-05 23:30:00+00:00,77.47,78.46,76.93,77.84,62522.0
2023-07-06 00:30:00+00:00,77.73,80.5,76.62,79.35,109120.0
2023-07-06 01:30:00+00:00,79.31,80.07,79.06,79.69,31736.0
2023-07-06 02:30:00+00:00,79.8,81.45,78.67,80.97,46260.0
2023-07-06 03:30:00+00:00,81.27,83.35,80.27,82.58,12483.0
2023-07-06 04:30:00+00:00,82.54,83.95,81.86,83.4,58553.0
2023-07-06 05:30:00+00:00,83.47,84.1,82.62,83.06,58181.0
2023-07-06 06:30:00+00:00,82.93,84.68,82.3,84.1,85900.0
2023-07-06 07:30:00+00:00,84.04,84.62,81.53,82.59,29739.0
2023-07-06 08:30:00+00:00,82.74,83.12,82.01,82.37,28153.0
2023-07-06 09:30:00+00:00,82.09,84.84,80.87,83.63,44948.0
2023-07-06 10:30:00+00:00,83.71,84.69,81.89,82.68,32625.0
2023-07-06 11:30:00+00:00,82.53,83.5,80.47,81.44,63103.0
2023-07-06 12:30:00+00:00,81.65,84.03,80.77,83.41,35516.0
2023-07-06 13:30:00+00:00,83.23,85.55,82.31,84.65,42934.0
2023-07-06 14:30:00+00:00,84.79,85.72,84.5,85.21,93083.0
2023-07-06 15:30:00+00:00,85.06,89.92,83.55,88.09,71601.0
2023-07-06 16:30:00+00:00,88.16,89.09,87.89,88.61,48201.0
2023-07-06 17:30:00+00:00,88.74,89.33,87.45,88.1,21057.0
2023-07-06 18:30:00+00:00,88.06,88.91,87.54,88.53,16339.0
2023-07-06 19:30:00+00:00,88.71,90.58,87.98,89.6,47556.0
2023-07-06 20:30:00+00:00,89.62,89.9,88.86,89.27,65603.0
2023-07-06 21:30:00+00:00,89.14,89.31,88.77,89.02,53725.0
2023-07-06 22:30:00+00:00,89.09,92.23,88.01,91.11,55566.0
2023-07-06 23:30:00+00:00,91.31,92.67,90.63,92.25,29426.0
2023-07-07 00:30:00+00:00,92.35,94.02,91.81,93.43,58272.0
2023-07-07 01:30:00+00:00,93.23,94.05,92.84,93.79,79089.0
2023-07-07 02:30:00+00:00,93.71,94.04,93.26,93.53,118747.0
2023-07-07 03:30:00+00:00,93.74,98.09,91.99,96.29,103811.0
2023-07-07 04:30:00+00:00,96.43,97.22,94.32,95.29,51237.0
2023-07-07 05:30:00+00:00,95.29,99.34,94.4,97.62,41410.0
2023-07-07 06:30:00+00:00,97.54,100.89,95.57,99.83,52061.0
2023-07-07 07:30:00+00:00,99.71,100.97,95.43,97.56,18298.0
2023-07-07 08:30:00+00:00,97.58,101.78,95.66,100.38,163234.0
2023-07-07 09:30:00+00:00,100.38,101.41,99.98,100.7,33582.0
2023-07-07 10:30:00+00:00,100.8,101.26,100.53,100.89,70760.0
2023-07-07 11:30:00+00:00,101.02,101.79,98.6,99.41,60361.0
2023-07-07 12:30:00+00:00,99.3,99.53,98.52,98.96,65739.0
2023-07-07 13:30:00+00:00,98.98,100.83,98.47,100.16,58915.0
2023-07-07 14:30:00+00:00,100.25,101.05,97.64,98.65,58557.0
2023-07-07 15:30:00+00:00,98.76,99.69,97.28,97.71,63495.0
2023-07-07 16:30:00+00:00,97.51,99.12,96.9,98.44,26861.0
2023-07-07 17:30:00+00:00,98.34,98.75,97.53,97.96,35608.0
2023-07-07 18:30:00+00:00,98.17,99.2,96.41,97.32,46610.0
2023-07-07 19:30:00+00:00,97.53,98.08,97.19,97.77,49300.0
2023-07-07 20:30:00+00:00,97.78,98.52,97.36,98.07,33424.0
2023-07-07 21:30:00+00:00,97.92,101.78,96.85,99.93,63261.0
2023-07-07 22:30:00+00:00,99.6,100.0,99.15,99.81,51997.0
2023-07-07 23:30:00+00:00,100.09,100.7,99.7,100.31,38132.0
2023-07-08 00:30:00+00:00,100.58,102.64,96.55,98.55,49871.0
2023-07-08 01:30:00+00:00,98.79,100.58,97.95,99.74,59407.0
2023-07-08 02:30:00+00:00,99.85,100.24,99.12,99.54,15335.0
2023-07-08 03:30:00+00:00,99.1,99.64,97.85,98.39,65243.0
2023-07-08 04:30:00+00:00,98.59,101.87,93.07,94.92,97492.0
2023-07-08 05:30:00+00:00,95.04,96.24,94.16,95.69,43291.0
2023-07-08 06:30:00+00:00,95.59,96.13,95.24,95.7,40390.0
2023-07-08 07:30:00+00:00,95.66,97.42,94.61,96.59,41540.0
2023-07-08 08:30:00+00:00,96.9,97.57,95.3,95.91,38399.0
2023-07-08 09:30:00+00:00,95.76,96.77,95.17,96.1,44432.0
2023-07-08 10:30:00+00:00,96.05,98.03,95.13,97.31,44924.0
2023-07-08 11:30:00+00:00,97.42,98.23,95.8,96.67,44046.0
2023-07-08 12:30:00+00:00,96.64,100.71,95.54,99.43,42349.0
2023-07-08 13:30:00+00:00,99.62,100.2,97.49,98.44,108885.0
2023-07-08 14:30:00+00:00,98.62,103.26,97.06,101.04,59191.0
2023-07-08 15:30:00+00:00,101.21,101.48,101.03,101.22,47036.0
2023-07-08 16:30:00+00:00,101.15,101.86,100.71,101.49,60391.0
2023-07-08 17:30:00+00:00,101.37,102.49,99.34,100.52,83582.0
2023-07-08 18:30:00+00:00,100.45,101.91,94.68,97.05,129504.0
2023-07-08 19:30:00+00:00,96.95,98.06,93.95,95.3,24624.0
2023-07-08 20:30:00+00:00,95.29,95.62,94.89,95.16,34059.0
2023-07-08 21:30:00+00:00,94.97,95.45,94.16,94.55,88101.0
2023-07-08 22:30:00+00:00,94.58,97.12,93.73,96.31,38282.0
2023-07-08 23:30:00+00:00,96.29,96.8,95.48,95.96,33782.0
2023-07-09 00:30:00+00:00,95.83,99.55,94.39,98.19,17314.0
2023-07-09 01:30:00+00:00,98.14,101.62,96.87,99.97,74685.0
2023-07-09 02:30:00+00:00,99.96,100.55,99.36,100.12,31778.0
2023-07-09 03:30:00+00:00,100.02,100.81,99.77,100.38,41897.0
2023-07-09 04:30:00+00:00,100.67,101.49,98.03,98.78,52844.0
2023-07-09 05:30:00+00:00,98.62,100.25,97.92,99.42,45855.0
2023-07-09 06:30:00+00:00,99.16,100.11,98.52,99.62,82561.0
2023-07-09 07:30:00+00:00,99.65,99.92,99.45,99.65,97160.0
2023-07-09 08:30:00+00:00,99.63,101.49,98.99,100.82,46457.0
2023-07-09 09:30:00+00:00,100.79,102.56,97.4,99.14,61706.0
2023-07-09 10:30:00+00:00,99.06,101.73,97.33,100.77,40604.0
2023-07-09 11:30:00+00:00,100.66,104.84,99.26,103.19,64391.0
2023-07-09 12:30:00+00:00,103.04,104.21,99.77,101.23,32487.0
2023-07-09 13:30:00+00:00,101.21,102.03,100.73,101.72,33727.0
2023-07-09 14:30:00+00:00,101.83,102.11,101.44,101.74,44499.0
2023-07-09 15:30:00+00:00,101.94,102.71,100.85,101.37,58832.0
2023-07-09 16:30:00+00:00,101.22,107.54,99.13,104.48,32948.0
2023-07-09 17:30:00+00:00,104.23,104.68,103.12,103.55,28076.0
2023-07-09 18:30:00+00:00,103.37,104.98,100.18,101.33,17022.0
2023-07-09 19:30:00+00:00,101.37,104.62,100.36,103.04,55168.0
2023-07-09 20:30:00+00:00,103.11,104.89,102.12,104.3,30142.0
2023-07-09 21:30:00+00:00,104.15,104.9,102.35,103.25,74308.0
2023-07-09 22:30:00+00:00,103.69,104.73,101.02,102.14,57387.0
2023-07-09 23:30:00+00:00,102.16,102.84,101.28,101.64,25315.0
2023-07-10 00:30:00+00:00,101.68,102.72,98.67,100.07,62319.0
2023-07-10 01:30:00+00:00,99.92,102.81,98.82,101.57,35868.0
2023-07-10 02:30:00+00:00,101.43,102.07,99.8,100.33,91745.0
2023-07-10 03:30:00+00:00,100.36,101.43,99.67,100.72,23206.0
2023-07-10 04:30:00+00:00,100.92,101.98,97.26,98.85,75210.0
2023-07-10 05:30:00+00:00,99.06,100.06,97.43,98.01,96203.0
2023-07-10 06:30:00+00:00,97.73,98.51,96.31,97.06,55895.0
2023-07-10 07:30:00+00:00,97.03,98.79,96.43,98.15,101160.0
2023-07-10 08:30:00+00:00,98.22,102.97,96.26,100.99,65453.0
2023-07-10 09:30:00+00:00,101.04,102.77,100.44,101.92,55573.0
2023-07-10 10:30:00+00:00,101.86,102.16,101.18,101.42,39231.0
2023-07-10 11:30:00+00:00,101.28,102.0,99.45,100.5,65179.0
2023-07-10 12:30:00+00:00,100.85,101.57,98.24,99.51,60148.0
2023-07-10 13:30:00+00:00,99.71,101.33,96.16,97.71,72540.0
2023-07-10 14:30:00+00:00,97.72,98.41,96.46,97.16,19193.0
2023-07-10 15:30:00+00:00,96.97,97.44,96.49,96.87,69748.0
2023-07-10 16:30:00+00:00,96.84,101.2,94.91,99.25,44251.0
2023-07-10 17:30:00+00:00,99.31,100.9,98.52,100.21,49620.0
2023-07-10 18:30:00+00:00,100.15,104.27,98.34,102.71,128879.0
2023-07-10 19:30:00+00:00,102.71,104.1,96.77,99.37,34503.0
2023-07-10 20:30:00+00:00,99.25,100.34,97.54,98.28,43348.0
2023-07-10 21:30:00+00:00,98.32,99.21,97.9,98.82,18609.0
2023-07-10 22:30:00+00:00,99.05,99.74,98.56,99.38,97919.0
2023-07-10 23:30:00+00:00,99.69,105.03,98.11,102.71,60579.0
2023-07-11 00:30:00+00:00,102.87,103.9,102.21,103.43,23656.0
2023-07-11 01:30:00+00:00,103.58,104.23,103.33,103.85,41546.0
2023-07-11 02:30:00+00:00,103.67,104.81,100.49,102.19,115692.0
2023-07-11 03:30:00+00:00,102.1,102.93,101.86,102.36,25910.0
2023-07-11 04:30:00+00:00,102.35,102.85,100.64,101.62,67383.0
2023-07-11 05:30:00+00:00,101.73,102.08,101.08,101.42,34697.0
2023-07-11 06:30:00+00:00,101.48,102.95,100.2,102.36,94959.0
2023-07-11 07:30:00+00:00,102.26,102.57,101.46,102.04,64884.0
2023-07-11 08:30:00+00:00,102.09,104.55,96.3,98.36,52048.0
2023-07-11 09:30:00+00:00,98.29,100.52,97.58,99.49,55282.0
2023-07-11 10:30:00+00:00,99.24,100.04,97.71,98.27,41945.0
2023-07-11 11:30:00+00:00,98.16,99.81,97.58,99.23,61169.0
2023-07-11 12:30:00+00:00,99.29,99.84,98.61,99.46,46696.0
2023-07-11 13:30:00+00:00,99.32,101.11,98.74,100.19,32660.0
2023-07-11 14:30:00+00:00,100.41,100.98,98.68,99.61,19438.0
2023-07-11 15:30:00+00:00,99.55,100.0,98.44,98.94,88194.0
2023-07-11 16:30:00+00:00,98.72,99.19,97.83,98.15,66362.0
2023-07-11 17:30:00+00:00,98.25,99.38,97.2,98.85,55929.0
2023-07-11 18:30:00+00:00,99.14,101.66,98.5,100.53,54815.0
2023-07-11 19:30:00+00:00,100.56,102.33,97.78,98.96,102316.0
2023-07-11 20:30:00+00:00,98.81,101.05,94.34,96.5,60464.0
2023-07-11 21:30:00+00:00,96.53,96.97,95.98,96.69,63599.0
2023-07-11 22:30:00+00:00,96.61,97.57,96.0,97.08,99520.0
2023-07-11 23:30:00+00:00,97.22,97.87,96.25,97.0,101841.0
2023-07-12 00:30:00+00:00,97.01,98.52,96.4,98.0,21492.0
2023-07-12 01:30:00+00:00,97.9,98.49,97.54,97.89,75893.0
2023-07-12 02:30:00+00:00,97.75,98.91,97.24,98.33,44355.0
2023-07-12 03:30:00+00:00,98.16,99.43,97.4,98.87,30110.0
2023-07-12 04:30:00+00:00,99.11,100.32,97.08,98.17,54343.0
2023-07-12 05:30:00+00:00,98.21,99.08,97.23,97.76,46307.0
2023-07-12 06:30:00+00:00,97.85,98.0,97.68,97.92,68556.0
2023-07-12 07:30:00+00:00,98.11,98.75,95.99,96.74,73545.0
2023-07-12 08:30:00+00:00,96.6,100.09,95.41,99.05,32930.0
2023-07-12 09:30:00+00:00,99.12,99.48,98.82,99.13,42473.0
2023-07-12 10:30:00+00:00,99.14,99.53,98.11,98.57,45938.0
2023-07-12 11:30:00+00:00,98.6,99.21,96.85,97.57,43796.0
2023-07-12 12:30:00+00:00,97.65,101.33,96.58,99.57,23588.0
2023-07-12 13:30:00+00:00,99.53,101.84,98.61,100.98,26908.0
2023-07-12 14:30:00+00:00,100.88,101.27,99.47,99.9,67612.0
2023-07-12 15:30:00+00:00,100.08,101.8,96.8,98.1,33358.0
2023-07-12 16:30:00+00:00,98.1,100.13,97.22,99.21,20264.0
2023-07-12 17:30:00+00:00,99.15,102.72,97.37,101.7,37993.0
2023-07-12 18:30:00+00:00,101.75,102.24,100.17,101.09,32794.0
2023-07-12 19:30:00+00:00,100.97,102.86,100.13,102.08,112602.0
2023-07-12 20:30:00+00:00,102.06,103.77,101.47,102.79,84871.0
2023-07-12 21:30:00+00:00,102.96,103.41,102.62,103.06,31050.0
2023-07-12 22:30:00+00:00,102.89,106.29,101.89,105.4,29379.0
2023-07-12 23:30:00+00:00,105.33,107.75,104.26,106.73,33597.0
2023-07-13 00:30:00+00:00,106.62,107.63,103.62,105.17,39941.0
2023-07-13 01:30:00+00:00,104.96,106.19,104.44,105.46,53760.0
2023-07-13 02:30:00+00:00,105.3,106.3,101.72,103.41,39747.0
2023-07-13 03:30:00+00:00,103.53,104.49,100.83,101.85,50743.0
2023-07-13 04:30:00+00:00,102.1,103.38,99.41,100.73,70299.0
2023-07-13 05:30:00+00:00,100.61,100.92,99.5,100.14,66239.0
2023-07-13 06:30:00+00:00,100.41,101.44,98.54,99.34,56105.0
2023-07-13 07:30:00+00:00,99.17,99.97,98.83,99.59,37385.0
2023-07-13 08:30:00+00:00,99.44,100.65,98.7,100.12,26646.0
2023-07-13 09:30:00+00:00,100.0,100.93,99.26,100.44,51998.0
2023-07-13 10:30:00+00:00,100.37,100.91,98.96,99.61,105432.0
2023-07-13 11:30:00+00:00,99.56,100.22,99.34,99.83,50985.0
2023-07-13 12:30:00+00:00,99.87,101.29,99.31,100.61,57876.0
2023-07-13 13:30:00+00:00,100.52,105.8,98.67,103.16,61522.0
2023-07-13 14:30:00+00:00,103.04,104.12,102.5,103.54,49715.0
2023-07-13 15:30:00+00:00,103.38,106.17,102.2,104.7,37650.0
2023-07-13 16:30:00+00:00,104.54,105.16,104.31,104.75,42276.0
2023-07-13 17:30:00+00:00,104.72,106.62,96.77,100.37,53298.0
2023-07-13 18:30:00+00:00,100.31,102.45,96.28,97.48,111488.0
2023-07-13 19:30:00+00:00,97.6,99.04,96.96,98.58,85757.0
2023-07-13 20:30:00+00:00,98.5,100.11,97.82,99.64,48315.0
2023-07-13 21:30:00+00:00,99.89,100.54,98.04,98.63,100929.0
2023-07-13 22:30:00+00:00,98.39,100.02,95.41,96.57,125747.0
2023-07-13 23:30:00+00:00,96.72,98.47,96.13,97.68,30528.0
2023-07-14 00:30:00+00:00,97.58,99.39,96.5,98.75,64731.0
2023-07-14 01:30:00+00:00,98.88,102.02,92.89,95.15,51963.0
2023-07-14 02:30:00+00:00,95.16,96.02,92.37,93.47,47210.0
2023-07-14 03:30:00+00:00,93.48,93.78,93.19,93.51,158011.0
2023-07-14 04:30:00+00:00,93.65,96.16,92.51,94.9,44576.0
2023-07-14 05:30:00+00:00,94.64,95.24,93.84,94.46,26943.0
2023-07-14 06:30:00+00:00,94.73,95.22,93.84,94.5,29699.0
2023-07-14 07:30:00+00:00,94.35,98.51,92.24,96.45,69076.0
2023-07-14 08:30:00+00:00,96.35,97.64,95.58,96.89,30113.0
2023-07-14 09:30:00+00:00,97.19,99.23,96.56,98.19,51389.0
2023-07-14 10:30:00+00:00,98.19,99.11,97.53,98.49,43247.0
2023-07-14 11:30:00+00:00,98.58,102.18,97.14,100.49,56639.0
2023-07-14 12:30:00+00:00,100.75,100.99,100.06,100.47,56324.0
2023-07-14 13:30:00+00:00,100.51,101.28,99.97,100.8,57803.0
2023-07-14 14:30:00+00:00,100.77,102.4,100.29,101.67,19825.0
2023-07-14 15:30:00+00:00,101.35,103.12,100.4,102.33,42355.0
2023-07-14 16:30:00+00:00,102.1,104.19,101.39,103.35,34916.0
2023-07-14 17:30:00+00:00,103.07,105.66,102.01,104.51,46438.0
2023-07-14 18:30:00+00:00,104.48,105.12,103.98,104.82,30008.0
2023-07-14 19:30:00+00:00,104.78,105.02,104.23,104.57,103292.0
2023-07-14 20:30:00+00:00,104.47,108.62,103.53,106.66,74445.0
2023-07-14 21:30:00+00:00,106.79,107.31,106.32,106.95,31859.0
2023-07-14 22:30:00+00:00,106.94,107.73,106.05,107.39,47981.0
2023-07-14 23:30:00+00:00,107.57,108.94,104.0,105.44,49216.0
2023-07-15 00:30:00+00:00,105.58,106.01,103.75,104.81,147792.0
2023-07-15 01:30:00+00:00,104.77,106.6,101.08,103.06,66434.0
2023-07-15 02:30:00+00:00,102.85,104.29,102.27,103.78,53984.0
2023-07-15 03:30:00+00:00,103.8,104.38,102.93,103.28,118284.0
2023-07-15 04:30:00+00:00,103.25,104.11,101.32,101.98,31205.0
2023-07-15 05:30:00+00:00,101.92,105.16,100.45,103.72,120720.0
2023-07-15 06:30:00+00:00,103.66,104.36,102.87,104.02,124355.0
2023-07-15 07:30:00+00:00,103.78,104.12,103.43,103.69,121872.0
2023-07-15 08:30:00+00:00,103.79,109.67,101.65,107.38,80033.0
2023-07-15 09:30:00+00:00,107.71,108.44,107.39,108.06,25238.0
2023-07-15 10:30:00+00:00,108.19,109.73,102.98,104.73,59485.0
2023-07-15 11:30:00+00:00,104.59,108.21,102.92,106.95,37847.0
2023-07-15 12:30:00+00:00,106.78,108.64,105.81,107.66,50643.0
2023-07-15 13:30:00+00:00,107.66,113.5,105.37,111.8,18742.0
2023-07-15 14:30:00+00:00,111.76,117.55,109.85,114.9,50042.0
2023-07-15 15:30:00+00:00,114.79,115.49,112.57,113.73,53921.0
2023-07-15 16:30:00+00:00,113.6,116.09,112.8,114.9,44069.0
2023-07-15 17:30:00+00:00,114.99,116.31,110.5,112.53,64138.0
2023-07-15 18:30:00+00:00,112.08,113.58,111.1,112.74,28735.0
2023-07-15 19:30:00+00:00,112.93,114.2,109.15,110.8,42385.0
2023-07-15 20:30:00+00:00,110.9,111.23,110.67,111.01,65388.0
2023-07-15 21:30:00+00:00,111.27,111.8,111.0,111.46,35884.0
2023-07-15 22:30:00+00:00,111.45,114.96,110.71,113.32,37480.0
2023-07-15 23:30:00+00:00,113.37,113.68,112.08,112.69,36067.0
2023-07-16 00:30:00+00:00,112.64,118.05,110.97,115.57,39910.0
2023-07-16 01:30:00+00:00,115.53,117.69,111.13,112.69,82263.0
2023-07-16 02:30:00+00:00,113.14,114.41,109.61,111.09,30197.0
2023-07-16 03:30:00+00:00,111.21,111.59,110.87,111.19,25349.0
2023-07-16 04:30:00+00:00,111.1,111.49,110.78,111.18,36872.0
2023-07-16 05:30:00+00:00,110.95,111.99,108.04,108.84,43304.0
2023-07-16 06:30:00+00:00,108.68,113.05,106.98,111.35,82858.0
2023-07-16 07:30:00+00:00,111.46,112.42,111.05,111.68,44612.0
2023-07-16 08:30:00+00:00,111.5,112.08,109.41,110.48,56068.0
2023-07-16 09:30:00+00:00,110.67,111.26,109.18,109.91,60315.0
2023-07-16 10:30:00+00:00,109.89,111.28,109.4,110.34,95251.0
2023-07-16 11:30:00+00:00,110.43,110.7,110.23,110.47,106333.0
2023-07-16 12:30:00+00:00,110.72,111.54,107.02,108.97,68033.0
2023-07-16 13:30:00+00:00,108.98,110.12,108.24,109.36,72359.0
2023-07-16 14:30:00+00:00,109.73,112.39,108.56,111.16,28922.0
2023-07-16 15:30:00+00:00,111.27,112.21,108.35,109.73,40479.0
2023-07-16 16:30:00+00:00,109.81,110.23,109.53,109.97,73035.0
2023-07-16 17:30:00+00:00,109.87,110.3,109.34,109.56,37852.0
2023-07-16 18:30:00+00:00,109.63,110.17,109.02,109.61,23247.0
2023-07-16 19:30:00+00:00,109.54,112.27,108.17,111.17,67399.0
2023-07-16 20:30:00+00:00,111.25,112.25,107.87,109.09,36267.0
2023-07-16 21:30:00+00:00,108.96,110.49,106.73,107.43,36259.0
2023-07-16 22:30:00+00:00,107.36,107.71,106.47,107.14,84310.0
2023-07-16 23:30:00+00:00,106.93,110.9,105.38,109.14,112886.0
2023-07-17 00:30:00+00:00,109.06,112.54,106.8,111.53,72747.0
2023-07-17 01:30:00+00:00,111.43,112.3,110.97,111.69,35464.0
2023-07-17 02:30:00+00:00,111.32,112.46,110.42,111.9,103858.0
2023-07-17 03:30:00+00:00,112.01,113.09,110.42,111.28,58487.0
2023-07-17 04:30:00+00:00,111.49,113.25,108.13,109.71,29721.0
2023-07-17 05:30:00+00:00,109.93,111.56,109.43,111.01,35129.0
2023-07-17 06:30:00+00:00,111.15,113.18,110.37,112.15,55510.0
2023-07-17 07:30:00+00:00,112.2,113.36,111.65,112.55,43813.0
2023-07-17 08:30:00+00:00,112.38,112.73,112.09,112.46,52402.0
2023-07-17 09:30:00+00:00,112.37,114.25,111.77,113.28,21304.0
2023-07-17 10:30:00+00:00,113.24,114.25,110.98,112.2,74498.0
2023-07-17 11:30:00+00:00,112.45,112.68,112.32,112.52,55650.0
2023-07-17 12:30:00+00:00,112.55,114.14,109.13,110.8,63403.0
2023-07-17 13:30:00+00:00,111.04,112.25,110.6,111.36,59724.0
2023-07-17 14:30:00+00:00,111.45,115.21,110.56,113.22,58848.0
2023-07-17 15:30:00+00:00,113.22,114.04,109.27,111.11,69821.0
2023-07-17 16:30:00+00:00,111.22,111.83,108.98,109.81,27628.0
2023-07-17 17:30:00+00:00,109.66,114.05,108.08,111.82,59070.0
2023-07-17 18:30:00+00:00,111.73,112.3,110.36,111.14,118538.0
2023-07-17 19:30:00+00:00,111.21,114.88,109.38,113.52,39009.0
2023-07-17 20:30:00+00:00,113.35,114.75,109.88,111.56,39934.0
2023-07-17 21:30:00+00:00,111.51,112.25,111.1,111.68,40580.0
2023-07-17 22:30:00+00:00,111.47,111.96,110.96,111.3,41722.0
2023-07-17 23:30:00+00:00,111.23,114.87,109.12,113.76,25956.0
2023-07-18 00:30:00+00:00,113.46,115.31,112.89,114.32,20186.0
2023-07-18 01:30:00+00:00,114.38,116.66,107.53,109.27,23876.0
2023-07-18 02:30:00+00:00,109.47,110.47,108.87,109.88,29620.0
2023-07-18 03:30:00+00:00,109.73,110.33,108.39,109.06,34855.0
2023-07-18 04:30:00+00:00,109.09,111.15,103.76,106.32,29102.0
2023-07-18 05:30:00+00:00,106.29,107.17,105.79,106.6,105444.0
2023-07-18 06:30:00+00:00,106.47,108.72,102.18,103.63,48309.0
2023-07-18 07:30:00+00:00,103.9,106.45,102.2,105.7,36810.0
2023-07-18 08:30:00+00:00,105.95,108.21,101.59,103.2,167692.0
2023-07-18 09:30:00+00:00,103.3,103.85,102.42,102.88,55856.0
2023-07-18 10:30:00+00:00,102.66,106.12,100.49,104.89,40189.0
2023-07-18 11:30:00+00:00,104.7,105.83,104.34,105.48,49969.0
2023-07-18 12:30:00+00:00,105.7,108.51,104.97,107.52,26038.0
2023-07-18 13:30:00+00:00,107.47,107.85,107.13,107.4,73149.0
2023-07-18 14:30:00+00:00,107.43,109.19,106.95,108.25,35804.0
2023-07-18 15:30:00+00:00,108.28,112.35,106.56,111.18,56194.0
2023-07-18 16:30:00+00:00,111.34,112.74,106.66,108.91,61403.0
2023-07-18 17:30:00+00:00,109.05,110.64,104.26,106.3,19856.0
2023-07-18 18:30:00+00:00,106.24,106.92,105.12,105.59,147816.0
2023-07-18 19:30:00+00:00,105.79,108.03,101.12,103.2,73638.0
2023-07-18 20:30:00+00:00,103.26,104.5,100.35,101.23,40095.0
2023-07-18 21:30:00+00:00,101.15,102.73,100.38,102.07,59657.0
2023-07-18 22:30:00+00:00,102.05,102.53,101.36,101.7,65050.0
2023-07-18 23:30:00+00:00,101.65,102.58,101.33,102.23,24929.0
2023-07-19 00:30:00+00:00,102.19,104.84,100.36,103.75,43707.0
2023-07-19 01:30:00+00:00,103.7,105.97,102.64,105.08,50123.0
2023-07-19 02:30:00+00:00,105.13,106.15,104.57,105.38,82210.0
2023-07-19 03:30:00+00:00,105.22,108.02,103.26,107.06,75925.0
2023-07-19 04:30:00+00:00,106.8,108.21,106.05,107.57,49524.0
2023-07-19 05:30:00+00:00,107.55,112.35,105.41,110.68,32693.0
2023-07-19 06:30:00+00:00,110.9,111.91,108.33,109.49,21867.0
2023-07-19 07:30:00+00:00,109.42,110.98,105.43,107.22,61395.0
2023-07-19 08:30:00+00:00,107.33,108.49,105.47,106.25,48729.0
2023-07-19 09:30:00+00:00,106.44,108.01,102.78,104.64,43456.0
2023-07-19 10:30:00+00:00,104.7,105.68,103.1,103.62,55679.0
2023-07-19 11:30:00+00:00,103.58,104.57,99.55,101.07,64867.0
2023-07-19 12:30:00+00:00,101.16,104.45,100.34,102.84,91183.0
2023-07-19 13:30:00+00:00,102.85,106.46,101.7,104.75,67563.0
2023-07-19 14:30:00+00:00,104.63,105.34,103.01,103.54,80757.0
2023-07-19 15:30:00+00:00,103.43,103.96,103.18,103.47,47415.0
2023-07-19 16:30:00+00:00,103.43,104.71,102.86,103.89,41022.0
2023-07-19 17:30:00+00:00,104.03,104.64,103.26,103.84,49613.0
2023-07-19 18:30:00+00:00,103.84,113.95,100.9,109.16,65517.0
2023-07-19 19:30:00+00:00,109.23,111.75,107.9,110.93,72324.0
2023-07-19 20:30:00+00:00,110.95,112.01,110.34,111.59,48096.0
2023-07-19 21:30:00+00:00,111.63,111.82,111.52,111.65,137585.0
2023-07-19 22:30:00+00:00,111.62,113.63,108.02,109.48,35145.0
2023-07-19 23:30:00+00:00,109.89,110.59,107.75,108.82,73880.0
2023-07-20 00:30:00+00:00,108.97,109.7,107.11,108.09,81413.0
2023-07-20 01:30:00+00:00,108.05,110.2,107.11,109.17,100130.0
2023-07-20 02:30:00+00:00,109.18,110.64,108.5,110.08,78187.0
2023-07-20 03:30:00+00:00,110.24,112.12,108.91,111.27,31154.0
2023-07-20 04:30:00+00:00,111.34,111.61,110.89,111.18,62678.0
2023-07-20 05:30:00+00:00,111.0,111.41,110.84,111.09,62190.0
2023-07-20 06:30:00+00:00,110.88,112.86,105.72,107.46,62641.0
2023-07-20 07:30:00+00:00,107.39,110.57,105.6,109.47,38185.0
2023-07-20 08:30:00+00:00,109.44,115.22,107.89,112.53,66940.0
2023-07-20 09:30:00+00:00,112.46,114.27,106.38,109.23,28749.0
2023-07-20 10:30:00+00:00,109.24,110.13,107.36,108.5,39928.0
2023-07-20 11:30:00+00:00,108.55,110.09,104.91,106.79,22354.0
2023-07-20 12:30:00+00:00,106.9,107.92,106.23,107.56,57423.0
2023-07-20 13:30:00+00:00,107.54,108.99,106.68,108.39,50216.0
2023-07-20 14:30:00+00:00,108.32,108.59,107.54,107.97,28168.0
2023-07-20 15:30:00+00:00,108.11,109.42,104.37,106.09,137077.0
2023-07-20 16:30:00+00:00,106.03,107.57,102.88,104.15,56301.0
2023-07-20 17:30:00+00:00,104.57,106.35,101.0,102.47,24496.0
2023-07-20 18:30:00+00:00,102.34,102.95,99.86,101.23,58567.0
2023-07-20 19:30:00+00:00,101.22,102.38,99.47,100.04,142704.0
2023-07-20 20:30:00+00:00,100.04,101.05,97.12,98.16,90017.0
2023-07-20 21:30:00+00:00,98.36,98.89,97.38,97.97,58258.0
2023-07-20 22:30:00+00:00,97.76,98.1,96.92,97.43,42482.0
2023-07-20 23:30:00+00:00,97.15,97.29,97.03,97.16,21889.0
2023-07-21 00:30:00+00:00,97.03,97.48,96.74,97.13,49878.0
2023-07-21 01:30:00+00:00,97.29,97.78,97.07,97.49,40213.0
2023-07-21 02:30:00+00:00,97.52,98.01,96.84,97.22,16054.0
2023-07-21 03:30:00+00:00,97.02,98.01,96.65,97.52,27178.0
2023-07-21 04:30:00+00:00,97.7,98.74,96.01,97.06,39446.0
2023-07-21 05:30:00+00:00,97.17,98.24,95.02,96.23,46918.0
2023-07-21 06:30:00+00:00,96.32,97.37,95.92,96.74,59980.0
2023-07-21 07:30:00+00:00,96.75,97.85,94.6,95.59,61692.0
2023-07-21 08:30:00+00:00,95.59,99.44,94.85,97.65,35010.0
2023-07-21 09:30:00+00:00,97.36,98.12,95.94,96.36,127764.0
2023-07-21 10:30:00+00:00,96.37,96.63,95.95,96.26,73996.0
2023-07-21 11:30:00+00:00,95.87,98.25,94.74,97.33,21417.0
2023-07-21 12:30:00+00:00,97.24,98.53,96.39,98.06,142328.0
2023-07-21 13:30:00+00:00,98.16,100.42,97.56,99.15,50881.0
2023-07-21 14:30:00+00:00,99.19,100.62,96.44,97.62,23808.0
2023-07-21 15:30:00+00:00,97.61,98.03,96.62,97.31,61946.0
2023-07-21 16:30:00+00:00,97.35,98.62,93.27,95.2,101349.0
2023-07-21 17:30:00+00:00,95.34,96.19,93.79,94.24,56303.0
2023-07-21 18:30:00+00:00,94.25,94.71,94.02,94.4,24433.0
2023-07-21 19:30:00+00:00,94.58,97.14,93.67,96.06,62726.0
2023-07-21 20:30:00+00:00,96.16,98.45,94.96,97.31,104513.0
2023-07-21 21:30:00+00:00,97.43,99.68,96.15,98.78,35665.0
2023-07-21 22:30:00+00:00,98.95,100.14,98.34,99.53,46431.0
2023-07-21 23:30:00+00:00,99.53,100.97,99.17,100.41,30240.0
2023-07-22 00:30:00+00:00,100.68,101.49,98.75,99.73,103087.0
2023-07-22 01:30:00+00:00,100.06,102.03,98.95,101.31,84214.0
2023-07-22 02:30:00+00:00,101.21,104.44,100.18,103.02,103468.0
2023-07-22 03:30:00+00:00,102.98,103.5,102.08,102.67,46594.0
2023-07-22 04:30:00+00:00,102.36,102.93,101.32,102.05,44927.0
2023-07-22 05:30:00+00:00,102.58,103.2,100.93,101.64,32891.0
2023-07-22 06:30:00+00:00,101.55,102.19,99.38,100.02,12451.0
2023-07-22 07:30:00+00:00,99.77,102.02,99.07,101.26,82862.0
2023-07-22 08:30:00+00:00,101.4,102.3,99.68,100.73,53784.0
2023-07-22 09:30:00+00:00,100.53,101.71,98.2,99.03,87667.0
2023-07-22 10:30:00+00:00,98.95,99.87,97.1,97.8,85985.0
2023-07-22 11:30:00+00:00,98.05,99.81,97.2,99.02,72177.0
2023-07-22 12:30:00+00:00,98.76,102.85,97.68,101.83,32510.0
2023-07-22 13:30:00+00:00,101.72,103.47,98.95,99.88,36399.0
2023-07-22 14:30:00+00:00,100.07,101.63,96.41,97.49,49220.0
2023-07-22 15:30:00+00:00,97.59,99.43,93.4,94.72,28861.0
2023-07-22 16:30:00+00:00,94.55,96.21,93.69,95.33,51904.0
2023-07-22 17:30:00+00:00,95.4,98.13,94.6,96.73,50477.0
2023-07-22 18:30:00+00:00,96.75,97.18,96.37,96.95,83849.0
2023-07-22 19:30:00+00:00,96.9,97.5,96.07,96.64,37669.0
2023-07-22 20:30:00+00:00,96.67,97.48,94.41,95.5,80758.0
2023-07-22 21:30:00+00:00,95.3,95.68,94.93,95.18,44111.0
2023-07-22 22:30:00+00:00,94.89,95.28,93.42,94.16,42440.0
2023-07-22 23:30:00+00:00,94.23,94.99,91.94,93.27,107383.0
2023-07-23 00:30:00+00:00,93.43,94.04,92.66,92.96,64040.0
2023-07-23 01:30:00+00:00,93.16,93.42,92.28,92.59,19610.0
2023-07-23 02:30:00+00:00,92.81,93.59,92.38,93.13,57476.0
2023-07-23 03:30:00+00:00,93.12,94.09,92.64,93.54,72725.0
2023-07-23 04:30:00+00:00,93.36,93.95,91.97,92.69,191965.0
2023-07-23 05:30:00+00:00,92.87,93.79,90.18,91.44,112270.0
2023-07-23 06:30:00+00:00,91.44,91.95,90.85,91.26,30735.0
2023-07-23 07:30:00+00:00,91.16,91.62,90.27,90.85,90962.0
2023-07-23 08:30:00+00:00,90.85,91.17,90.69,90.98,53456.0
2023-07-23 09:30:00+00:00,90.9,96.21,88.39,93.84,52558.0
2023-07-23 10:30:00+00:00,93.77,94.17,93.29,93.72,92249.0
2023-07-23 11:30:00+00:00,93.98,98.59,92.84,96.56,38225.0
2023-07-23 12:30:00+00:00,96.54,97.23,94.57,95.49,38696.0
2023-07-23 13:30:00+00:00,95.42,95.77,94.87,95.37,39277.0
2023-07-23 14:30:00+00:00,95.26,96.28,92.13,93.58,56467.0
2023-07-23 15:30:00+00:00,93.77,94.56,91.82,92.71,41830.0
2023-07-23 16:30:00+00:00,92.89,93.52,91.15,92.0,22211.0
2023-07-23 17:30:00+00:00,92.17,92.49,90.85,91.47,83178.0
2023-07-23 18:30:00+00:00,91.29,92.35,90.88,91.82,46254.0
2023-07-23 19:30:00+00:00,91.8,92.16,91.4,91.68,74865.0
2023-07-23 20:30:00+00:00,92.1,93.16,89.6,90.47,37783.0
2023-07-23 21:30:00+00:00,90.58,91.78,88.52,89.5,76869.0
2023-07-23 22:30:00+00:00,89.54,90.2,89.13,89.88,27791.0
2023-07-23 23:30:00+00:00,90.14,91.09,87.43,88.75,82915.0
2023-07-24 00:30:00+00:00,88.8,89.29,86.97,87.71,41343.0
2023-07-24 01:30:00+00:00,87.96,88.85,87.63,88.41,23522.0
2023-07-24 02:30:00+00:00,88.45,89.35,88.05,88.87,60093.0
2023-07-24 03:30:00+00:00,88.89,90.03,88.34,89.43,68553.0
2023-07-24 04:30:00+00:00,89.46,90.33,86.28,87.67,105815.0
2023-07-24 05:30:00+00:00,87.52,88.0,87.31,87.7,69936.0
2023-07-24 06:30:00+00:00,87.85,88.79,84.83,85.98,53023.0
2023-07-24 07:30:00+00:00,85.84,87.18,85.26,86.47,123010.0
2023-07-24 08:30:00+00:00,86.27,88.07,85.79,87.31,40046.0
2023-07-24 09:30:00+00:00,87.28,89.31,81.91,84.3,39087.0
2023-07-24 10:30:00+00:00,84.24,84.75,84.09,84.4,96950.0
2023-07-24 11:30:00+00:00,84.45,85.9,83.67,85.15,25239.0
2023-07-24 12:30:00+00:00,84.88,87.78,83.8,86.74,46991.0
2023-07-24 13:30:00+00:00,86.58,86.94,86.26,86.7,43877.0
2023-07-24 14:30:00+00:00,86.69,87.76,83.2,84.84,74285.0
2023-07-24 15:30:00+00:00,84.94,86.45,81.86,82.94,68365.0
2023-07-24 16:30:00+00:00,82.69,84.41,81.99,83.74,67245.0
2023-07-24 17:30:00+00:00,83.66,83.95,83.37,83.63,46253.0
2023-07-24 18:30:00+00:00,83.72,86.8,81.78,85.62,91858.0
2023-07-24 19:30:00+00:00,85.65,89.71,83.86,87.95,40862.0
2023-07-24 20:30:00+00:00,88.07,89.32,87.63,88.62,46803.0
2023-07-24 21:30:00+00:00,88.78,89.55,87.51,88.08,112813.0
2023-07-24 22:30:00+00:00,88.2,90.27,87.27,89.56,24875.0
2023-07-24 23:30:00+00:00,89.49,92.26,88.02,91.18,29908.0
2023-07-25 00:30:00+00:00,91.36,92.27,90.64,91.87,56810.0
2023-07-25 01:30:00+00:00,91.88,92.38,91.15,91.63,57479.0
2023-07-25 02:30:00+00:00,91.39,92.69,91.12,92.04,50838.0
2023-07-25 03:30:00+00:00,92.13,94.02,91.44,93.35,26763.0
2023-07-25 04:30:00+00:00,93.27,94.48,91.29,92.15,55336.0
2023-07-25 05:30:00+00:00,91.81,95.31,90.38,94.26,70426.0
2023-07-25 06:30:00+00:00,94.2,95.25,92.0,92.8,55020.0
2023-07-25 07:30:00+00:00,93.05,93.9,90.79,91.91,32304.0
2023-07-25 08:30:00+00:00,91.73,92.5,89.17,90.35,54874.0
2023-07-25 09:30:00+00:00,90.57,93.25,85.05,87.6,75049.0
2023-07-25 10:30:00+00:00,87.56,87.91,87.34,87.63,57626.0
2023-07-25 11:30:00+00:00,87.51,88.82,87.13,88.11,42185.0
2023-07-25 12:30:00+00:00,88.24,89.89,85.19,86.36,60287.0
2023-07-25 13:30:00+00:00,86.37,86.98,84.53,85.3,18575.0
2023-07-25 14:30:00+00:00,85.4,85.85,84.58,84.93,27486.0
2023-07-25 15:30:00+00:00,84.85,86.18,84.16,85.52,24577.0
2023-07-25 16:30:00+00:00,85.65,86.36,82.95,84.32,49752.0
2023-07-25 17:30:00+00:00,84.34,85.14,82.22,83.3,34789.0
2023-07-25 18:30:00+00:00,83.27,84.91,82.86,84.07,22649.0
2023-07-25 19:30:00+00:00,84.2,85.64,81.56,82.51,32683.0
2023-07-25 20:30:00+00:00,82.56,82.85,82.02,82.33,62061.0
2023-07-25 21:30:00+00:00,82.25,82.66,81.96,82.44,88100.0
2023-07-25 22:30:00+00:00,82.67,83.31,80.1,81.12,18814.0
2023-07-25 23:30:00+00:00,81.23,82.45,80.63,81.79,60141.0
2023-07-26 00:30:00+00:00,81.54,82.46,78.74,80.02,125408.0
2023-07-26 01:30:00+00:00,79.97,80.55,79.69,80.24,73124.0
2023-07-26 02:30:00+00:00,80.35,83.05,78.99,82.12,26903.0
2023-07-26 03:30:00+00:00,81.98,84.45,81.17,83.44,31889.0
2023-07-26 04:30:00+00:00,83.35,86.54,81.61,85.02,32161.0
2023-07-26 05:30:00+00:00,85.04,85.91,84.1,84.47,38164.0
2023-07-26 06:30:00+00:00,84.56,86.73,83.94,86.09,92576.0
2023-07-26 07:30:00+00:00,86.14,89.93,85.04,88.9,131354.0
2023-07-26 08:30:00+00:00,89.13,89.42,88.63,88.95,61328.0
2023-07-26 09:30:00+00:00,88.71,90.54,87.57,89.53,43159.0
2023-07-26 10:30:00+00:00,89.73,90.32,88.41,88.97,67837.0
2023-07-26 11:30:00+00:00,88.89,94.34,87.81,91.77,82327.0
2023-07-26 12:30:00+00:00,91.78,92.23,90.83,91.36,83992.0
2023-07-26 13:30:00+00:00,91.28,95.71,89.82,94.16,24675.0
2023-07-26 14:30:00+00:00,94.27,94.54,93.35,93.94,29156.0
2023-07-26 15:30:00+00:00,93.93,98.32,91.51,96.22,41694.0
2023-07-26 16:30:00+00:00,96.2,97.46,92.12,93.69,48691.0
2023-07-26 17:30:00+00:00,93.96,95.35,92.99,94.65,45275.0
2023-07-26 18:30:00+00:00,94.5,95.13,91.51,92.82,42703.0
2023-07-26 19:30:00+00:00,92.8,97.32,91.39,95.27,61795.0
2023-07-26 20:30:00+00:00,95.43,96.13,92.29,93.65,34437.0
2023-07-26 21:30:00+00:00,93.83,97.11,84.54,88.69,81973.0
2023-07-26 22:30:00+00:00,88.76,89.37,87.88,88.3,106256.0
2023-07-26 23:30:00+00:00,88.35,89.26,86.22,86.91,30462.0
2023-07-27 00:30:00+00:00,86.98,92.7,84.97,90.08,43014.0
2023-07-27 01:30:00+00:00,90.06,92.33,88.73,91.29,58180.0
2023-07-27 02:30:00+00:00,91.06,92.75,90.14,92.0,24061.0
2023-07-27 03:30:00+00:00,92.03,92.42,91.38,91.67,86228.0
2023-07-27 04:30:00+00:00,91.8,93.72,91.1,92.94,48347.0
2023-07-27 05:30:00+00:00,93.02,93.62,90.87,91.78,31333.0
2023-07-27 06:30:00+00:00,91.53,91.74,91.12,91.54,78550.0
2023-07-27 07:30:00+00:00,91.45,91.74,91.32,91.51,33937.0
2023-07-27 08:30:00+00:00,91.29,93.68,90.54,92.58,33592.0
2023-07-27 09:30:00+00:00,92.83,93.31,91.7,92.42,83843.0
2023-07-27 10:30:00+00:00,92.39,92.89,91.22,91.74,39564.0
2023-07-27 11:30:00+00:00,91.93,92.77,89.88,90.97,40631.0
2023-07-27 12:30:00+00:00,90.99,93.16,89.95,92.29,65756.0
2023-07-27 13:30:00+00:00,92.06,92.35,91.25,91.54,36743.0
2023-07-27 14:30:00+00:00,91.5,92.8,90.66,92.0,100625.0
2023-07-27 15:30:00+00:00,91.91,92.65,91.53,92.31,76506.0
2023-07-27 16:30:00+00:00,92.32,93.8,88.05,89.16,99661.0
2023-07-27 17:30:00+00:00,89.28,90.54,88.37,90.05,54012.0
2023-07-27 18:30:00+00:00,90.01,91.24,89.37,90.5,63395.0
2023-07-27 19:30:00+00:00,90.28,90.63,89.55,89.92,34012.0
2023-07-27 20:30:00+00:00,89.83,91.62,89.29,90.73,49291.0
2023-07-27 21:30:00+00:00,90.77,91.33,90.02,90.48,78994.0
2023-07-27 22:30:00+00:00,90.41,91.12,90.11,90.5,32345.0
2023-07-27 23:30:00+00:00,90.6,92.03,89.77,91.14,68576.0
2023-07-28 00:30:00+00:00,91.09,91.66,90.55,91.03,46433.0
2023-07-28 01:30:00+00:00,91.26,92.85,88.51,89.47,27640.0
2023-07-28 02:30:00+00:00,89.44,89.9,89.29,89.63,61349.0
2023-07-28 03:30:00+00:00,89.65,91.62,89.02,90.68,20211.0
2023-07-28 04:30:00+00:00,90.75,93.99,88.88,93.0,46014.0
2023-07-28 05:30:00+00:00,92.88,94.93,92.38,93.91,54891.0
2023-07-28 06:30:00+00:00,93.94,96.74,93.27,95.42,25981.0
2023-07-28 07:30:00+00:00,95.53,96.33,93.37,94.14,36732.0
2023-07-28 08:30:00+00:00,93.96,95.81,93.21,94.9,60607.0
2023-07-28 09:30:00+00:00,95.14,96.06,92.25,93.37,27655.0
2023-07-28 10:30:00+00:00,93.37,96.15,92.38,95.04,21859.0
2023-07-28 11:30:00+00:00,94.83,95.07,94.68,94.91,43093.0
2023-07-28 12:30:00+00:00,95.04,95.24,94.58,94.94,155937.0
2023-07-28 13:30:00+00:00,94.88,95.5,91.57,93.13,144014.0
2023-07-28 14:30:00+00:00,93.31,95.3,92.34,94.42,97205.0
2023-07-28 15:30:00+00:00,94.35,95.35,89.39,91.39,47537.0
2023-07-28 16:30:00+00:00,91.28,94.44,90.23,93.12,66342.0
2023-07-28 17:30:00+00:00,93.24,93.43,92.86,93.24,117535.0
2023-07-28 18:30:00+00:00,93.28,94.53,92.44,93.91,35476.0
2023-07-28 19:30:00+00:00,93.62,98.62,91.59,96.24,45615.0
2023-07-28 20:30:00+00:00,96.43,97.44,94.56,95.25,50191.0
2023-07-28 21:30:00+00:00,95.29,98.11,93.49,97.16,57416.0
2023-07-28 22:30:00+00:00,97.19,97.71,96.48,96.97,24588.0
2023-07-28 23:30:00+00:00,97.13,97.86,96.76,97.54,57173.0
2023-07-29 00:30:00+00:00,97.68,98.89,97.23,98.24,67858.0
2023-07-29 01:30:00+00:00,98.17,103.19,96.59,100.82,27052.0
2023-07-29 02:30:00+00:00,100.73,102.61,96.49,97.68,29554.0
2023-07-29 03:30:00+00:00,97.52,98.52,95.9,96.84,129164.0
2023-07-29 04:30:00+00:00,97.05,97.86,95.65,96.45,42277.0
2023-07-29 05:30:00+00:00,96.56,97.48,94.48,95.44,30765.0
2023-07-29 06:30:00+00:00,95.39,96.25,94.78,95.76,66843.0
2023-07-29 07:30:00+00:00,95.62,96.23,94.18,94.91,96667.0
2023-07-29 08:30:00+00:00,95.29,95.7,94.33,95.01,37952.0
2023-07-29 09:30:00+00:00,95.14,96.65,92.49,93.55,24809.0
2023-07-29 10:30:00+00:00,93.27,94.85,90.47,91.77,53671.0
2023-07-29 11:30:00+00:00,91.99,93.28,89.66,90.32,129884.0
2023-07-29 12:30:00+00:00,90.47,90.74,90.33,90.62,104240.0
2023-07-29 13:30:00+00:00,90.59,90.9,90.24,90.64,87630.0
2023-07-29 14:30:00+00:00,90.6,93.3,89.87,91.81,31474.0
2023-07-29 15:30:00+00:00,91.73,92.53,91.03,92.22,131991.0
2023-07-29 16:30:00+00:00,92.25,92.71,92.0,92.29,86048.0
2023-07-29 17:30:00+00:00,92.44,93.07,92.12,92.68,25285.0
2023-07-29 18:30:00+00:00,92.66,97.64,89.9,95.71,19723.0
2023-07-29 19:30:00+00:00,95.47,97.87,94.6,96.91,122902.0
2023-07-29 20:30:00+00:00,96.81,99.98,95.43,98.54,38883.0
2023-07-29 21:30:00+00:00,98.83,99.12,98.3,98.62,12652.0
2023-07-29 22:30:00+00:00,98.43,99.13,96.65,97.16,41046.0
2023-07-29 23:30:00+00:00,97.29,101.64,94.6,100.31,35882.0
2023-07-30 00:30:00+00:00,100.35,100.99,99.13,99.72,35364.0
2023-07-30 01:30:00+00:00,99.67,100.05,98.99,99.43,90434.0
2023-07-30 02:30:00+00:00,99.22,99.88,98.84,99.61,53266.0
2023-07-30 03:30:00+00:00,99.4,99.7,98.86,99.36,21431.0
2023-07-30 04:30:00+00:00,99.48,100.14,97.97,98.71,19165.0
2023-07-30 05:30:00+00:00,98.85,99.87,98.26,99.28,47826.0
2023-07-30 06:30:00+00:00,99.28,101.54,98.07,100.78,26058.0
2023-07-30 07:30:00+00:00,100.71,101.63,100.29,101.12,44991.0
2023-07-30 08:30:00+00:00,101.1,106.34,98.48,104.0,40814.0
2023-07-30 09:30:00+00:00,104.03,104.37,103.21,103.84,29871.0
2023-07-30 10:30:00+00:00,103.62,104.11,102.84,103.31,75889.0
2023-07-30 11:30:00+00:00,103.47,105.61,102.31,104.76,47015.0
2023-07-30 12:30:00+00:00,104.92,106.11,104.21,105.6,26388.0
2023-07-30 13:30:00+00:00,105.76,107.96,104.73,106.71,100746.0
2023-07-30 14:30:00+00:00,106.37,113.89,104.64,110.46,58518.0
2023-07-30 15:30:00+00:00,110.39,110.69,109.1,109.82,33871.0
2023-07-30 16:30:00+00:00,109.58,112.39,107.66,111.35,37145.0
