timestamp,open,high,low,close,volume,symbol
2023-01-03 09:30:00+00:00,150.25,157.66,147.04,154.43,55104.0,AAPL
2023-01-03 09:30:00+00:00,239.98,249.71,234.17,246.66,28073.0,MSFT
2023-01-03 09:30:00+00:00,385.94,388.75,377.98,382.03,17070.0,SPY
2023-01-03 10:30:00+00:00,154.7,155.67,152.02,153.06,44561.0,AAPL
2023-01-03 10:30:00+00:00,246.67,248.73,241.25,244.02,60955.0,MSFT
2023-01-03 10:30:00+00:00,380.72,381.73,378.83,380.1,45255.0,SPY
2023-01-03 11:30:00+00:00,152.64,155.4,145.2,148.4,60506.0,AAPL
2023-01-03 11:30:00+00:00,243.92,248.0,237.92,240.12,43210.0,MSFT
2023-01-03 11:30:00+00:00,379.99,390.01,375.48,385.59,53361.0,SPY
2023-01-03 12:30:00+00:00,148.69,150.38,145.14,146.66,35596.0,AAPL
2023-01-03 12:30:00+00:00,239.7,241.53,237.83,238.73,58623.0,MSFT
2023-01-03 12:30:00+00:00,385.67,402.5,381.42,395.23,63866.0,SPY
2023-01-03 13:30:00+00:00,146.51,153.57,144.43,150.54,23007.0,AAPL
2023-01-03 13:30:00+00:00,238.44,240.92,232.34,234.68,72469.0,MSFT
2023-01-03 13:30:00+00:00,395.08,398.4,386.15,389.77,108240.0,SPY
2023-01-03 14:30:00+00:00,150.64,151.98,150.17,151.2,68351.0,AAPL
2023-01-03 14:30:00+00:00,235.32,242.68,231.96,240.09,42107.0,MSFT
2023-01-03 14:30:00+00:00,390.05,408.71,379.77,403.25,83251.0,SPY
2023-01-03 15:30:00+00:00,151.2,152.2,149.67,150.59,73549.0,AAPL
2023-01-03 15:30:00+00:00,240.22,246.7,237.32,243.33,50580.0,MSFT
2023-01-03 15:30:00+00:00,403.23,411.95,399.06,408.91,30168.0,SPY
2023-01-03 16:30:00+00:00,150.41,151.54,149.23,151.05,72537.0,AAPL
2023-01-03 16:30:00+00:00,243.01,248.05,240.78,245.71,36959.0,MSFT
2023-01-03 16:30:00+00:00,409.01,411.25,400.72,403.89,63592.0,SPY
2023-01-03 17:30:00+00:00,150.82,152.46,149.81,151.78,30049.0,AAPL
2023-01-03 17:30:00+00:00,245.87,255.31,243.46,251.01,46684.0,MSFT
2023-01-03 17:30:00+00:00,403.38,405.86,394.07,398.78,37362.0,SPY
2023-01-03 18:30:00+00:00,151.76,155.55,150.18,154.11,69877.0,AAPL
2023-01-03 18:30:00+00:00,250.27,252.01,247.45,248.8,44781.0,MSFT
2023-01-03 18:30:00+00:00,399.04,400.26,395.41,398.25,92972.0,SPY
2023-01-03 19:30:00+00:00,154.31,155.21,153.71,154.39,54551.0,AAPL
2023-01-03 19:30:00+00:00,248.66,252.08,239.17,243.99,49687.0,MSFT
2023-01-03 19:30:00+00:00,398.51,402.57,390.86,395.05,38563.0,SPY
2023-01-03 20:30:00+00:00,154.27,158.67,152.39,157.5,38078.0,AAPL
2023-01-03 20:30:00+00:00,244.22,246.17,243.08,245.31,18920.0,MSFT
2023-01-03 20:30:00+00:00,394.35,398.28,382.98,386.26,56338.0,SPY
2023-01-03 21:30:00+00:00,157.76,159.5,155.29,156.28,26231.0,AAPL
2023-01-03 21:30:00+00:00,245.8,248.28,245.01,246.5,43716.0,MSFT
2023-01-03 21:30:00+00:00,386.51,394.61,369.28,374.66,56648.0,SPY
2023-01-03 22:30:00+00:00,156.33,156.68,155.83,156.19,37255.0,AAPL
2023-01-03 22:30:00+00:00,247.37,250.21,240.46,243.4,64234.0,MSFT
2023-01-03 22:30:00+00:00,374.78,381.87,372.71,378.79,56228.0,SPY
2023-01-03 23:30:00+00:00,156.2,157.96,153.47,154.93,43788.0,AAPL
2023-01-03 23:30:00+00:00,243.84,246.93,242.59,245.41,111311.0,MSFT
2023-01-03 23:30:00+00:00,378.36,383.2,369.09,373.06,55489.0,SPY
2023-01-04 00:30:00+00:00,155.28,155.68,154.69,155.11,66082.0,AAPL
2023-01-04 00:30:00+00:00,245.2,253.94,241.39,250.94,54207.0,MSFT
2023-01-04 00:30:00+00:00,372.98,385.6,368.77,381.96,35380.0,SPY
2023-01-04 01:30:00+00:00,154.86,164.92,152.69,160.01,48495.0,AAPL
2023-01-04 01:30:00+00:00,250.84,252.86,246.94,248.99,50719.0,MSFT
2023-01-04 01:30:00+00:00,382.48,399.88,376.05,394.4,45823.0,SPY
2023-01-04 02:30:00+00:00,160.31,162.35,152.27,156.06,47917.0,AAPL
2023-01-04 02:30:00+00:00,248.98,250.96,247.35,249.76,13516.0,MSFT
2023-01-04 02:30:00+00:00,394.26,395.8,388.84,391.59,47628.0,SPY
2023-01-04 03:30:00+00:00,155.55,157.39,150.36,152.51,36482.0,AAPL
2023-01-04 03:30:00+00:00,250.05,252.11,249.12,251.1,43504.0,MSFT
2023-01-04 03:30:00+00:00,392.22,405.47,385.8,400.08,23711.0,SPY
2023-01-04 04:30:00+00:00,152.56,153.75,149.54,150.99,67266.0,AAPL
2023-01-04 04:30:00+00:00,251.53,253.78,250.77,252.99,28198.0,MSFT
2023-01-04 04:30:00+00:00,400.96,404.63,394.01,396.71,24787.0,SPY
2023-01-04 05:30:00+00:00,151.02,155.82,149.04,153.6,41662.0,AAPL
2023-01-04 05:30:00+00:00,252.32,260.35,247.71,256.95,38751.0,MSFT
2023-01-04 05:30:00+00:00,396.4,418.1,386.04,408.81,28288.0,SPY
2023-01-04 06:30:00+00:00,153.71,155.23,152.87,154.25,50234.0,AAPL
2023-01-04 06:30:00+00:00,256.98,260.62,255.16,259.27,63861.0,MSFT
2023-01-04 06:30:00+00:00,409.56,416.11,406.07,413.57,79553.0,SPY
2023-01-04 07:30:00+00:00,154.42,156.18,150.68,152.29,87161.0,AAPL
2023-01-04 07:30:00+00:00,259.02,270.36,255.71,264.82,46134.0,MSFT
2023-01-04 07:30:00+00:00,412.85,418.4,395.6,402.78,34577.0,SPY
2023-01-04 08:30:00+00:00,152.39,152.65,152.19,152.45,57358.0,AAPL
2023-01-04 08:30:00+00:00,264.87,267.98,258.55,261.67,106919.0,MSFT
2023-01-04 08:30:00+00:00,403.08,407.57,396.55,399.29,57972.0,SPY
2023-01-04 09:30:00+00:00,152.28,154.66,146.53,149.25,31527.0,AAPL
2023-01-04 09:30:00+00:00,261.99,264.02,257.91,259.87,146201.0,MSFT
2023-01-04 09:30:00+00:00,399.21,401.09,394.93,397.55,19530.0,SPY
2023-01-04 10:30:00+00:00,149.19,150.68,143.74,146.58,53798.0,AAPL
2023-01-04 10:30:00+00:00,259.49,264.76,257.32,263.14,63801.0,MSFT
2023-01-04 10:30:00+00:00,398.72,401.41,396.7,399.28,37888.0,SPY
2023-01-04 11:30:00+00:00,146.87,148.78,142.88,144.92,45789.0,AAPL
2023-01-04 11:30:00+00:00,262.84,264.2,260.12,261.45,50703.0,MSFT
2023-01-04 11:30:00+00:00,398.99,415.09,392.11,408.12,52553.0,SPY
2023-01-04 12:30:00+00:00,144.98,147.67,143.61,146.08,61769.0,AAPL
2023-01-04 12:30:00+00:00,261.41,263.48,257.49,259.31,61668.0,MSFT
2023-01-04 12:30:00+00:00,408.31,414.44,387.5,396.53,17413.0,SPY
2023-01-04 13:30:00+00:00,146.29,147.05,145.04,145.41,39491.0,AAPL
2023-01-04 13:30:00+00:00,259.03,260.35,258.41,259.18,54408.0,MSFT
2023-01-04 13:30:00+00:00,396.49,397.96,394.41,396.06,43694.0,SPY
2023-01-04 14:30:00+00:00,145.4,146.4,144.86,145.59,43472.0,AAPL
2023-01-04 14:30:00+00:00,258.86,261.79,256.83,260.6,37001.0,MSFT
2023-01-04 14:30:00+00:00,396.27,426.03,387.14,414.09,33902.0,SPY
2023-01-04 15:30:00+00:00,146.06,150.08,143.84,148.49,24374.0,AAPL
2023-01-04 15:30:00+00:00,260.84,262.25,256.99,258.71,57483.0,MSFT
2023-01-04 15:30:00+00:00,414.38,417.76,407.58,411.15,48884.0,SPY
2023-01-04 16:30:00+00:00,148.5,149.63,146.84,147.61,37682.0,AAPL
2023-01-04 16:30:00+00:00,259.08,262.78,257.99,261.07,41938.0,MSFT
2023-01-04 16:30:00+00:00,411.36,415.44,403.95,406.61,45271.0,SPY
2023-01-04 17:30:00+00:00,147.29,154.03,145.14,150.74,73393.0,AAPL
2023-01-04 17:30:00+00:00,261.77,269.74,258.54,266.62,22010.0,MSFT
2023-01-04 17:30:00+00:00,406.6,408.74,404.85,407.01,30981.0,SPY
2023-01-04 18:30:00+00:00,150.53,152.56,147.41,148.54,47018.0,AAPL
2023-01-04 18:30:00+00:00,266.55,271.71,253.66,259.62,42929.0,MSFT
2023-01-04 18:30:00+00:00,407.94,416.66,391.17,398.93,45641.0,SPY
2023-01-04 19:30:00+00:00,148.39,156.07,144.34,153.68,33875.0,AAPL
2023-01-04 19:30:00+00:00,259.96,263.49,246.31,250.92,27569.0,MSFT
2023-01-04 19:30:00+00:00,397.85,410.11,394.0,403.57,16350.0,SPY
2023-01-04 20:30:00+00:00,153.86,156.63,147.48,150.37,58926.0,AAPL
2023-01-04 20:30:00+00:00,250.16,255.78,248.44,253.81,44668.0,MSFT
2023-01-04 20:30:00+00:00,404.1,406.01,402.68,404.72,20437.0,SPY
2023-01-04 21:30:00+00:00,150.51,154.58,142.03,145.62,18616.0,AAPL
2023-01-04 21:30:00+00:00,253.9,256.35,249.02,250.85,49500.0,MSFT
2023-01-04 21:30:00+00:00,404.33,415.94,399.69,410.63,41046.0,SPY
2023-01-04 22:30:00+00:00,145.73,146.66,145.45,146.12,46297.0,AAPL
2023-01-04 22:30:00+00:00,251.52,259.37,249.51,256.43,48815.0,MSFT
2023-01-04 22:30:00+00:00,410.6,422.76,403.86,417.82,46762.0,SPY
2023-01-04 23:30:00+00:00,145.84,146.32,144.85,145.69,58936.0,AAPL
2023-01-04 23:30:00+00:00,256.13,275.0,251.28,267.76,113567.0,MSFT
2023-01-04 23:30:00+00:00,418.19,435.46,410.57,430.81,33569.0,SPY
2023-01-05 00:30:00+00:00,145.62,148.63,144.12,147.45,29564.0,AAPL
2023-01-05 00:30:00+00:00,268.19,269.74,266.54,267.24,26483.0,MSFT
2023-01-05 00:30:00+00:00,430.97,434.64,425.75,428.49,50159.0,SPY
2023-01-05 01:30:00+00:00,147.14,151.46,146.2,149.4,150565.0,AAPL
2023-01-05 01:30:00+00:00,266.72,268.24,264.51,265.76,80005.0,MSFT
2023-01-05 01:30:00+00:00,427.67,432.73,425.52,430.86,91885.0,SPY
2023-01-05 02:30:00+00:00,149.5,152.82,143.49,146.06,141029.0,AAPL
2023-01-05 02:30:00+00:00,265.58,266.27,264.79,265.78,81949.0,MSFT
2023-01-05 02:30:00+00:00,430.86,440.06,411.58,418.89,35639.0,SPY
2023-01-05 03:30:00+00:00,146.06,146.58,145.76,146.03,114376.0,AAPL
2023-01-05 03:30:00+00:00,265.51,268.52,263.96,266.96,107136.0,MSFT
2023-01-05 03:30:00+00:00,419.43,432.73,414.11,425.85,25760.0,SPY
2023-01-05 04:30:00+00:00,145.93,155.56,142.64,151.82,59805.0,AAPL
2023-01-05 04:30:00+00:00,267.32,268.17,266.2,266.83,43001.0,MSFT
2023-01-05 04:30:00+00:00,425.5,430.49,423.87,427.43,61934.0,SPY
2023-01-05 05:30:00+00:00,151.59,152.03,150.55,151.02,27886.0,AAPL
2023-01-05 05:30:00+00:00,266.15,269.0,262.05,263.28,34476.0,MSFT
2023-01-05 05:30:00+00:00,427.2,433.52,424.52,430.61,84561.0,SPY
2023-01-05 06:30:00+00:00,150.91,157.74,147.73,155.07,23893.0,AAPL
2023-01-05 06:30:00+00:00,264.15,266.0,262.6,264.97,65750.0,MSFT
2023-01-05 06:30:00+00:00,431.28,434.83,426.79,428.41,61549.0,SPY
2023-01-05 07:30:00+00:00,154.85,156.23,154.17,155.35,49277.0,AAPL
2023-01-05 07:30:00+00:00,265.44,269.31,252.68,257.12,32216.0,MSFT
2023-01-05 07:30:00+00:00,428.14,428.75,427.0,428.1,30580.0,SPY
2023-01-05 08:30:00+00:00,155.11,155.64,153.62,154.57,7482.0,AAPL
2023-01-05 08:30:00+00:00,256.99,259.66,255.56,258.69,55459.0,MSFT
2023-01-05 08:30:00+00:00,428.66,441.45,425.84,435.16,57532.0,SPY
2023-01-05 09:30:00+00:00,154.49,156.12,149.5,152.07,34758.0,AAPL
2023-01-05 09:30:00+00:00,258.78,260.36,257.54,259.13,69978.0,MSFT
2023-01-05 09:30:00+00:00,435.44,437.45,432.87,434.21,41646.0,SPY
2023-01-05 10:30:00+00:00,152.16,153.98,149.81,150.62,33772.0,AAPL
2023-01-05 10:30:00+00:00,258.67,268.07,253.82,264.31,27741.0,MSFT
2023-01-05 10:30:00+00:00,433.68,436.47,431.41,435.08,43542.0,SPY
2023-01-05 11:30:00+00:00,150.85,152.87,144.52,147.04,67079.0,AAPL
2023-01-05 11:30:00+00:00,263.93,266.7,262.96,265.01,27239.0,MSFT
2023-01-05 11:30:00+00:00,436.29,438.86,429.92,433.25,39546.0,SPY
2023-01-05 12:30:00+00:00,147.02,152.36,144.11,150.73,51219.0,AAPL
2023-01-05 12:30:00+00:00,265.47,269.3,263.62,266.99,39725.0,MSFT
2023-01-05 12:30:00+00:00,433.13,434.65,430.77,432.62,35412.0,SPY
2023-01-05 13:30:00+00:00,150.69,151.1,149.77,150.56,31414.0,AAPL
2023-01-05 13:30:00+00:00,267.0,270.79,259.66,263.28,47950.0,MSFT
2023-01-05 13:30:00+00:00,432.67,441.79,429.62,438.05,58672.0,SPY
2023-01-05 14:30:00+00:00,150.77,151.97,147.01,149.0,48001.0,AAPL
2023-01-05 14:30:00+00:00,264.01,265.28,263.12,264.02,36300.0,MSFT
2023-01-05 14:30:00+00:00,438.37,443.21,428.69,433.97,39504.0,SPY
2023-01-05 15:30:00+00:00,148.95,152.47,147.82,151.18,41009.0,AAPL
2023-01-05 15:30:00+00:00,264.4,268.66,261.0,267.17,44679.0,MSFT
2023-01-05 15:30:00+00:00,434.57,437.46,427.01,430.7,24348.0,SPY
2023-01-05 16:30:00+00:00,151.19,153.24,147.32,148.96,47375.0,AAPL
2023-01-05 16:30:00+00:00,267.22,273.08,264.66,271.34,141662.0,MSFT
2023-01-05 16:30:00+00:00,431.19,436.01,422.63,425.96,59241.0,SPY
2023-01-05 17:30:00+00:00,148.93,151.28,147.41,150.35,33236.0,AAPL
2023-01-05 17:30:00+00:00,270.81,273.18,268.8,271.87,41983.0,MSFT
2023-01-05 17:30:00+00:00,425.97,427.79,421.35,423.68,36547.0,SPY
2023-01-05 18:30:00+00:00,150.33,154.19,148.79,152.29,38825.0,AAPL
2023-01-05 18:30:00+00:00,272.93,282.01,267.8,278.47,22775.0,MSFT
2023-01-05 18:30:00+00:00,423.66,424.81,421.44,423.5,53612.0,SPY
2023-01-05 19:30:00+00:00,152.69,155.82,151.26,154.85,55100.0,AAPL
2023-01-05 19:30:00+00:00,278.47,288.17,274.63,283.9,56826.0,MSFT
2023-01-05 19:30:00+00:00,423.17,425.66,416.46,419.51,34831.0,SPY
2023-01-05 20:30:00+00:00,154.8,156.69,153.94,155.97,30695.0,AAPL
2023-01-05 20:30:00+00:00,284.19,287.07,279.46,281.19,50526.0,MSFT
2023-01-05 20:30:00+00:00,419.55,422.06,415.93,417.65,61593.0,SPY
2023-01-05 21:30:00+00:00,155.84,161.07,154.07,159.5,37367.0,AAPL
2023-01-05 21:30:00+00:00,282.02,285.73,263.71,271.02,48370.0,MSFT
2023-01-05 21:30:00+00:00,417.11,426.5,410.15,422.89,44763.0,SPY
2023-01-05 22:30:00+00:00,159.46,159.74,158.94,159.34,69774.0,AAPL
2023-01-05 22:30:00+00:00,271.07,273.77,264.19,266.65,51442.0,MSFT
2023-01-05 22:30:00+00:00,422.84,427.69,413.56,418.61,52617.0,SPY
2023-01-05 23:30:00+00:00,159.26,162.13,157.68,161.18,26884.0,AAPL
2023-01-05 23:30:00+00:00,266.56,268.13,265.81,266.97,27470.0,MSFT
2023-01-05 23:30:00+00:00,418.76,423.68,409.76,415.02,37243.0,SPY
2023-01-06 00:30:00+00:00,160.85,167.13,158.47,164.87,24569.0,AAPL
2023-01-06 00:30:00+00:00,267.29,269.31,266.05,267.66,73809.0,MSFT
2023-01-06 00:30:00+00:00,415.79,425.82,413.57,420.93,48721.0,SPY
2023-01-06 01:30:00+00:00,164.61,167.28,162.81,165.99,115293.0,AAPL
2023-01-06 01:30:00+00:00,267.55,268.18,265.41,266.53,58744.0,MSFT
2023-01-06 01:30:00+00:00,419.6,421.69,418.17,419.9,29786.0,SPY
2023-01-06 02:30:00+00:00,166.19,171.17,165.2,168.88,55343.0,AAPL
2023-01-06 02:30:00+00:00,266.19,267.18,263.55,264.91,69228.0,MSFT
2023-01-06 02:30:00+00:00,419.69,425.88,415.65,422.29,63060.0,SPY
2023-01-06 03:30:00+00:00,168.91,174.17,159.93,162.8,63119.0,AAPL
2023-01-06 03:30:00+00:00,264.56,270.54,262.37,267.55,39510.0,MSFT
2023-01-06 03:30:00+00:00,423.4,430.46,404.65,413.82,34197.0,SPY
2023-01-06 04:30:00+00:00,162.92,165.44,161.83,164.65,66258.0,AAPL
2023-01-06 04:30:00+00:00,267.03,268.5,264.27,265.25,31480.0,MSFT
2023-01-06 04:30:00+00:00,413.33,415.58,409.38,411.31,39481.0,SPY
2023-01-06 05:30:00+00:00,164.32,167.54,162.49,166.48,43875.0,AAPL
2023-01-06 05:30:00+00:00,264.63,268.87,251.44,256.97,33966.0,MSFT
2023-01-06 05:30:00+00:00,410.99,431.09,398.67,425.96,57543.0,SPY
2023-01-06 06:30:00+00:00,166.17,167.14,165.27,166.33,41403.0,AAPL
2023-01-06 06:30:00+00:00,256.42,257.44,254.73,255.82,69558.0,MSFT
2023-01-06 06:30:00+00:00,425.55,432.64,422.91,430.23,71372.0,SPY
2023-01-06 07:30:00+00:00,166.71,171.73,164.63,169.24,32695.0,AAPL
2023-01-06 07:30:00+00:00,255.85,262.93,252.28,259.81,43124.0,MSFT
2023-01-06 07:30:00+00:00,430.7,431.93,429.96,430.65,50683.0,SPY
2023-01-06 08:30:00+00:00,169.12,180.04,163.97,175.07,48000.0,AAPL
2023-01-06 08:30:00+00:00,259.37,262.17,254.06,256.56,52742.0,MSFT
2023-01-06 08:30:00+00:00,430.23,434.1,428.4,432.67,57599.0,SPY
2023-01-06 09:30:00+00:00,175.19,179.05,174.24,177.15,67375.0,AAPL
2023-01-06 09:30:00+00:00,257.26,261.25,255.47,259.08,21608.0,MSFT
2023-01-06 09:30:00+00:00,432.93,440.32,422.09,426.03,59545.0,SPY
2023-01-06 10:30:00+00:00,177.38,181.64,175.6,179.81,32830.0,AAPL
2023-01-06 10:30:00+00:00,259.12,262.69,255.73,261.38,36203.0,MSFT
2023-01-06 10:30:00+00:00,425.4,428.9,417.06,420.45,30731.0,SPY
2023-01-06 11:30:00+00:00,179.31,179.82,178.19,179.14,72081.0,AAPL
2023-01-06 11:30:00+00:00,260.65,262.36,259.61,261.36,18944.0,MSFT
2023-01-06 11:30:00+00:00,420.15,421.07,418.3,419.95,117502.0,SPY
2023-01-06 12:30:00+00:00,179.42,181.57,176.03,177.93,72892.0,AAPL
2023-01-06 12:30:00+00:00,261.54,265.55,259.44,263.02,29708.0,MSFT
2023-01-06 12:30:00+00:00,419.68,429.04,416.4,424.64,74254.0,SPY
2023-01-06 13:30:00+00:00,177.81,179.7,176.49,178.28,15124.0,AAPL
2023-01-06 13:30:00+00:00,263.27,264.88,256.19,259.47,22048.0,MSFT
2023-01-06 13:30:00+00:00,424.86,431.99,400.52,410.92,67731.0,SPY
2023-01-06 14:30:00+00:00,178.16,180.02,173.71,175.48,19724.0,AAPL
2023-01-06 14:30:00+00:00,259.99,260.42,259.28,259.76,29317.0,MSFT
2023-01-06 14:30:00+00:00,409.77,432.92,396.69,425.24,78131.0,SPY
2023-01-06 15:30:00+00:00,175.39,176.36,174.33,175.52,54506.0,AAPL
2023-01-06 15:30:00+00:00,259.42,268.41,256.21,265.72,19488.0,MSFT
2023-01-06 15:30:00+00:00,425.23,428.81,414.64,420.17,42279.0,SPY
2023-01-06 16:30:00+00:00,175.6,179.55,174.01,178.04,41434.0,AAPL
2023-01-06 16:30:00+00:00,265.47,266.77,264.3,265.47,40724.0,MSFT
2023-01-06 16:30:00+00:00,420.04,421.91,416.06,417.76,64029.0,SPY
2023-01-06 17:30:00+00:00,178.49,178.99,177.38,177.8,45947.0,AAPL
2023-01-06 17:30:00+00:00,265.38,269.3,259.18,261.16,38255.0,MSFT
2023-01-06 17:30:00+00:00,417.77,427.55,397.64,402.98,35107.0,SPY
2023-01-06 18:30:00+00:00,177.48,177.94,176.85,177.21,66677.0,AAPL
2023-01-06 18:30:00+00:00,260.39,270.98,255.92,267.01,18451.0,MSFT
2023-01-06 18:30:00+00:00,403.93,410.13,389.59,395.49,69789.0,SPY
2023-01-06 19:30:00+00:00,176.79,178.73,173.2,175.26,84921.0,AAPL
2023-01-06 19:30:00+00:00,267.35,269.67,257.19,261.66,35767.0,MSFT
2023-01-06 19:30:00+00:00,395.97,397.79,394.34,395.62,108503.0,SPY
2023-01-06 20:30:00+00:00,174.97,179.83,171.87,178.47,64668.0,AAPL
2023-01-06 20:30:00+00:00,261.74,270.48,258.66,268.28,77248.0,MSFT
2023-01-06 20:30:00+00:00,395.56,400.06,393.31,398.11,87840.0,SPY
2023-01-06 21:30:00+00:00,178.5,179.23,178.22,178.87,60199.0,AAPL
2023-01-06 21:30:00+00:00,268.82,269.59,268.28,268.71,130660.0,MSFT
2023-01-06 21:30:00+00:00,397.54,404.96,382.51,390.03,32627.0,SPY
2023-01-06 22:30:00+00:00,178.88,180.03,177.89,179.46,57568.0,AAPL
2023-01-06 22:30:00+00:00,268.33,274.26,265.5,271.26,30862.0,MSFT
2023-01-06 22:30:00+00:00,390.17,396.16,375.64,381.07,69948.0,SPY
2023-01-06 23:30:00+00:00,179.37,183.04,177.32,180.93,39271.0,AAPL
2023-01-06 23:30:00+00:00,272.08,273.44,271.2,272.76,33625.0,MSFT
2023-01-06 23:30:00+00:00,381.1,385.86,368.91,374.46,82151.0,SPY
2023-01-07 00:30:00+00:00,180.61,186.75,178.71,184.2,43418.0,AAPL
2023-01-07 00:30:00+00:00,272.22,273.42,271.42,272.89,41765.0,MSFT
2023-01-07 00:30:00+00:00,374.3,389.36,366.95,382.98,85063.0,SPY
2023-01-07 01:30:00+00:00,184.06,184.92,180.64,181.85,72595.0,AAPL
2023-01-07 01:30:00+00:00,272.97,281.4,268.87,277.4,38492.0,MSFT
2023-01-07 01:30:00+00:00,383.41,385.18,376.88,379.43,36430.0,SPY
2023-01-07 02:30:00+00:00,181.78,182.65,180.63,181.0,54406.0,AAPL
2023-01-07 02:30:00+00:00,277.5,278.19,276.32,277.13,33130.0,MSFT
2023-01-07 02:30:00+00:00,381.07,387.02,377.2,384.72,33041.0,SPY
2023-01-07 03:30:00+00:00,181.26,187.4,178.45,184.49,61130.0,AAPL
2023-01-07 03:30:00+00:00,276.98,279.02,272.32,273.8,57002.0,MSFT
2023-01-07 03:30:00+00:00,384.87,387.01,384.2,385.93,55968.0,SPY
2023-01-07 04:30:00+00:00,184.52,185.41,182.35,183.42,80021.0,AAPL
2023-01-07 04:30:00+00:00,273.35,274.97,272.54,274.04,46326.0,MSFT
2023-01-07 04:30:00+00:00,385.51,401.4,382.01,395.24,44048.0,SPY
2023-01-07 05:30:00+00:00,183.8,185.83,181.89,184.91,45092.0,AAPL
2023-01-07 05:30:00+00:00,273.95,279.98,262.02,267.01,71649.0,MSFT
2023-01-07 05:30:00+00:00,395.41,401.51,391.54,398.87,49302.0,SPY
2023-01-07 06:30:00+00:00,184.66,196.39,181.78,192.6,39898.0,AAPL
2023-01-07 06:30:00+00:00,266.84,267.54,266.08,266.49,27834.0,MSFT
2023-01-07 06:30:00+00:00,398.44,400.79,393.36,395.67,52254.0,SPY
2023-01-07 07:30:00+00:00,192.87,195.36,187.39,189.16,107763.0,AAPL
2023-01-07 07:30:00+00:00,266.9,270.98,253.77,259.55,27303.0,MSFT
2023-01-07 07:30:00+00:00,395.65,398.68,387.19,390.66,121779.0,SPY
2023-01-07 08:30:00+00:00,188.89,192.01,187.2,190.09,31093.0,AAPL
2023-01-07 08:30:00+00:00,260.19,261.0,259.0,259.69,43920.0,MSFT
2023-01-07 08:30:00+00:00,390.85,402.98,385.16,397.02,30270.0,SPY
2023-01-07 09:30:00+00:00,190.27,193.81,189.1,192.36,65437.0,AAPL
2023-01-07 09:30:00+00:00,258.92,266.31,254.85,262.6,76655.0,MSFT
2023-01-07 09:30:00+00:00,397.29,400.57,394.73,398.53,20170.0,SPY
2023-01-07 10:30:00+00:00,192.46,199.34,189.67,197.24,69680.0,AAPL
2023-01-07 10:30:00+00:00,262.2,268.75,259.79,265.2,66927.0,MSFT
2023-01-07 10:30:00+00:00,397.69,403.42,395.74,401.16,80547.0,SPY
2023-01-07 11:30:00+00:00,197.41,198.55,196.34,197.41,32492.0,AAPL
2023-01-07 11:30:00+00:00,264.74,265.1,264.38,264.71,58424.0,MSFT
2023-01-07 11:30:00+00:00,400.9,415.31,394.11,409.3,85067.0,SPY
2023-01-07 12:30:00+00:00,197.9,201.11,191.77,193.71,31042.0,AAPL
2023-01-07 12:30:00+00:00,264.81,272.83,246.15,254.27,24504.0,MSFT
2023-01-07 12:30:00+00:00,410.19,412.52,408.72,410.82,84386.0,SPY
2023-01-07 13:30:00+00:00,193.73,195.36,188.32,190.61,42257.0,AAPL
2023-01-07 13:30:00+00:00,254.64,256.78,250.76,252.54,73307.0,MSFT
2023-01-07 13:30:00+00:00,410.39,417.64,407.93,415.16,21719.0,SPY
2023-01-07 14:30:00+00:00,190.59,191.34,189.29,190.18,103121.0,AAPL
2023-01-07 14:30:00+00:00,252.65,260.13,248.56,257.5,52768.0,MSFT
2023-01-07 14:30:00+00:00,414.94,419.08,408.79,411.43,28264.0,SPY
2023-01-07 15:30:00+00:00,190.26,194.06,183.14,185.46,102652.0,AAPL
2023-01-07 15:30:00+00:00,257.7,260.26,253.08,255.2,29430.0,MSFT
2023-01-07 15:30:00+00:00,412.25,418.19,401.41,404.72,35153.0,SPY
2023-01-07 16:30:00+00:00,185.75,194.79,181.78,191.21,46174.0,AAPL
2023-01-07 16:30:00+00:00,255.19,259.97,253.97,257.38,41611.0,MSFT
2023-01-07 16:30:00+00:00,404.69,410.69,394.57,398.27,34726.0,SPY
2023-01-07 17:30:00+00:00,191.25,192.8,185.41,188.29,60904.0,AAPL
2023-01-07 17:30:00+00:00,257.57,259.92,253.64,254.93,68439.0,MSFT
2023-01-07 17:30:00+00:00,398.94,401.5,391.14,394.79,42384.0,SPY
2023-01-07 18:30:00+00:00,188.17,194.05,184.64,191.72,32739.0,AAPL
2023-01-07 18:30:00+00:00,254.39,263.71,248.62,261.16,58356.0,MSFT
2023-01-07 18:30:00+00:00,394.52,410.28,390.01,403.26,60403.0,SPY
2023-01-07 19:30:00+00:00,191.71,194.33,190.4,193.27,32179.0,AAPL
2023-01-07 19:30:00+00:00,261.05,268.0,247.97,253.16,35362.0,MSFT
2023-01-07 19:30:00+00:00,402.91,407.65,399.48,405.24,75307.0,SPY
2023-01-07 20:30:00+00:00,193.28,194.08,192.82,193.19,107263.0,AAPL
2023-01-07 20:30:00+00:00,252.59,253.5,250.32,251.32,45616.0,MSFT
2023-01-07 20:30:00+00:00,405.26,405.95,404.07,404.72,35218.0,SPY
2023-01-07 21:30:00+00:00,193.41,194.75,192.8,194.03,75465.0,AAPL
2023-01-07 21:30:00+00:00,251.61,254.09,248.46,250.0,44992.0,MSFT
2023-01-07 21:30:00+00:00,405.24,410.44,394.92,398.86,50544.0,SPY
2023-01-07 22:30:00+00:00,194.22,197.52,187.3,189.51,106052.0,AAPL
2023-01-07 22:30:00+00:00,249.92,254.15,248.96,252.03,40524.0,MSFT
2023-01-07 22:30:00+00:00,399.11,400.59,397.15,398.56,58166.0,SPY
2023-01-07 23:30:00+00:00,189.56,190.62,186.73,188.12,35713.0,AAPL
2023-01-07 23:30:00+00:00,252.01,253.56,251.01,252.25,171413.0,MSFT
2023-01-07 23:30:00+00:00,397.37,412.89,388.28,408.63,35489.0,SPY
2023-01-08 00:30:00+00:00,188.84,189.94,188.36,189.27,50505.0,AAPL
2023-01-08 00:30:00+00:00,251.47,254.53,250.54,252.95,42614.0,MSFT
2023-01-08 00:30:00+00:00,408.68,420.25,405.5,415.15,63935.0,SPY
2023-01-08 01:30:00+00:00,189.06,189.78,188.73,189.17,55055.0,AAPL
2023-01-08 01:30:00+00:00,253.4,259.71,238.3,244.51,47230.0,MSFT
2023-01-08 01:30:00+00:00,415.36,417.73,413.33,416.51,52368.0,SPY
2023-01-08 02:30:00+00:00,189.26,190.99,188.62,190.06,66418.0,AAPL
2023-01-08 02:30:00+00:00,245.03,256.69,239.98,251.99,23196.0,MSFT
2023-01-08 02:30:00+00:00,416.48,417.6,414.51,416.24,100417.0,SPY
2023-01-08 03:30:00+00:00,190.34,191.36,189.45,190.66,41597.0,AAPL
2023-01-08 03:30:00+00:00,252.36,253.66,251.57,252.83,34470.0,MSFT
2023-01-08 03:30:00+00:00,416.03,423.74,411.81,421.22,74938.0,SPY
2023-01-08 04:30:00+00:00,190.5,196.98,187.45,194.05,44151.0,AAPL
2023-01-08 04:30:00+00:00,252.72,254.33,249.22,250.51,31486.0,MSFT
2023-01-08 04:30:00+00:00,421.46,423.89,420.39,421.98,62115.0,SPY
2023-01-08 05:30:00+00:00,193.98,196.05,189.83,191.69,35709.0,AAPL
2023-01-08 05:30:00+00:00,250.23,260.27,245.12,255.85,136231.0,MSFT
2023-01-08 05:30:00+00:00,422.71,434.24,416.26,428.31,92096.0,SPY
2023-01-08 06:30:00+00:00,191.45,193.1,190.89,192.34,25889.0,AAPL
2023-01-08 06:30:00+00:00,256.0,258.72,248.67,251.68,20838.0,MSFT
2023-01-08 06:30:00+00:00,428.38,440.51,422.36,434.58,20854.0,SPY
2023-01-08 07:30:00+00:00,192.34,197.68,190.44,195.34,49389.0,AAPL
2023-01-08 07:30:00+00:00,251.37,255.43,249.76,253.07,63077.0,MSFT
2023-01-08 07:30:00+00:00,434.44,448.01,428.68,441.8,92129.0,SPY
2023-01-08 08:30:00+00:00,195.79,196.55,193.14,194.56,49081.0,AAPL
2023-01-08 08:30:00+00:00,252.73,260.53,250.11,256.99,38288.0,MSFT
2023-01-08 08:30:00+00:00,441.7,445.7,435.02,438.3,123223.0,SPY
2023-01-08 09:30:00+00:00,194.07,194.93,192.06,192.86,16584.0,AAPL
2023-01-08 09:30:00+00:00,257.12,262.91,255.3,260.08,92792.0,MSFT
2023-01-08 09:30:00+00:00,438.61,445.76,424.87,431.51,30643.0,SPY
2023-01-08 10:30:00+00:00,192.95,196.73,190.87,195.3,29590.0,AAPL
2023-01-08 10:30:00+00:00,260.26,262.3,258.22,261.14,78362.0,MSFT
2023-01-08 10:30:00+00:00,431.12,447.58,426.05,442.1,39750.0,SPY
2023-01-08 11:30:00+00:00,195.08,199.18,192.62,197.9,78487.0,AAPL
2023-01-08 11:30:00+00:00,261.11,262.19,260.12,260.9,73214.0,MSFT
2023-01-08 11:30:00+00:00,443.18,450.47,428.58,435.54,86153.0,SPY
2023-01-08 12:30:00+00:00,198.01,200.15,194.62,195.82,37777.0,AAPL
2023-01-08 12:30:00+00:00,260.97,264.83,254.45,257.09,33275.0,MSFT
2023-01-08 12:30:00+00:00,436.13,440.91,422.45,429.88,84125.0,SPY
2023-01-08 13:30:00+00:00,195.53,196.97,192.27,193.25,48823.0,AAPL
2023-01-08 13:30:00+00:00,257.13,259.57,256.1,258.5,30111.0,MSFT
2023-01-08 13:30:00+00:00,429.08,430.2,426.97,429.23,47634.0,SPY
2023-01-08 14:30:00+00:00,192.67,195.91,191.14,194.43,43727.0,AAPL
2023-01-08 14:30:00+00:00,258.0,260.89,249.14,253.69,20666.0,MSFT
2023-01-08 14:30:00+00:00,429.95,434.12,427.52,432.68,33515.0,SPY
2023-01-08 15:30:00+00:00,193.97,200.95,191.23,197.26,50084.0,AAPL
2023-01-08 15:30:00+00:00,253.67,261.3,250.25,257.87,56344.0,MSFT
2023-01-08 15:30:00+00:00,433.85,435.28,430.79,432.13,83360.0,SPY
2023-01-08 16:30:00+00:00,197.35,200.11,192.44,195.1,65057.0,AAPL
2023-01-08 16:30:00+00:00,257.45,264.5,254.66,261.36,25272.0,MSFT
2023-01-08 16:30:00+00:00,432.53,443.98,426.81,439.63,36732.0,SPY
2023-01-08 17:30:00+00:00,194.86,197.44,191.01,192.66,68565.0,AAPL
2023-01-08 17:30:00+00:00,261.14,261.93,260.62,261.55,73230.0,MSFT
2023-01-08 17:30:00+00:00,439.09,445.01,427.69,431.81,49507.0,SPY
2023-01-08 18:30:00+00:00,193.23,195.26,192.39,194.3,31209.0,AAPL
2023-01-08 18:30:00+00:00,262.35,268.22,250.02,254.28,88669.0,MSFT
2023-01-08 18:30:00+00:00,431.98,439.95,419.23,424.17,60910.0,SPY
2023-01-08 19:30:00+00:00,194.45,207.66,189.94,202.58,59754.0,AAPL
2023-01-08 19:30:00+00:00,254.37,259.1,253.28,256.9,63463.0,MSFT
2023-01-08 19:30:00+00:00,423.74,428.7,416.5,420.04,73104.0,SPY
2023-01-08 20:30:00+00:00,202.3,202.78,201.47,201.88,52355.0,AAPL
2023-01-08 20:30:00+00:00,256.43,262.05,254.06,259.52,135459.0,MSFT
2023-01-08 20:30:00+00:00,420.65,426.16,418.87,424.06,28944.0,SPY
2023-01-08 21:30:00+00:00,201.13,201.71,199.84,200.4,44057.0,AAPL
2023-01-08 21:30:00+00:00,260.48,265.51,251.63,255.49,31949.0,MSFT
2023-01-08 21:30:00+00:00,423.59,430.14,419.21,427.33,34373.0,SPY
2023-01-08 22:30:00+00:00,199.99,202.23,195.87,197.55,48578.0,AAPL
2023-01-08 22:30:00+00:00,256.07,257.1,252.58,254.07,62670.0,MSFT
2023-01-08 22:30:00+00:00,426.79,430.3,422.47,424.88,57903.0,SPY
2023-01-08 23:30:00+00:00,197.6,203.87,194.82,200.83,60755.0,AAPL
2023-01-08 23:30:00+00:00,254.2,255.49,253.6,254.79,66433.0,MSFT
2023-01-08 23:30:00+00:00,423.77,435.17,420.51,429.97,54578.0,SPY
2023-01-09 00:30:00+00:00,201.1,202.81,198.13,199.85,44288.0,AAPL
2023-01-09 00:30:00+00:00,254.94,259.23,253.1,257.66,61015.0,MSFT
2023-01-09 00:30:00+00:00,429.28,433.78,427.48,431.7,40094.0,SPY
2023-01-09 01:30:00+00:00,200.04,204.53,191.44,194.35,33964.0,AAPL
2023-01-09 01:30:00+00:00,257.52,259.25,255.55,256.39,35982.0,MSFT
2023-01-09 01:30:00+00:00,431.73,433.5,429.11,430.57,81303.0,SPY
2023-01-09 02:30:00+00:00,194.06,196.47,187.24,189.81,106528.0,AAPL
2023-01-09 02:30:00+00:00,256.23,258.98,250.11,253.39,25629.0,MSFT
2023-01-09 02:30:00+00:00,429.81,434.23,424.56,426.38,61999.0,SPY
2023-01-09 03:30:00+00:00,189.88,193.52,181.77,185.68,52983.0,AAPL
2023-01-09 03:30:00+00:00,254.4,256.48,248.07,251.59,85360.0,MSFT
2023-01-09 03:30:00+00:00,425.84,430.54,423.38,428.63,39194.0,SPY
2023-01-09 04:30:00+00:00,185.74,187.15,182.9,183.85,19932.0,AAPL
2023-01-09 04:30:00+00:00,251.44,253.38,245.47,248.09,48232.0,MSFT
2023-01-09 04:30:00+00:00,428.35,431.24,422.98,425.28,47245.0,SPY
2023-01-09 05:30:00+00:00,184.22,184.98,182.39,183.18,58076.0,AAPL
2023-01-09 05:30:00+00:00,248.25,258.2,245.88,254.89,81650.0,MSFT
2023-01-09 05:30:00+00:00,426.25,427.56,424.76,425.67,16518.0,SPY
2023-01-09 06:30:00+00:00,182.9,186.19,182.04,184.63,52334.0,AAPL
2023-01-09 06:30:00+00:00,255.25,268.32,250.21,262.13,43077.0,MSFT
2023-01-09 06:30:00+00:00,425.66,429.9,417.03,420.35,46044.0,SPY
2023-01-09 07:30:00+00:00,184.66,186.01,178.11,181.24,31078.0,AAPL
2023-01-09 07:30:00+00:00,261.62,267.55,249.98,254.36,27217.0,MSFT
2023-01-09 07:30:00+00:00,420.81,424.24,414.86,417.8,23263.0,SPY
2023-01-09 08:30:00+00:00,181.13,183.87,179.59,182.17,72201.0,AAPL
2023-01-09 08:30:00+00:00,254.12,255.89,251.16,252.98,79016.0,MSFT
2023-01-09 08:30:00+00:00,417.24,419.11,416.17,417.45,33518.0,SPY
2023-01-09 09:30:00+00:00,182.11,185.82,175.39,177.67,29854.0,AAPL
2023-01-09 09:30:00+00:00,252.47,262.31,246.65,259.08,40170.0,MSFT
2023-01-09 09:30:00+00:00,417.61,420.65,412.34,415.09,49047.0,SPY
2023-01-09 10:30:00+00:00,177.94,179.28,176.73,178.55,85681.0,AAPL
2023-01-09 10:30:00+00:00,258.18,268.18,255.42,264.69,34479.0,MSFT
2023-01-09 10:30:00+00:00,415.26,420.92,412.01,418.31,163292.0,SPY
2023-01-09 11:30:00+00:00,179.05,179.86,176.82,178.16,72579.0,AAPL
2023-01-09 11:30:00+00:00,265.05,277.43,260.85,272.71,85546.0,MSFT
2023-01-09 11:30:00+00:00,419.13,421.06,418.24,419.65,91936.0,SPY
2023-01-09 12:30:00+00:00,178.51,179.31,178.1,178.68,39570.0,AAPL
2023-01-09 12:30:00+00:00,272.78,282.44,268.9,278.01,31691.0,MSFT
2023-01-09 12:30:00+00:00,420.64,423.35,416.13,419.12,57912.0,SPY
2023-01-09 13:30:00+00:00,178.15,179.8,171.94,174.32,32154.0,AAPL
2023-01-09 13:30:00+00:00,277.72,282.44,275.15,280.06,64412.0,MSFT
2023-01-09 13:30:00+00:00,419.56,429.87,413.91,424.78,72904.0,SPY
2023-01-09 14:30:00+00:00,174.7,176.81,169.56,171.77,53407.0,AAPL
2023-01-09 14:30:00+00:00,279.68,282.92,277.44,281.47,54247.0,MSFT
2023-01-09 14:30:00+00:00,424.83,430.73,410.29,417.26,38637.0,SPY
2023-01-09 15:30:00+00:00,171.64,172.12,170.47,171.05,29405.0,AAPL
2023-01-09 15:30:00+00:00,281.29,293.3,276.86,287.53,21372.0,MSFT
2023-01-09 15:30:00+00:00,417.49,430.71,410.99,425.39,42561.0,SPY
2023-01-09 16:30:00+00:00,170.55,176.13,167.85,174.48,58004.0,AAPL
2023-01-09 16:30:00+00:00,287.89,291.2,285.57,289.59,63661.0,MSFT
2023-01-09 16:30:00+00:00,425.62,429.92,411.98,415.85,35403.0,SPY
2023-01-09 17:30:00+00:00,174.5,176.51,173.32,175.2,20362.0,AAPL
2023-01-09 17:30:00+00:00,289.22,292.49,276.98,282.67,47227.0,MSFT
2023-01-09 17:30:00+00:00,415.52,429.54,407.99,423.32,34054.0,SPY
2023-01-09 18:30:00+00:00,175.56,178.59,173.61,177.47,25816.0,AAPL
2023-01-09 18:30:00+00:00,282.54,285.29,280.81,283.43,86176.0,MSFT
2023-01-09 18:30:00+00:00,422.49,437.79,415.86,431.86,87238.0,SPY
2023-01-09 19:30:00+00:00,177.27,179.39,176.64,178.17,65331.0,AAPL
2023-01-09 19:30:00+00:00,282.9,287.17,271.64,276.11,33347.0,MSFT
2023-01-09 19:30:00+00:00,432.9,448.49,425.43,442.18,40944.0,SPY
2023-01-09 20:30:00+00:00,177.51,183.27,174.12,180.87,17771.0,AAPL
2023-01-09 20:30:00+00:00,275.81,283.94,271.37,279.65,35988.0,MSFT
2023-01-09 20:30:00+00:00,441.77,447.63,438.33,445.66,46867.0,SPY
2023-01-09 21:30:00+00:00,181.01,181.92,180.11,180.67,83333.0,AAPL
2023-01-09 21:30:00+00:00,279.57,282.02,278.32,281.18,43144.0,MSFT
2023-01-09 21:30:00+00:00,445.11,454.85,442.29,451.65,94086.0,SPY
2023-01-09 22:30:00+00:00,180.71,187.2,179.3,184.74,75260.0,AAPL
2023-01-09 22:30:00+00:00,280.74,281.3,280.19,280.72,64353.0,MSFT
2023-01-09 22:30:00+00:00,452.15,461.2,447.26,458.13,82234.0,SPY
2023-01-09 23:30:00+00:00,184.52,186.6,183.93,185.57,65198.0,AAPL
2023-01-09 23:30:00+00:00,280.9,283.01,279.25,281.99,60935.0,MSFT
2023-01-09 23:30:00+00:00,458.08,462.95,456.72,460.11,27262.0,SPY
2023-01-10 00:30:00+00:00,185.63,186.85,183.91,185.07,31864.0,AAPL
2023-01-10 00:30:00+00:00,281.97,287.17,271.78,274.91,56657.0,MSFT
2023-01-10 00:30:00+00:00,459.67,466.31,455.58,463.11,67138.0,SPY
2023-01-10 01:30:00+00:00,184.81,191.54,182.75,188.62,53114.0,AAPL
2023-01-10 01:30:00+00:00,274.61,276.69,270.95,272.92,115586.0,MSFT
2023-01-10 01:30:00+00:00,462.24,476.54,456.89,469.83,77298.0,SPY
2023-01-10 02:30:00+00:00,188.42,194.29,184.48,192.05,42936.0,AAPL
2023-01-10 02:30:00+00:00,273.53,276.18,267.79,270.6,38240.0,MSFT
2023-01-10 02:30:00+00:00,470.42,474.14,468.73,472.62,31997.0,SPY
2023-01-10 03:30:00+00:00,192.33,192.73,191.11,191.63,28034.0,AAPL
2023-01-10 03:30:00+00:00,270.73,272.26,269.72,271.09,22317.0,MSFT
2023-01-10 03:30:00+00:00,473.24,474.4,470.97,472.8,50064.0,SPY
2023-01-10 04:30:00+00:00,191.32,198.85,188.66,195.11,24050.0,AAPL
2023-01-10 04:30:00+00:00,270.51,271.58,269.4,270.33,62183.0,MSFT
2023-01-10 04:30:00+00:00,472.65,478.14,470.31,475.11,26229.0,SPY
2023-01-10 05:30:00+00:00,195.03,196.94,191.15,192.81,50099.0,AAPL
2023-01-10 05:30:00+00:00,270.46,271.74,269.66,271.14,51974.0,MSFT
2023-01-10 05:30:00+00:00,474.3,480.22,472.42,476.93,63225.0,SPY
2023-01-10 06:30:00+00:00,192.83,197.59,191.0,195.15,39224.0,AAPL
2023-01-10 06:30:00+00:00,270.92,273.28,268.72,272.14,84276.0,MSFT
2023-01-10 06:30:00+00:00,476.93,492.59,471.65,487.27,58208.0,SPY
2023-01-10 07:30:00+00:00,195.38,197.54,186.99,190.89,49551.0,AAPL
2023-01-10 07:30:00+00:00,271.68,275.61,263.56,266.62,46885.0,MSFT
2023-01-10 07:30:00+00:00,487.92,493.59,478.28,482.12,52899.0,SPY
2023-01-10 08:30:00+00:00,190.44,196.05,188.51,193.41,65453.0,AAPL
2023-01-10 08:30:00+00:00,266.56,271.15,257.77,261.84,39949.0,MSFT
2023-01-10 08:30:00+00:00,482.29,485.11,475.83,478.26,18493.0,SPY
2023-01-10 09:30:00+00:00,193.88,196.66,188.91,190.66,61918.0,AAPL
2023-01-10 09:30:00+00:00,261.14,268.49,256.48,266.37,58266.0,MSFT
2023-01-10 09:30:00+00:00,477.61,487.39,472.74,483.98,42013.0,SPY
2023-01-10 10:30:00+00:00,190.4,192.61,189.76,191.64,46522.0,AAPL
2023-01-10 10:30:00+00:00,267.15,269.65,261.18,263.09,74498.0,MSFT
2023-01-10 10:30:00+00:00,483.99,485.58,477.74,480.96,15146.0,SPY
2023-01-10 11:30:00+00:00,191.81,194.56,190.17,193.03,37212.0,AAPL
2023-01-10 11:30:00+00:00,262.74,263.27,261.62,262.5,40698.0,MSFT
2023-01-10 11:30:00+00:00,480.59,487.25,469.93,474.95,46904.0,SPY
2023-01-10 12:30:00+00:00,192.91,193.69,192.33,193.11,71222.0,AAPL
2023-01-10 12:30:00+00:00,262.04,269.44,259.26,265.73,60261.0,MSFT
2023-01-10 12:30:00+00:00,474.59,478.71,472.15,475.74,26014.0,SPY
2023-01-10 13:30:00+00:00,192.6,195.98,185.75,188.52,25687.0,AAPL
2023-01-10 13:30:00+00:00,265.5,266.41,262.94,264.48,46109.0,MSFT
2023-01-10 13:30:00+00:00,474.88,484.47,470.6,480.27,63100.0,SPY
2023-01-10 14:30:00+00:00,188.21,188.81,185.63,187.03,50959.0,AAPL
2023-01-10 14:30:00+00:00,264.62,279.99,257.58,273.29,11103.0,MSFT
2023-01-10 14:30:00+00:00,481.07,492.84,474.02,488.32,75474.0,SPY
2023-01-10 15:30:00+00:00,187.1,187.83,185.46,186.37,140244.0,AAPL
2023-01-10 15:30:00+00:00,273.44,275.18,266.35,269.63,43752.0,MSFT
2023-01-10 15:30:00+00:00,488.06,493.1,473.51,480.86,145385.0,SPY
2023-01-10 16:30:00+00:00,186.61,188.44,185.55,187.3,69940.0,AAPL
2023-01-10 16:30:00+00:00,269.48,270.89,265.64,267.23,115367.0,MSFT
2023-01-10 16:30:00+00:00,481.25,484.01,474.31,477.47,46767.0,SPY
2023-01-10 17:30:00+00:00,187.12,188.57,184.68,186.13,80691.0,AAPL
2023-01-10 17:30:00+00:00,267.12,273.38,255.97,259.32,88463.0,MSFT
2023-01-10 17:30:00+00:00,477.38,479.76,474.22,478.1,56947.0,SPY
2023-01-10 18:30:00+00:00,186.43,188.27,182.46,184.51,34848.0,AAPL
2023-01-10 18:30:00+00:00,259.25,266.06,257.44,262.67,32481.0,MSFT
2023-01-10 18:30:00+00:00,478.12,482.67,476.43,479.92,114864.0,SPY
2023-01-10 19:30:00+00:00,184.36,191.39,182.82,187.66,32225.0,AAPL
2023-01-10 19:30:00+00:00,261.97,264.03,259.1,261.21,43716.0,MSFT
2023-01-10 19:30:00+00:00,480.11,486.42,477.35,484.07,31387.0,SPY
2023-01-10 20:30:00+00:00,187.96,189.23,186.16,186.91,22784.0,AAPL
2023-01-10 20:30:00+00:00,261.2,266.14,259.72,263.68,50995.0,MSFT
2023-01-10 20:30:00+00:00,483.44,490.06,479.91,486.34,82859.0,SPY
2023-01-10 21:30:00+00:00,186.53,190.48,183.87,188.54,23597.0,AAPL
2023-01-10 21:30:00+00:00,264.05,266.64,263.1,265.78,59614.0,MSFT
2023-01-10 21:30:00+00:00,486.04,487.39,482.61,484.86,90863.0,SPY
2023-01-10 22:30:00+00:00,187.88,190.58,176.81,181.16,47697.0,AAPL
2023-01-10 22:30:00+00:00,265.47,280.23,259.33,275.74,64045.0,MSFT
2023-01-10 22:30:00+00:00,485.47,493.52,467.82,476.6,76768.0,SPY
2023-01-10 23:30:00+00:00,180.9,183.3,175.03,177.3,74358.0,AAPL
2023-01-10 23:30:00+00:00,275.67,279.52,272.51,278.1,77822.0,MSFT
2023-01-10 23:30:00+00:00,476.85,480.7,472.32,474.38,65720.0,SPY
2023-01-11 00:30:00+00:00,177.36,178.71,174.03,175.52,52980.0,AAPL
2023-01-11 00:30:00+00:00,278.42,279.72,274.33,276.46,56615.0,MSFT
2023-01-11 00:30:00+00:00,474.44,496.59,467.63,486.33,53961.0,SPY
2023-01-11 01:30:00+00:00,175.57,177.74,171.05,172.87,51586.0,AAPL
2023-01-11 01:30:00+00:00,276.7,279.11,273.67,274.64,64588.0,MSFT
2023-01-11 01:30:00+00:00,485.41,500.48,480.06,496.65,58196.0,SPY
2023-01-11 02:30:00+00:00,172.71,174.73,169.58,170.55,86938.0,AAPL
2023-01-11 02:30:00+00:00,274.87,281.16,271.97,278.0,39927.0,MSFT
2023-01-11 02:30:00+00:00,495.05,506.58,489.28,500.87,43484.0,SPY
2023-01-11 03:30:00+00:00,170.45,174.29,168.98,172.32,23148.0,AAPL
2023-01-11 03:30:00+00:00,277.71,283.78,264.88,270.24,27626.0,MSFT
2023-01-11 03:30:00+00:00,500.36,503.82,491.05,493.93,50203.0,SPY
2023-01-11 04:30:00+00:00,172.48,179.57,170.53,176.14,50177.0,AAPL
2023-01-11 04:30:00+00:00,270.62,272.94,266.49,268.28,84822.0,MSFT
2023-01-11 04:30:00+00:00,494.19,497.63,488.18,490.9,68495.0,SPY
2023-01-11 05:30:00+00:00,176.51,176.98,175.84,176.57,135200.0,AAPL
2023-01-11 05:30:00+00:00,268.32,270.78,259.35,262.23,30446.0,MSFT
2023-01-11 05:30:00+00:00,489.86,505.64,483.23,497.98,39227.0,SPY
2023-01-11 06:30:00+00:00,176.35,177.28,173.63,174.68,70233.0,AAPL
2023-01-11 06:30:00+00:00,262.8,266.52,255.64,258.51,63294.0,MSFT
2023-01-11 06:30:00+00:00,498.36,507.9,481.28,486.61,35040.0,SPY
2023-01-11 07:30:00+00:00,174.89,177.94,168.46,171.22,63699.0,AAPL
2023-01-11 07:30:00+00:00,258.55,267.17,254.22,263.26,38280.0,MSFT
2023-01-11 07:30:00+00:00,486.95,492.9,474.18,480.16,47564.0,SPY
2023-01-11 08:30:00+00:00,171.09,172.98,167.41,169.21,48106.0,AAPL
2023-01-11 08:30:00+00:00,263.68,265.14,257.49,259.74,62844.0,MSFT
2023-01-11 08:30:00+00:00,479.95,485.1,478.3,482.97,34803.0,SPY
2023-01-11 09:30:00+00:00,169.46,178.75,166.95,175.07,44223.0,AAPL
2023-01-11 09:30:00+00:00,259.39,261.24,257.16,258.04,119608.0,MSFT
2023-01-11 09:30:00+00:00,483.2,492.87,458.85,469.53,26806.0,SPY
2023-01-11 10:30:00+00:00,175.69,176.39,173.47,174.37,25560.0,AAPL
2023-01-11 10:30:00+00:00,258.04,263.79,254.39,261.36,52605.0,MSFT
2023-01-11 10:30:00+00:00,469.8,479.76,464.85,474.29,68412.0,SPY
2023-01-11 11:30:00+00:00,173.92,174.49,172.47,173.26,107683.0,AAPL
2023-01-11 11:30:00+00:00,261.15,264.8,251.66,255.45,33374.0,MSFT
2023-01-11 11:30:00+00:00,473.77,477.34,466.73,470.71,28363.0,SPY
2023-01-11 12:30:00+00:00,173.17,174.04,172.3,173.45,44767.0,AAPL
2023-01-11 12:30:00+00:00,255.83,256.54,255.24,255.94,52779.0,MSFT
2023-01-11 12:30:00+00:00,471.05,496.26,458.11,486.38,47109.0,SPY
2023-01-11 13:30:00+00:00,172.77,180.16,168.78,178.19,74547.0,AAPL
2023-01-11 13:30:00+00:00,256.26,260.2,248.19,251.43,38644.0,MSFT
2023-01-11 13:30:00+00:00,485.68,488.85,483.52,486.36,47124.0,SPY
2023-01-11 14:30:00+00:00,177.82,179.07,177.27,178.35,52185.0,AAPL
2023-01-11 14:30:00+00:00,251.08,254.0,249.73,252.23,56005.0,MSFT
2023-01-11 14:30:00+00:00,486.64,497.58,480.65,491.07,71029.0,SPY
2023-01-11 15:30:00+00:00,177.91,187.24,173.04,183.84,77078.0,AAPL
2023-01-11 15:30:00+00:00,252.02,254.26,248.33,250.58,49622.0,MSFT
2023-01-11 15:30:00+00:00,490.33,499.44,484.23,494.57,48422.0,SPY
2023-01-11 16:30:00+00:00,184.02,185.4,182.83,184.35,76619.0,AAPL
2023-01-11 16:30:00+00:00,250.43,256.53,247.98,254.46,46986.0,MSFT
2023-01-11 16:30:00+00:00,494.68,515.33,486.23,507.24,22259.0,SPY
2023-01-11 17:30:00+00:00,184.15,185.07,182.08,183.09,65805.0,AAPL
2023-01-11 17:30:00+00:00,254.85,255.94,253.13,254.19,40373.0,MSFT
2023-01-11 17:30:00+00:00,507.86,509.05,505.44,506.65,27841.0,SPY
2023-01-11 18:30:00+00:00,182.82,183.37,181.47,182.32,55626.0,AAPL
2023-01-11 18:30:00+00:00,254.17,257.5,251.8,256.04,41878.0,MSFT
2023-01-11 18:30:00+00:00,506.29,515.88,503.5,510.67,21292.0,SPY
2023-01-11 19:30:00+00:00,182.47,183.68,180.71,181.44,40840.0,AAPL
2023-01-11 19:30:00+00:00,255.59,266.46,250.55,261.7,39474.0,MSFT
2023-01-11 19:30:00+00:00,511.26,513.9,504.23,506.91,32724.0,SPY
2023-01-11 20:30:00+00:00,181.54,183.85,178.88,179.92,36312.0,AAPL
2023-01-11 20:30:00+00:00,261.68,262.57,260.28,261.46,37618.0,MSFT
2023-01-11 20:30:00+00:00,507.04,513.83,489.14,495.24,33442.0,SPY
2023-01-11 21:30:00+00:00,179.85,181.44,173.55,176.42,52739.0,AAPL
2023-01-11 21:30:00+00:00,261.86,271.31,258.72,266.82,81928.0,MSFT
2023-01-11 21:30:00+00:00,496.83,499.04,492.34,495.09,65044.0,SPY
2023-01-11 22:30:00+00:00,176.56,178.01,175.4,177.36,25588.0,AAPL
2023-01-11 22:30:00+00:00,266.56,272.72,264.38,269.77,39482.0,MSFT
2023-01-11 22:30:00+00:00,494.63,497.49,492.34,495.99,60884.0,SPY
2023-01-11 23:30:00+00:00,177.53,181.45,176.18,179.4,67209.0,AAPL
2023-01-11 23:30:00+00:00,270.02,274.99,267.09,273.62,44187.0,MSFT
2023-01-11 23:30:00+00:00,496.66,502.58,486.5,491.27,27943.0,SPY
2023-01-12 00:30:00+00:00,179.8,180.14,179.06,179.46,150293.0,AAPL
2023-01-12 00:30:00+00:00,274.39,276.65,268.89,270.77,52678.0,MSFT
2023-01-12 00:30:00+00:00,491.01,495.29,478.97,484.94,33746.0,SPY
2023-01-12 01:30:00+00:00,179.76,182.26,176.0,177.3,61097.0,AAPL
2023-01-12 01:30:00+00:00,271.12,272.52,270.07,271.73,36545.0,MSFT
2023-01-12 01:30:00+00:00,485.11,490.11,480.91,487.03,66330.0,SPY
2023-01-12 02:30:00+00:00,177.68,179.43,176.18,178.79,13060.0,AAPL
2023-01-12 02:30:00+00:00,272.14,272.81,271.55,272.44,92220.0,MSFT
2023-01-12 02:30:00+00:00,486.92,489.48,483.57,488.06,71651.0,SPY
2023-01-12 03:30:00+00:00,179.13,179.46,178.55,178.9,56473.0,AAPL
2023-01-12 03:30:00+00:00,272.16,279.7,269.79,275.6,48666.0,MSFT
2023-01-12 03:30:00+00:00,489.42,491.89,482.99,486.42,27807.0,SPY
2023-01-12 04:30:00+00:00,179.04,179.97,176.73,177.89,19632.0,AAPL
2023-01-12 04:30:00+00:00,275.42,283.78,273.17,280.4,18606.0,MSFT
2023-01-12 04:30:00+00:00,485.69,515.65,468.68,506.33,39340.0,SPY
2023-01-12 05:30:00+00:00,178.03,181.22,176.02,179.78,170619.0,AAPL
2023-01-12 05:30:00+00:00,280.33,287.26,277.18,284.8,73533.0,MSFT
2023-01-12 05:30:00+00:00,506.15,508.92,503.08,505.94,59567.0,SPY
2023-01-12 06:30:00+00:00,179.59,185.88,177.23,183.47,58532.0,AAPL
2023-01-12 06:30:00+00:00,284.25,291.37,280.74,287.63,79664.0,MSFT
2023-01-12 06:30:00+00:00,506.59,523.44,496.66,515.01,36135.0,SPY
2023-01-12 07:30:00+00:00,183.97,185.85,180.6,181.76,94218.0,AAPL
2023-01-12 07:30:00+00:00,288.47,290.37,283.87,285.48,36840.0,MSFT
2023-01-12 07:30:00+00:00,515.45,522.25,502.93,506.87,87109.0,SPY
2023-01-12 08:30:00+00:00,181.86,183.99,176.18,179.09,139972.0,AAPL
2023-01-12 08:30:00+00:00,286.09,287.2,281.36,283.61,25684.0,MSFT
2023-01-12 08:30:00+00:00,506.79,527.46,498.75,519.33,59100.0,SPY
2023-01-12 09:30:00+00:00,179.12,184.13,177.38,182.02,82694.0,AAPL
2023-01-12 09:30:00+00:00,283.89,287.23,282.54,285.89,24492.0,MSFT
2023-01-12 09:30:00+00:00,519.94,525.0,513.82,516.9,13462.0,SPY
2023-01-12 10:30:00+00:00,182.51,183.33,181.31,182.04,72858.0,AAPL
2023-01-12 10:30:00+00:00,285.29,288.25,278.68,281.15,21626.0,MSFT
2023-01-12 10:30:00+00:00,516.97,521.74,506.04,511.91,63330.0,SPY
2023-01-12 11:30:00+00:00,182.02,190.14,177.69,187.05,46346.0,AAPL
2023-01-12 11:30:00+00:00,280.73,282.13,278.58,279.87,28733.0,MSFT
2023-01-12 11:30:00+00:00,513.11,516.76,503.08,508.17,35932.0,SPY
2023-01-12 12:30:00+00:00,187.0,190.43,184.7,188.76,73434.0,AAPL
2023-01-12 12:30:00+00:00,279.43,280.16,278.56,279.58,25937.0,MSFT
2023-01-12 12:30:00+00:00,506.9,507.75,505.29,506.62,30202.0,SPY
2023-01-12 13:30:00+00:00,188.45,190.95,186.98,189.3,32324.0,AAPL
2023-01-12 13:30:00+00:00,279.32,283.48,277.16,281.65,38958.0,MSFT
2023-01-12 13:30:00+00:00,505.59,508.22,496.73,501.29,52972.0,SPY
2023-01-12 14:30:00+00:00,189.48,191.33,184.62,187.02,57583.0,AAPL
2023-01-12 14:30:00+00:00,281.52,285.51,279.78,284.22,22439.0,MSFT
2023-01-12 14:30:00+00:00,501.25,510.27,489.24,492.88,27104.0,SPY
2023-01-12 15:30:00+00:00,186.77,188.49,182.38,183.69,106325.0,AAPL
2023-01-12 15:30:00+00:00,285.07,289.09,275.95,279.46,47322.0,MSFT
2023-01-12 15:30:00+00:00,494.08,498.38,487.58,490.57,22153.0,SPY
2023-01-12 16:30:00+00:00,183.98,187.93,181.48,186.37,62937.0,AAPL
2023-01-12 16:30:00+00:00,279.83,286.06,277.61,282.36,45794.0,MSFT
2023-01-12 16:30:00+00:00,490.0,496.86,476.31,482.48,50108.0,SPY
2023-01-12 17:30:00+00:00,186.75,187.6,185.84,187.02,17571.0,AAPL
2023-01-12 17:30:00+00:00,282.35,289.18,271.81,274.56,76168.0,MSFT
2023-01-12 17:30:00+00:00,483.81,486.23,476.74,479.51,26832.0,SPY
2023-01-12 18:30:00+00:00,187.2,188.07,183.32,185.51,60439.0,AAPL
2023-01-12 18:30:00+00:00,274.19,275.52,270.19,272.06,24831.0,MSFT
2023-01-12 18:30:00+00:00,479.99,484.87,474.2,476.44,68040.0,SPY
2023-01-12 19:30:00+00:00,185.75,187.26,181.61,183.67,73576.0,AAPL
2023-01-12 19:30:00+00:00,271.65,278.09,268.94,275.95,44838.0,MSFT
2023-01-12 19:30:00+00:00,476.8,482.93,463.6,469.2,15656.0,SPY
2023-01-12 20:30:00+00:00,183.63,185.36,181.23,182.68,132975.0,AAPL
2023-01-12 20:30:00+00:00,275.97,277.38,273.41,274.84,38912.0,MSFT
2023-01-12 20:30:00+00:00,468.25,471.04,467.2,469.48,72795.0,SPY
2023-01-12 21:30:00+00:00,182.85,184.54,178.6,180.02,38203.0,AAPL
2023-01-12 21:30:00+00:00,274.67,278.1,272.79,276.71,70614.0,MSFT
2023-01-12 21:30:00+00:00,470.36,471.65,466.29,467.77,28179.0,SPY
2023-01-12 22:30:00+00:00,179.78,180.68,178.77,179.29,61939.0,AAPL
2023-01-12 22:30:00+00:00,277.05,293.13,270.59,287.39,108103.0,MSFT
2023-01-12 22:30:00+00:00,467.23,469.89,461.13,465.09,24836.0,SPY
2023-01-12 23:30:00+00:00,179.11,180.62,176.23,177.23,37454.0,AAPL
2023-01-12 23:30:00+00:00,287.02,287.57,285.81,286.59,44831.0,MSFT
2023-01-12 23:30:00+00:00,464.16,470.18,450.71,457.35,72994.0,SPY
2023-01-13 00:30:00+00:00,177.55,180.8,175.6,179.73,96410.0,AAPL
2023-01-13 00:30:00+00:00,286.84,287.7,285.2,285.91,62810.0,MSFT
2023-01-13 00:30:00+00:00,456.75,471.43,427.25,440.64,32981.0,SPY
2023-01-13 01:30:00+00:00,179.75,181.33,178.9,180.3,39983.0,AAPL
2023-01-13 01:30:00+00:00,286.0,289.83,274.0,277.19,30942.0,MSFT
2023-01-13 01:30:00+00:00,440.87,465.68,427.94,455.46,37512.0,SPY
2023-01-13 02:30:00+00:00,180.16,181.51,176.06,177.98,54044.0,AAPL
2023-01-13 02:30:00+00:00,278.1,280.38,276.45,278.69,54949.0,MSFT
2023-01-13 02:30:00+00:00,455.17,460.4,452.82,457.9,76182.0,SPY
2023-01-13 03:30:00+00:00,177.78,179.62,173.85,175.78,34764.0,AAPL
2023-01-13 03:30:00+00:00,278.4,291.19,275.22,284.81,78036.0,MSFT
2023-01-13 03:30:00+00:00,456.99,459.15,453.07,454.93,90829.0,SPY
2023-01-13 04:30:00+00:00,175.43,180.25,172.83,178.78,73503.0,AAPL
2023-01-13 04:30:00+00:00,285.03,287.5,283.32,285.78,25511.0,MSFT
2023-01-13 04:30:00+00:00,455.45,459.18,453.65,457.49,101978.0,SPY
2023-01-13 05:30:00+00:00,178.35,183.18,176.94,180.52,55391.0,AAPL
2023-01-13 05:30:00+00:00,286.23,287.29,285.35,286.24,30726.0,MSFT
2023-01-13 05:30:00+00:00,457.97,458.84,455.38,457.29,45616.0,SPY
2023-01-13 06:30:00+00:00,180.09,183.14,178.58,181.73,66290.0,AAPL
2023-01-13 06:30:00+00:00,286.28,304.48,275.35,299.36,20793.0,MSFT
2023-01-13 06:30:00+00:00,457.65,458.71,454.52,456.08,54452.0,SPY
2023-01-13 07:30:00+00:00,181.87,185.66,174.33,177.65,43317.0,AAPL
2023-01-13 07:30:00+00:00,299.21,301.52,298.06,300.22,61094.0,MSFT
2023-01-13 07:30:00+00:00,455.87,460.05,436.89,445.36,29813.0,SPY
2023-01-13 08:30:00+00:00,177.51,178.1,176.85,177.17,81392.0,AAPL
2023-01-13 08:30:00+00:00,300.23,302.51,298.44,301.07,50491.0,MSFT
2023-01-13 08:30:00+00:00,445.51,452.44,433.01,436.28,46598.0,SPY
2023-01-13 09:30:00+00:00,177.46,179.13,174.93,175.77,123702.0,AAPL
2023-01-13 09:30:00+00:00,300.22,303.17,298.79,301.7,81304.0,MSFT
2023-01-13 09:30:00+00:00,436.77,444.02,433.17,440.4,44833.0,SPY
2023-01-13 10:30:00+00:00,176.11,177.51,175.54,176.73,64379.0,AAPL
2023-01-13 10:30:00+00:00,301.9,305.38,295.32,297.27,136680.0,MSFT
2023-01-13 10:30:00+00:00,441.04,450.61,435.45,447.47,37913.0,SPY
2023-01-13 11:30:00+00:00,176.86,179.82,175.53,178.71,42247.0,AAPL
2023-01-13 11:30:00+00:00,297.43,303.85,295.11,300.8,33620.0,MSFT
2023-01-13 11:30:00+00:00,448.33,461.33,441.38,456.19,45285.0,SPY
2023-01-13 12:30:00+00:00,178.68,184.26,176.83,181.33,26224.0,AAPL
2023-01-13 12:30:00+00:00,300.96,310.94,296.72,306.81,103265.0,MSFT
2023-01-13 12:30:00+00:00,455.44,459.27,444.65,447.79,152184.0,SPY
2023-01-13 13:30:00+00:00,181.41,186.49,179.87,184.36,47655.0,AAPL
2023-01-13 13:30:00+00:00,306.89,314.56,304.86,312.01,59677.0,MSFT
2023-01-13 13:30:00+00:00,448.07,459.99,444.2,453.65,64120.0,SPY
2023-01-13 14:30:00+00:00,184.28,186.51,176.53,180.16,78377.0,AAPL
2023-01-13 14:30:00+00:00,311.62,319.42,308.72,316.13,50615.0,MSFT
2023-01-13 14:30:00+00:00,453.92,482.95,444.62,471.26,12087.0,SPY
2023-01-13 15:30:00+00:00,180.57,184.82,178.39,183.31,31893.0,AAPL
2023-01-13 15:30:00+00:00,316.79,318.39,309.89,312.78,28608.0,MSFT
2023-01-13 15:30:00+00:00,472.13,478.73,469.34,476.25,27849.0,SPY
2023-01-13 16:30:00+00:00,183.33,185.83,178.68,180.9,45469.0,AAPL
2023-01-13 16:30:00+00:00,313.35,314.48,309.05,310.72,99721.0,MSFT
2023-01-13 16:30:00+00:00,476.83,484.85,471.06,481.29,28952.0,SPY
2023-01-13 17:30:00+00:00,180.61,187.48,178.7,184.91,71301.0,AAPL
2023-01-13 17:30:00+00:00,310.18,336.11,298.21,324.29,49200.0,MSFT
2023-01-13 17:30:00+00:00,480.47,490.84,475.35,485.28,73831.0,SPY
2023-01-13 18:30:00+00:00,185.32,192.47,182.74,189.12,39202.0,AAPL
2023-01-13 18:30:00+00:00,323.62,329.19,314.29,318.48,66011.0,MSFT
2023-01-13 18:30:00+00:00,484.97,490.55,466.04,472.47,48838.0,SPY
2023-01-13 19:30:00+00:00,188.89,191.98,181.39,185.23,21992.0,AAPL
2023-01-13 19:30:00+00:00,317.7,320.15,309.33,312.06,81747.0,MSFT
2023-01-13 19:30:00+00:00,471.05,482.58,462.86,479.28,73790.0,SPY
2023-01-13 20:30:00+00:00,184.81,186.97,183.69,185.88,36257.0,AAPL
2023-01-13 20:30:00+00:00,311.3,313.27,310.59,312.0,49774.0,MSFT
2023-01-13 20:30:00+00:00,479.21,492.11,472.48,486.75,66975.0,SPY
2023-01-13 21:30:00+00:00,186.11,186.87,184.84,185.77,45403.0,AAPL
2023-01-13 21:30:00+00:00,311.58,318.03,299.29,305.17,55774.0,MSFT
2023-01-13 21:30:00+00:00,487.12,488.33,483.58,486.45,50674.0,SPY
2023-01-13 22:30:00+00:00,185.76,186.95,184.41,185.27,38263.0,AAPL
2023-01-13 22:30:00+00:00,305.67,310.63,297.26,299.68,40733.0,MSFT
2023-01-13 22:30:00+00:00,487.06,492.54,477.14,481.54,41323.0,SPY
2023-01-13 23:30:00+00:00,185.25,187.74,184.5,186.44,58830.0,AAPL
2023-01-13 23:30:00+00:00,299.9,305.21,289.56,293.24,54241.0,MSFT
2023-01-13 23:30:00+00:00,482.44,484.41,474.56,479.08,65775.0,SPY
2023-01-14 00:30:00+00:00,186.51,187.35,185.36,186.78,132593.0,AAPL
2023-01-14 00:30:00+00:00,292.75,295.54,284.08,288.21,78225.0,MSFT
2023-01-14 00:30:00+00:00,479.22,484.76,476.2,481.76,134913.0,SPY
2023-01-14 01:30:00+00:00,186.78,189.45,176.01,179.64,74292.0,AAPL
2023-01-14 01:30:00+00:00,287.74,289.04,286.77,287.35,26647.0,MSFT
2023-01-14 01:30:00+00:00,481.76,495.33,473.56,489.92,64255.0,SPY
2023-01-14 02:30:00+00:00,179.63,180.69,177.26,178.6,28285.0,AAPL
2023-01-14 02:30:00+00:00,287.94,293.25,285.55,290.57,147919.0,MSFT
2023-01-14 02:30:00+00:00,489.53,493.15,487.59,490.87,55218.0,SPY
2023-01-14 03:30:00+00:00,178.7,179.91,176.8,177.36,52575.0,AAPL
2023-01-14 03:30:00+00:00,290.92,292.08,289.81,291.21,88147.0,MSFT
2023-01-14 03:30:00+00:00,491.33,495.51,488.34,493.59,60379.0,SPY
2023-01-14 04:30:00+00:00,177.37,179.93,176.6,178.29,27442.0,AAPL
2023-01-14 04:30:00+00:00,291.3,298.17,288.78,294.64,29634.0,MSFT
2023-01-14 04:30:00+00:00,492.24,498.35,490.34,494.38,26587.0,SPY
2023-01-14 05:30:00+00:00,178.13,184.56,176.23,182.7,76618.0,AAPL
2023-01-14 05:30:00+00:00,294.86,297.27,289.75,292.92,69891.0,MSFT
2023-01-14 05:30:00+00:00,495.53,500.35,486.93,490.25,103907.0,SPY
2023-01-14 06:30:00+00:00,183.11,189.99,181.11,186.3,74984.0,AAPL
2023-01-14 06:30:00+00:00,292.7,301.0,274.82,281.44,62044.0,MSFT
2023-01-14 06:30:00+00:00,490.2,496.41,477.59,483.99,51624.0,SPY
2023-01-14 07:30:00+00:00,186.38,188.46,185.21,187.5,59220.0,AAPL
2023-01-14 07:30:00+00:00,281.89,285.16,274.49,278.19,185866.0,MSFT
2023-01-14 07:30:00+00:00,484.1,489.77,480.18,485.84,100328.0,SPY
2023-01-14 08:30:00+00:00,187.62,189.46,186.64,188.53,59248.0,AAPL
2023-01-14 08:30:00+00:00,278.82,282.57,266.03,271.07,32167.0,MSFT
2023-01-14 08:30:00+00:00,486.2,487.49,482.44,484.67,76334.0,SPY
2023-01-14 09:30:00+00:00,188.39,191.93,186.44,190.31,15109.0,AAPL
2023-01-14 09:30:00+00:00,270.96,273.87,269.62,272.02,93318.0,MSFT
2023-01-14 09:30:00+00:00,485.84,487.91,483.42,486.05,52312.0,SPY
2023-01-14 10:30:00+00:00,190.34,193.14,179.45,183.64,31515.0,AAPL
2023-01-14 10:30:00+00:00,271.6,275.94,270.45,274.13,37636.0,MSFT
2023-01-14 10:30:00+00:00,485.34,517.2,468.46,503.74,42973.0,SPY
2023-01-14 11:30:00+00:00,184.01,185.93,179.64,181.46,52163.0,AAPL
2023-01-14 11:30:00+00:00,274.07,275.64,270.31,271.63,46174.0,MSFT
2023-01-14 11:30:00+00:00,503.3,515.58,500.01,510.14,64140.0,SPY
2023-01-14 12:30:00+00:00,181.38,186.07,178.32,184.51,27507.0,AAPL
2023-01-14 12:30:00+00:00,271.44,272.0,270.4,271.0,39830.0,MSFT
2023-01-14 12:30:00+00:00,510.26,516.46,495.91,500.84,103958.0,SPY
2023-01-14 13:30:00+00:00,184.37,189.88,181.72,187.12,86643.0,AAPL
2023-01-14 13:30:00+00:00,271.09,276.01,268.54,273.46,36584.0,MSFT
2023-01-14 13:30:00+00:00,501.58,508.63,497.82,505.67,43035.0,SPY
2023-01-14 14:30:00+00:00,187.3,191.0,186.01,189.91,84802.0,AAPL
2023-01-14 14:30:00+00:00,273.49,282.11,270.02,278.31,62038.0,MSFT
2023-01-14 14:30:00+00:00,504.56,512.0,500.85,507.6,96933.0,SPY
2023-01-14 15:30:00+00:00,189.96,192.13,189.01,191.25,40347.0,AAPL
2023-01-14 15:30:00+00:00,278.05,280.95,271.16,275.18,53656.0,MSFT
2023-01-14 15:30:00+00:00,507.84,530.93,501.28,523.7,77346.0,SPY
2023-01-14 16:30:00+00:00,191.73,197.3,189.65,195.04,46155.0,AAPL
2023-01-14 16:30:00+00:00,275.07,282.15,271.22,278.97,95807.0,MSFT
2023-01-14 16:30:00+00:00,523.62,533.94,518.71,529.01,125743.0,SPY
2023-01-14 17:30:00+00:00,195.14,198.09,194.25,196.53,32182.0,AAPL
2023-01-14 17:30:00+00:00,279.08,280.91,275.36,276.86,40633.0,MSFT
2023-01-14 17:30:00+00:00,528.41,547.85,516.08,540.5,55014.0,SPY
2023-01-14 18:30:00+00:00,196.27,199.74,194.29,198.68,54633.0,AAPL
2023-01-14 18:30:00+00:00,277.23,283.85,273.81,280.46,46584.0,MSFT
2023-01-14 18:30:00+00:00,541.0,555.31,536.5,547.53,118843.0,SPY
2023-01-14 19:30:00+00:00,198.84,200.72,193.77,196.04,55789.0,AAPL
2023-01-14 19:30:00+00:00,280.67,289.93,262.21,269.44,35527.0,MSFT
2023-01-14 19:30:00+00:00,547.06,556.94,544.31,552.8,73850.0,SPY
2023-01-14 20:30:00+00:00,195.62,196.53,193.04,193.96,34428.0,AAPL
2023-01-14 20:30:00+00:00,269.13,270.82,265.47,267.67,43527.0,MSFT
2023-01-14 20:30:00+00:00,552.71,563.17,532.01,538.67,50627.0,SPY
2023-01-14 21:30:00+00:00,193.92,194.67,193.16,193.92,182009.0,AAPL
2023-01-14 21:30:00+00:00,267.27,270.3,266.17,269.08,49870.0,MSFT
2023-01-14 21:30:00+00:00,539.28,555.07,533.19,548.37,121080.0,SPY
2023-01-14 22:30:00+00:00,194.37,196.39,190.88,191.93,79039.0,AAPL
2023-01-14 22:30:00+00:00,268.96,272.32,259.47,263.97,100530.0,MSFT
2023-01-14 22:30:00+00:00,547.72,572.45,532.9,565.27,36179.0,SPY
2023-01-14 23:30:00+00:00,192.59,201.37,189.34,198.02,37018.0,AAPL
2023-01-14 23:30:00+00:00,264.73,268.84,247.16,254.07,30034.0,MSFT
2023-01-14 23:30:00+00:00,565.25,568.47,559.61,562.81,64416.0,SPY
2023-01-15 00:30:00+00:00,197.77,203.04,196.37,200.46,42632.0,AAPL
2023-01-15 00:30:00+00:00,254.18,256.44,246.52,249.41,31259.0,MSFT
2023-01-15 00:30:00+00:00,563.01,584.73,550.04,578.16,48601.0,SPY
2023-01-15 01:30:00+00:00,200.2,201.98,198.98,200.71,58497.0,AAPL
2023-01-15 01:30:00+00:00,249.08,249.68,247.76,248.3,89821.0,MSFT
2023-01-15 01:30:00+00:00,579.55,591.3,559.47,567.85,72647.0,SPY
2023-01-15 02:30:00+00:00,200.13,208.26,195.64,205.29,82817.0,AAPL
2023-01-15 02:30:00+00:00,248.12,250.97,246.93,249.83,67603.0,MSFT
2023-01-15 02:30:00+00:00,567.75,575.14,563.51,570.45,46351.0,SPY
2023-01-15 03:30:00+00:00,205.94,209.73,204.26,208.7,76813.0,AAPL
2023-01-15 03:30:00+00:00,250.48,254.3,247.98,252.03,42619.0,MSFT
2023-01-15 03:30:00+00:00,571.09,577.7,567.36,574.41,33466.0,SPY
2023-01-15 04:30:00+00:00,208.63,210.29,202.5,205.23,28612.0,AAPL
2023-01-15 04:30:00+00:00,252.04,252.77,251.27,251.86,21374.0,MSFT
2023-01-15 04:30:00+00:00,573.23,594.63,563.43,585.21,46846.0,SPY
2023-01-15 05:30:00+00:00,204.88,208.17,203.57,206.43,50370.0,AAPL
2023-01-15 05:30:00+00:00,251.82,255.25,244.12,246.07,67768.0,MSFT
2023-01-15 05:30:00+00:00,584.85,600.68,576.8,594.71,22415.0,SPY
2023-01-15 06:30:00+00:00,206.86,209.85,205.91,208.42,65626.0,AAPL
2023-01-15 06:30:00+00:00,245.98,248.44,240.41,241.94,40474.0,MSFT
2023-01-15 06:30:00+00:00,595.07,601.41,588.13,591.33,69585.0,SPY
2023-01-15 07:30:00+00:00,208.5,214.75,206.48,211.29,105110.0,AAPL
2023-01-15 07:30:00+00:00,241.82,245.25,239.96,243.69,39612.0,MSFT
2023-01-15 07:30:00+00:00,591.6,620.15,584.16,610.66,28562.0,SPY
2023-01-15 08:30:00+00:00,211.63,217.47,210.16,214.43,183810.0,AAPL
2023-01-15 08:30:00+00:00,243.51,250.37,240.16,247.0,26705.0,MSFT
2023-01-15 08:30:00+00:00,609.41,618.74,594.87,599.48,44591.0,SPY
2023-01-15 09:30:00+00:00,214.44,215.98,209.58,211.62,85452.0,AAPL
2023-01-15 09:30:00+00:00,247.57,247.94,246.69,247.33,42017.0,MSFT
2023-01-15 09:30:00+00:00,599.16,605.32,590.75,594.67,54532.0,SPY
2023-01-15 10:30:00+00:00,211.25,212.76,209.36,210.44,66619.0,AAPL
2023-01-15 10:30:00+00:00,247.6,257.83,244.68,254.55,74969.0,MSFT
2023-01-15 10:30:00+00:00,594.51,599.01,585.53,590.86,28845.0,SPY
2023-01-15 11:30:00+00:00,210.8,212.15,209.48,210.08,103572.0,AAPL
2023-01-15 11:30:00+00:00,253.7,256.34,250.97,252.14,14801.0,MSFT
2023-01-15 11:30:00+00:00,590.15,600.94,563.9,573.82,36398.0,SPY
2023-01-15 12:30:00+00:00,209.76,219.44,206.04,215.32,21081.0,AAPL
2023-01-15 12:30:00+00:00,252.53,253.45,250.94,252.02,102617.0,MSFT
2023-01-15 12:30:00+00:00,574.21,580.93,559.18,565.28,71347.0,SPY
2023-01-15 13:30:00+00:00,215.21,223.06,213.38,220.18,39398.0,AAPL
2023-01-15 13:30:00+00:00,252.11,253.39,251.27,252.73,47538.0,MSFT
2023-01-15 13:30:00+00:00,565.67,569.67,563.15,566.95,25954.0,SPY
2023-01-15 14:30:00+00:00,220.56,227.96,217.91,225.2,105447.0,AAPL
2023-01-15 14:30:00+00:00,253.29,254.17,250.71,251.85,67338.0,MSFT
2023-01-15 14:30:00+00:00,566.15,598.0,559.07,584.61,17056.0,SPY
2023-01-15 15:30:00+00:00,225.53,238.57,220.41,232.2,29990.0,AAPL
2023-01-15 15:30:00+00:00,251.99,256.89,243.35,246.8,68317.0,MSFT
2023-01-15 15:30:00+00:00,583.95,604.1,576.53,598.52,78206.0,SPY
2023-01-15 16:30:00+00:00,232.04,234.29,226.42,228.66,40631.0,AAPL
2023-01-15 16:30:00+00:00,247.07,252.0,236.28,241.77,39374.0,MSFT
2023-01-15 16:30:00+00:00,598.84,601.82,596.73,599.33,34323.0,SPY
2023-01-15 17:30:00+00:00,229.03,232.66,218.53,222.84,55689.0,AAPL
2023-01-15 17:30:00+00:00,241.85,242.71,241.22,241.89,56137.0,MSFT
2023-01-15 17:30:00+00:00,599.06,612.08,592.49,605.26,81594.0,SPY
2023-01-15 18:30:00+00:00,223.28,224.77,222.51,223.55,49384.0,AAPL
2023-01-15 18:30:00+00:00,241.62,245.32,240.32,243.43,55350.0,MSFT
2023-01-15 18:30:00+00:00,604.92,618.36,565.47,582.8,83910.0,SPY
2023-01-15 19:30:00+00:00,223.24,224.31,221.98,222.66,53670.0,AAPL
2023-01-15 19:30:00+00:00,242.89,255.75,238.44,250.11,47170.0,MSFT
2023-01-15 19:30:00+00:00,581.85,589.39,577.16,585.56,76980.0,SPY
2023-01-15 20:30:00+00:00,222.68,228.24,221.28,226.28,57850.0,AAPL
2023-01-15 20:30:00+00:00,249.46,252.45,248.07,250.34,18562.0,MSFT
2023-01-15 20:30:00+00:00,584.68,612.43,576.74,599.16,40375.0,SPY
2023-01-15 21:30:00+00:00,226.57,235.56,224.38,231.59,24386.0,AAPL
2023-01-15 21:30:00+00:00,250.51,259.12,231.58,240.16,101917.0,MSFT
2023-01-15 21:30:00+00:00,599.8,607.3,586.44,591.15,64236.0,SPY
2023-01-15 22:30:00+00:00,231.27,234.56,229.76,232.84,57509.0,AAPL
2023-01-15 22:30:00+00:00,240.36,242.51,232.41,235.11,51785.0,MSFT
2023-01-15 22:30:00+00:00,590.1,609.17,585.3,600.74,12451.0,SPY
2023-01-15 23:30:00+00:00,232.71,233.64,229.68,231.38,42544.0,AAPL
2023-01-15 23:30:00+00:00,235.35,240.11,225.53,229.31,41919.0,MSFT
2023-01-15 23:30:00+00:00,600.48,604.67,580.5,589.96,49082.0,SPY
2023-01-16 00:30:00+00:00,232.01,233.75,228.17,229.86,30545.0,AAPL
2023-01-16 00:30:00+00:00,229.38,231.85,223.94,226.07,39614.0,MSFT
2023-01-16 00:30:00+00:00,590.21,591.85,589.31,590.28,57343.0,SPY
2023-01-16 01:30:00+00:00,229.06,238.01,226.01,233.95,53647.0,AAPL
2023-01-16 01:30:00+00:00,226.24,228.59,225.19,227.72,82585.0,MSFT
2023-01-16 01:30:00+00:00,589.24,594.91,586.23,591.12,54932.0,SPY
2023-01-16 02:30:00+00:00,233.1,240.37,229.5,238.4,29717.0,AAPL
2023-01-16 02:30:00+00:00,227.42,230.06,226.15,228.76,64177.0,MSFT
2023-01-16 02:30:00+00:00,592.55,600.54,589.23,595.45,80359.0,SPY
2023-01-16 03:30:00+00:00,238.57,242.86,236.06,241.08,42015.0,AAPL
2023-01-16 03:30:00+00:00,229.36,230.65,228.38,229.8,69122.0,MSFT
2023-01-16 03:30:00+00:00,595.24,603.59,592.34,600.16,43541.0,SPY
2023-01-16 04:30:00+00:00,241.32,245.44,233.17,236.47,54846.0,AAPL
2023-01-16 04:30:00+00:00,229.88,233.82,222.86,224.92,37953.0,MSFT
2023-01-16 04:30:00+00:00,600.55,623.97,591.31,614.27,40679.0,SPY
2023-01-16 05:30:00+00:00,236.81,246.71,233.65,242.44,128097.0,AAPL
2023-01-16 05:30:00+00:00,224.93,226.96,222.8,223.68,54462.0,MSFT
2023-01-16 05:30:00+00:00,615.2,628.81,609.22,622.22,93359.0,SPY
2023-01-16 06:30:00+00:00,241.93,244.06,239.62,240.93,84778.0,AAPL
2023-01-16 06:30:00+00:00,223.95,224.32,223.22,223.56,31224.0,MSFT
2023-01-16 06:30:00+00:00,622.79,624.37,620.49,622.29,11738.0,SPY
2023-01-16 07:30:00+00:00,240.92,247.32,239.3,243.99,10123.0,AAPL
2023-01-16 07:30:00+00:00,223.79,235.59,217.89,230.7,91705.0,MSFT
2023-01-16 07:30:00+00:00,622.37,627.13,618.17,620.21,41288.0,SPY
2023-01-16 08:30:00+00:00,243.52,246.97,234.13,238.23,51801.0,AAPL
2023-01-16 08:30:00+00:00,230.24,238.41,225.96,235.39,90025.0,MSFT
2023-01-16 08:30:00+00:00,618.74,624.67,607.76,611.18,53097.0,SPY
2023-01-16 09:30:00+00:00,238.19,244.23,236.74,241.63,33042.0,AAPL
2023-01-16 09:30:00+00:00,235.89,237.91,233.35,234.76,56787.0,MSFT
2023-01-16 09:30:00+00:00,610.37,613.15,602.22,606.86,68296.0,SPY
2023-01-16 10:30:00+00:00,242.23,249.05,239.93,246.49,64484.0,AAPL
2023-01-16 10:30:00+00:00,234.55,239.54,232.61,237.91,75196.0,MSFT
2023-01-16 10:30:00+00:00,606.89,616.9,577.84,590.78,33586.0,SPY
2023-01-16 11:30:00+00:00,245.62,246.09,245.29,245.69,72303.0,AAPL
2023-01-16 11:30:00+00:00,237.92,238.98,237.44,238.4,50609.0,MSFT
2023-01-16 11:30:00+00:00,590.88,599.19,564.67,575.6,56731.0,SPY
2023-01-16 12:30:00+00:00,245.84,248.14,244.49,246.97,78594.0,AAPL
2023-01-16 12:30:00+00:00,238.26,239.75,236.74,237.38,97620.0,MSFT
2023-01-16 12:30:00+00:00,575.14,586.02,570.78,581.52,35814.0,SPY
2023-01-16 13:30:00+00:00,246.79,248.6,245.93,247.23,72075.0,AAPL
2023-01-16 13:30:00+00:00,237.03,237.76,234.98,236.18,22172.0,MSFT
2023-01-16 13:30:00+00:00,581.77,594.12,575.02,586.98,30037.0,SPY
2023-01-16 14:30:00+00:00,247.09,250.3,245.25,248.95,109444.0,AAPL
2023-01-16 14:30:00+00:00,236.09,240.42,226.34,230.02,57499.0,MSFT
2023-01-16 14:30:00+00:00,585.22,597.97,579.63,593.1,22211.0,SPY
2023-01-16 15:30:00+00:00,249.37,254.41,238.62,241.88,20030.0,AAPL
2023-01-16 15:30:00+00:00,230.03,239.57,227.45,235.53,71167.0,MSFT
2023-01-16 15:30:00+00:00,593.23,597.94,582.27,588.05,42525.0,SPY
2023-01-16 16:30:00+00:00,241.5,244.06,234.34,237.64,109686.0,AAPL
2023-01-16 16:30:00+00:00,236.15,237.14,234.97,236.03,49867.0,MSFT
2023-01-16 16:30:00+00:00,588.36,595.1,584.36,591.76,115134.0,SPY
2023-01-16 17:30:00+00:00,237.91,241.67,236.83,240.2,41069.0,AAPL
2023-01-16 17:30:00+00:00,236.07,239.54,229.68,231.9,69698.0,MSFT
2023-01-16 17:30:00+00:00,591.58,601.04,561.52,575.35,83322.0,SPY
2023-01-16 18:30:00+00:00,240.5,245.74,237.59,242.67,29286.0,AAPL
2023-01-16 18:30:00+00:00,232.14,234.99,227.71,230.35,34156.0,MSFT
2023-01-16 18:30:00+00:00,575.34,585.39,570.37,582.6,74161.0,SPY
2023-01-16 19:30:00+00:00,243.02,246.98,241.12,245.36,42111.0,AAPL
2023-01-16 19:30:00+00:00,230.26,231.73,227.25,228.37,31366.0,MSFT
2023-01-16 19:30:00+00:00,581.67,593.03,578.19,588.77,31086.0,SPY
2023-01-16 20:30:00+00:00,245.12,247.91,243.76,246.79,38070.0,AAPL
2023-01-16 20:30:00+00:00,228.51,229.29,227.18,227.79,71141.0,MSFT
2023-01-16 20:30:00+00:00,587.84,608.74,578.43,601.4,43783.0,SPY
2023-01-16 21:30:00+00:00,246.7,248.84,241.71,243.9,53194.0,AAPL
2023-01-16 21:30:00+00:00,227.82,229.6,225.16,226.14,18180.0,MSFT
2023-01-16 21:30:00+00:00,601.88,609.52,598.17,604.25,38711.0,SPY
2023-01-16 22:30:00+00:00,243.93,244.73,241.11,242.67,31606.0,AAPL
2023-01-16 22:30:00+00:00,226.11,236.17,222.48,231.77,33139.0,MSFT
2023-01-16 22:30:00+00:00,603.79,608.95,602.05,605.76,39070.0,SPY
2023-01-16 23:30:00+00:00,242.11,243.37,241.01,241.59,70077.0,AAPL
2023-01-16 23:30:00+00:00,231.78,235.71,221.53,225.95,48789.0,MSFT
2023-01-16 23:30:00+00:00,605.31,614.1,584.59,593.55,48993.0,SPY
2023-01-17 00:30:00+00:00,241.78,248.45,239.82,244.95,26803.0,AAPL
2023-01-17 00:30:00+00:00,225.76,233.04,221.98,229.56,49527.0,MSFT
2023-01-17 00:30:00+00:00,592.38,613.03,582.17,605.57,62620.0,SPY
2023-01-17 01:30:00+00:00,245.11,247.79,239.05,241.86,29368.0,AAPL
2023-01-17 01:30:00+00:00,229.69,230.39,227.68,229.13,32985.0,MSFT
2023-01-17 01:30:00+00:00,607.09,607.78,605.58,606.88,41079.0,SPY
2023-01-17 02:30:00+00:00,241.72,242.59,238.53,240.23,54205.0,AAPL
2023-01-17 02:30:00+00:00,228.35,234.38,225.53,232.51,25306.0,MSFT
2023-01-17 02:30:00+00:00,606.16,611.05,597.47,602.32,73322.0,SPY
2023-01-17 03:30:00+00:00,240.43,240.83,239.52,240.44,52577.0,AAPL
2023-01-17 03:30:00+00:00,232.8,234.94,228.65,230.71,46458.0,MSFT
2023-01-17 03:30:00+00:00,603.85,606.99,602.65,605.81,60418.0,SPY
2023-01-17 04:30:00+00:00,240.42,242.52,230.92,235.89,114821.0,AAPL
2023-01-17 04:30:00+00:00,230.4,233.22,224.78,227.35,40083.0,MSFT
2023-01-17 04:30:00+00:00,607.21,630.77,596.04,620.7,100682.0,SPY
2023-01-17 05:30:00+00:00,235.94,236.5,233.52,234.73,83693.0,AAPL
2023-01-17 05:30:00+00:00,227.16,229.69,226.09,228.06,34747.0,MSFT
2023-01-17 05:30:00+00:00,621.07,658.86,602.17,644.8,39415.0,SPY
2023-01-17 06:30:00+00:00,235.02,237.18,232.29,233.83,45157.0,AAPL
2023-01-17 06:30:00+00:00,228.2,241.01,224.45,235.5,34873.0,MSFT
2023-01-17 06:30:00+00:00,645.98,647.44,642.97,645.58,30077.0,SPY
2023-01-17 07:30:00+00:00,233.91,234.49,232.86,233.61,90145.0,AAPL
2023-01-17 07:30:00+00:00,236.18,240.18,227.64,231.25,59515.0,MSFT
2023-01-17 07:30:00+00:00,645.99,652.64,622.64,633.37,15016.0,SPY
2023-01-17 08:30:00+00:00,233.33,235.38,230.03,231.33,17293.0,AAPL
2023-01-17 08:30:00+00:00,231.02,235.79,228.97,233.87,55278.0,MSFT
2023-01-17 08:30:00+00:00,634.29,638.88,628.61,631.82,122745.0,SPY
2023-01-17 09:30:00+00:00,231.01,236.85,228.68,234.37,83010.0,AAPL
2023-01-17 09:30:00+00:00,233.26,242.43,230.36,239.03,56080.0,MSFT
2023-01-17 09:30:00+00:00,631.26,637.97,627.99,634.09,79353.0,SPY
2023-01-17 10:30:00+00:00,234.32,235.12,231.15,232.72,56865.0,AAPL
2023-01-17 10:30:00+00:00,238.4,243.45,235.96,240.89,107685.0,MSFT
2023-01-17 10:30:00+00:00,632.52,636.85,630.4,634.36,70708.0,SPY
2023-01-17 11:30:00+00:00,232.59,240.9,230.29,237.6,40866.0,AAPL
2023-01-17 11:30:00+00:00,241.05,242.58,239.73,240.57,27097.0,MSFT
2023-01-17 11:30:00+00:00,633.99,650.75,628.73,641.17,39480.0,SPY
2023-01-17 12:30:00+00:00,237.58,240.03,228.47,232.7,62473.0,AAPL
2023-01-17 12:30:00+00:00,241.23,254.89,236.58,248.18,79825.0,MSFT
2023-01-17 12:30:00+00:00,640.37,644.19,639.12,641.73,52109.0,SPY
2023-01-17 13:30:00+00:00,232.82,233.8,231.0,231.68,43234.0,AAPL
2023-01-17 13:30:00+00:00,247.78,249.2,247.24,248.5,39922.0,MSFT
2023-01-17 13:30:00+00:00,641.51,645.27,638.77,642.81,51085.0,SPY
2023-01-17 14:30:00+00:00,232.1,233.68,229.2,230.94,61139.0,AAPL
2023-01-17 14:30:00+00:00,247.94,253.41,244.1,251.68,74869.0,MSFT
2023-01-17 14:30:00+00:00,641.96,666.07,628.75,654.06,123918.0,SPY
2023-01-17 15:30:00+00:00,230.63,232.95,229.75,231.4,53569.0,AAPL
2023-01-17 15:30:00+00:00,251.7,253.43,250.82,252.72,44250.0,MSFT
2023-01-17 15:30:00+00:00,654.1,660.79,634.48,640.63,41753.0,SPY
2023-01-17 16:30:00+00:00,231.31,232.78,227.53,228.99,80922.0,AAPL
2023-01-17 16:30:00+00:00,253.39,255.87,252.33,254.96,52650.0,MSFT
2023-01-17 16:30:00+00:00,641.05,647.18,635.02,644.48,80836.0,SPY
2023-01-17 17:30:00+00:00,228.93,230.71,225.18,227.47,32783.0,AAPL
2023-01-17 17:30:00+00:00,254.63,256.03,251.68,253.19,41042.0,MSFT
2023-01-17 17:30:00+00:00,643.86,660.84,633.39,655.07,61819.0,SPY
2023-01-17 18:30:00+00:00,226.95,231.29,219.57,222.37,55193.0,AAPL
2023-01-17 18:30:00+00:00,253.79,255.53,247.85,250.5,36273.0,MSFT
2023-01-17 18:30:00+00:00,654.47,657.01,650.54,652.49,55003.0,SPY
2023-01-17 19:30:00+00:00,222.21,224.05,212.81,216.61,30914.0,AAPL
2023-01-17 19:30:00+00:00,250.37,258.44,246.02,255.38,47889.0,MSFT
2023-01-17 19:30:00+00:00,653.54,654.83,651.07,653.55,43640.0,SPY
2023-01-17 20:30:00+00:00,217.03,226.47,211.75,223.73,106096.0,AAPL
2023-01-17 20:30:00+00:00,255.34,256.33,254.77,255.74,49207.0,MSFT
2023-01-17 20:30:00+00:00,653.83,671.16,649.01,662.4,22537.0,SPY
2023-01-17 21:30:00+00:00,224.25,225.94,223.42,225.06,16022.0,AAPL
2023-01-17 21:30:00+00:00,256.73,260.16,254.74,258.13,132828.0,MSFT
2023-01-17 21:30:00+00:00,661.34,702.32,647.03,683.48,54676.0,SPY
2023-01-17 22:30:00+00:00,224.8,225.24,223.79,224.41,53409.0,AAPL
2023-01-17 22:30:00+00:00,258.27,262.31,250.01,253.91,37428.0,MSFT
2023-01-17 22:30:00+00:00,685.46,697.04,655.05,666.95,35625.0,SPY
2023-01-17 23:30:00+00:00,225.0,227.96,218.43,221.55,45742.0,AAPL
2023-01-17 23:30:00+00:00,253.8,260.61,250.55,257.71,62708.0,MSFT
2023-01-17 23:30:00+00:00,666.86,681.37,661.0,674.03,67478.0,SPY
2023-01-18 00:30:00+00:00,221.72,225.59,220.26,223.19,64081.0,AAPL
2023-01-18 00:30:00+00:00,258.34,266.48,254.74,263.1,31021.0,MSFT
2023-01-18 00:30:00+00:00,670.83,681.98,665.65,676.55,58912.0,SPY
2023-01-18 01:30:00+00:00,222.54,223.32,219.71,221.06,26681.0,AAPL
2023-01-18 01:30:00+00:00,263.56,265.39,262.25,263.93,201585.0,MSFT
2023-01-18 01:30:00+00:00,676.28,689.0,636.8,647.49,84451.0,SPY
2023-01-18 02:30:00+00:00,220.62,221.45,219.22,220.13,24616.0,AAPL
2023-01-18 02:30:00+00:00,263.94,268.79,254.69,257.81,97942.0,MSFT
2023-01-18 02:30:00+00:00,648.99,654.92,645.95,651.19,124492.0,SPY
2023-01-18 03:30:00+00:00,220.1,227.26,217.07,224.52,54081.0,AAPL
2023-01-18 03:30:00+00:00,257.16,263.78,255.37,260.99,83259.0,MSFT
2023-01-18 03:30:00+00:00,653.0,657.67,634.65,641.04,93770.0,SPY
2023-01-18 04:30:00+00:00,224.28,225.86,223.27,224.81,16943.0,AAPL
2023-01-18 04:30:00+00:00,260.47,265.78,252.64,254.74,31669.0,MSFT
2023-01-18 04:30:00+00:00,640.47,676.96,620.41,662.61,99748.0,SPY
2023-01-18 05:30:00+00:00,224.68,226.49,219.7,221.15,35828.0,AAPL
2023-01-18 05:30:00+00:00,254.55,259.73,253.03,257.09,78909.0,MSFT
2023-01-18 05:30:00+00:00,661.74,686.94,647.92,679.98,57499.0,SPY
2023-01-18 06:30:00+00:00,220.44,224.16,212.67,216.18,98027.0,AAPL
2023-01-18 06:30:00+00:00,256.99,262.84,254.75,260.49,89430.0,MSFT
2023-01-18 06:30:00+00:00,679.26,690.14,656.76,665.58,92430.0,SPY
2023-01-18 07:30:00+00:00,216.28,219.31,204.82,208.85,25031.0,AAPL
2023-01-18 07:30:00+00:00,260.43,264.94,252.87,255.62,126969.0,MSFT
2023-01-18 07:30:00+00:00,666.16,681.76,658.55,673.08,62270.0,SPY
2023-01-18 08:30:00+00:00,208.99,215.49,195.52,201.83,20097.0,AAPL
2023-01-18 08:30:00+00:00,255.58,258.09,250.74,253.03,31782.0,MSFT
2023-01-18 08:30:00+00:00,672.35,678.19,658.6,663.13,21472.0,SPY
2023-01-18 09:30:00+00:00,201.51,203.73,200.54,202.9,34102.0,AAPL
2023-01-18 09:30:00+00:00,253.1,256.23,245.38,247.84,39787.0,MSFT
2023-01-18 09:30:00+00:00,661.49,662.87,658.5,660.27,42269.0,SPY
2023-01-18 10:30:00+00:00,203.11,203.82,200.52,201.52,32191.0,AAPL
2023-01-18 10:30:00+00:00,246.96,248.04,243.56,244.63,62704.0,MSFT
2023-01-18 10:30:00+00:00,661.35,676.13,656.19,668.88,195557.0,SPY
2023-01-18 11:30:00+00:00,201.32,204.51,200.04,203.41,34450.0,AAPL
2023-01-18 11:30:00+00:00,244.59,249.07,236.31,239.44,54098.0,MSFT
2023-01-18 11:30:00+00:00,667.94,669.87,666.25,668.75,27449.0,SPY
2023-01-18 12:30:00+00:00,204.11,205.1,202.18,203.21,95945.0,AAPL
2023-01-18 12:30:00+00:00,239.05,244.29,230.13,233.42,60565.0,MSFT
2023-01-18 12:30:00+00:00,667.77,670.26,665.47,668.6,48491.0,SPY
2023-01-18 13:30:00+00:00,203.48,205.17,201.96,203.92,101528.0,AAPL
2023-01-18 13:30:00+00:00,233.68,236.24,224.39,227.37,79205.0,MSFT
2023-01-18 13:30:00+00:00,666.47,675.41,633.44,641.64,69142.0,SPY
2023-01-18 14:30:00+00:00,204.11,206.57,196.02,198.31,21386.0,AAPL
2023-01-18 14:30:00+00:00,227.28,231.45,224.18,229.66,39772.0,MSFT
2023-01-18 14:30:00+00:00,641.21,652.8,604.47,621.52,38515.0,SPY
2023-01-18 15:30:00+00:00,198.0,199.14,195.21,197.08,85227.0,AAPL
2023-01-18 15:30:00+00:00,229.93,231.51,228.82,230.33,58919.0,MSFT
2023-01-18 15:30:00+00:00,621.14,628.0,592.27,606.27,18581.0,SPY
2023-01-18 16:30:00+00:00,197.5,198.64,196.79,197.99,23375.0,AAPL
2023-01-18 16:30:00+00:00,230.39,236.07,227.42,234.18,48830.0,MSFT
2023-01-18 16:30:00+00:00,606.19,612.19,603.68,608.93,30293.0,SPY
2023-01-18 17:30:00+00:00,198.03,202.5,197.0,200.93,63918.0,AAPL
2023-01-18 17:30:00+00:00,234.56,236.7,231.46,233.0,118679.0,MSFT
2023-01-18 17:30:00+00:00,609.16,618.68,605.2,614.6,28205.0,SPY
2023-01-18 18:30:00+00:00,200.56,204.0,198.77,202.61,69875.0,AAPL
2023-01-18 18:30:00+00:00,232.81,241.08,228.74,237.89,72154.0,MSFT
2023-01-18 18:30:00+00:00,612.8,619.22,609.65,615.58,30856.0,SPY
2023-01-18 19:30:00+00:00,202.36,204.7,200.87,203.84,128571.0,AAPL
2023-01-18 19:30:00+00:00,237.72,241.03,229.58,233.36,127369.0,MSFT
2023-01-18 19:30:00+00:00,615.49,622.5,613.21,617.94,30260.0,SPY
2023-01-18 20:30:00+00:00,203.8,208.35,202.03,205.85,33820.0,AAPL
2023-01-18 20:30:00+00:00,233.08,233.48,232.26,233.03,68551.0,MSFT
2023-01-18 20:30:00+00:00,617.52,621.6,605.26,609.5,76201.0,SPY
2023-01-18 21:30:00+00:00,206.21,207.23,202.81,203.89,43155.0,AAPL
2023-01-18 21:30:00+00:00,233.18,234.49,231.53,232.06,58228.0,MSFT
2023-01-18 21:30:00+00:00,611.1,619.46,608.77,615.9,61468.0,SPY
2023-01-18 22:30:00+00:00,204.42,207.35,198.18,200.33,58302.0,AAPL
2023-01-18 22:30:00+00:00,232.22,234.74,225.39,228.0,31556.0,MSFT
2023-01-18 22:30:00+00:00,614.29,635.83,605.25,625.03,45434.0,SPY
2023-01-18 23:30:00+00:00,200.32,202.77,196.46,198.45,20502.0,AAPL
2023-01-18 23:30:00+00:00,227.65,229.87,223.44,224.87,63515.0,MSFT
2023-01-18 23:30:00+00:00,624.36,630.02,615.19,619.98,88961.0,SPY
2023-01-19 00:30:00+00:00,198.31,199.23,196.62,197.24,64109.0,AAPL
2023-01-19 00:30:00+00:00,225.29,229.31,218.25,220.43,68996.0,MSFT
2023-01-19 00:30:00+00:00,621.41,623.13,619.57,621.02,56799.0,SPY
2023-01-19 01:30:00+00:00,196.79,200.78,195.69,199.16,37550.0,AAPL
2023-01-19 01:30:00+00:00,220.2,221.28,219.01,220.45,50062.0,MSFT
2023-01-19 01:30:00+00:00,620.1,639.75,608.19,634.57,54146.0,SPY
2023-01-19 02:30:00+00:00,199.55,204.74,197.55,202.27,25295.0,AAPL
2023-01-19 02:30:00+00:00,220.49,222.54,215.5,217.9,45156.0,MSFT
2023-01-19 02:30:00+00:00,634.86,640.63,618.41,623.67,106542.0,SPY
2023-01-19 03:30:00+00:00,202.13,203.06,200.37,201.35,57053.0,AAPL
2023-01-19 03:30:00+00:00,218.12,220.55,217.2,219.1,50492.0,MSFT
2023-01-19 03:30:00+00:00,623.33,628.77,614.04,616.74,59538.0,SPY
2023-01-19 04:30:00+00:00,201.33,205.17,193.2,196.87,45609.0,AAPL
2023-01-19 04:30:00+00:00,219.46,221.19,218.7,220.05,38898.0,MSFT
2023-01-19 04:30:00+00:00,618.4,619.6,617.37,618.54,41342.0,SPY
2023-01-19 05:30:00+00:00,196.87,198.5,192.42,194.37,35367.0,AAPL
2023-01-19 05:30:00+00:00,219.74,221.33,218.56,219.29,64657.0,MSFT
2023-01-19 05:30:00+00:00,619.47,623.47,611.32,615.57,70704.0,SPY
2023-01-19 06:30:00+00:00,194.1,197.04,192.08,196.16,29361.0,AAPL
2023-01-19 06:30:00+00:00,218.98,220.18,213.77,216.8,63424.0,MSFT
2023-01-19 06:30:00+00:00,615.92,622.21,595.3,603.55,45651.0,SPY
2023-01-19 07:30:00+00:00,196.15,199.15,191.32,192.81,57872.0,AAPL
2023-01-19 07:30:00+00:00,217.38,218.85,213.79,215.6,69689.0,MSFT
2023-01-19 07:30:00+00:00,604.92,607.55,597.83,601.45,50690.0,SPY
2023-01-19 08:30:00+00:00,192.64,198.64,190.36,195.96,66402.0,AAPL
2023-01-19 08:30:00+00:00,216.16,219.91,215.34,218.07,57679.0,MSFT
2023-01-19 08:30:00+00:00,602.79,605.89,596.04,598.89,23842.0,SPY
2023-01-19 09:30:00+00:00,196.09,198.15,192.25,193.27,68055.0,AAPL
2023-01-19 09:30:00+00:00,218.15,219.0,217.57,218.64,27296.0,MSFT
2023-01-19 09:30:00+00:00,597.8,608.69,590.61,603.77,40228.0,SPY
2023-01-19 10:30:00+00:00,193.06,196.04,191.45,194.87,51984.0,AAPL
2023-01-19 10:30:00+00:00,218.73,219.9,216.26,217.34,56640.0,MSFT
2023-01-19 10:30:00+00:00,604.52,618.98,597.73,614.1,55902.0,SPY
2023-01-19 11:30:00+00:00,194.83,197.47,188.12,190.02,62871.0,AAPL
2023-01-19 11:30:00+00:00,216.97,217.39,215.62,216.35,67183.0,MSFT
2023-01-19 11:30:00+00:00,613.1,623.72,592.67,600.74,47895.0,SPY
2023-01-19 12:30:00+00:00,190.49,193.83,189.26,192.44,37209.0,AAPL
2023-01-19 12:30:00+00:00,216.47,226.89,213.43,222.21,11884.0,MSFT
2023-01-19 12:30:00+00:00,601.47,610.85,580.63,591.09,80978.0,SPY
2023-01-19 13:30:00+00:00,192.76,195.7,180.25,184.61,19238.0,AAPL
2023-01-19 13:30:00+00:00,222.79,224.19,219.24,220.89,79139.0,MSFT
2023-01-19 13:30:00+00:00,591.26,615.3,579.31,602.76,58539.0,SPY
2023-01-19 14:30:00+00:00,184.85,185.4,182.86,183.89,50526.0,AAPL
2023-01-19 14:30:00+00:00,221.31,222.75,219.02,220.05,28497.0,MSFT
2023-01-19 14:30:00+00:00,602.06,604.14,600.43,601.47,21703.0,SPY
2023-01-19 15:30:00+00:00,184.27,184.81,183.35,184.18,57883.0,AAPL
2023-01-19 15:30:00+00:00,219.49,224.86,217.31,222.23,45055.0,MSFT
2023-01-19 15:30:00+00:00,600.81,604.7,595.45,597.49,101552.0,SPY
2023-01-19 16:30:00+00:00,183.99,184.8,182.18,183.37,77615.0,AAPL
2023-01-19 16:30:00+00:00,221.92,223.08,219.89,220.74,53491.0,MSFT
2023-01-19 16:30:00+00:00,598.16,604.74,585.46,591.12,92105.0,SPY
2023-01-19 17:30:00+00:00,183.32,184.17,181.2,182.38,41560.0,AAPL
2023-01-19 17:30:00+00:00,220.76,223.0,214.1,216.13,40694.0,MSFT
2023-01-19 17:30:00+00:00,590.84,599.12,587.38,596.23,60338.0,SPY
2023-01-19 18:30:00+00:00,182.1,182.7,180.16,180.95,54927.0,AAPL
2023-01-19 18:30:00+00:00,216.38,219.01,211.66,213.55,30498.0,MSFT
2023-01-19 18:30:00+00:00,597.41,604.17,581.82,588.23,37298.0,SPY
2023-01-19 19:30:00+00:00,180.99,182.7,178.27,179.72,58889.0,AAPL
2023-01-19 19:30:00+00:00,213.62,214.9,211.32,212.26,102835.0,MSFT
2023-01-19 19:30:00+00:00,588.9,596.04,585.69,592.87,34174.0,SPY
2023-01-19 20:30:00+00:00,180.05,186.92,176.95,184.56,45543.0,AAPL
2023-01-19 20:30:00+00:00,212.27,212.61,211.54,212.05,50354.0,MSFT
2023-01-19 20:30:00+00:00,592.66,596.26,585.02,589.08,32542.0,SPY
2023-01-19 21:30:00+00:00,184.73,186.28,179.05,181.69,96230.0,AAPL
2023-01-19 21:30:00+00:00,211.88,213.24,209.71,211.28,35916.0,MSFT
2023-01-19 21:30:00+00:00,588.35,590.71,585.31,586.37,62533.0,SPY
2023-01-19 22:30:00+00:00,181.79,187.37,180.4,184.77,75038.0,AAPL
2023-01-19 22:30:00+00:00,211.67,213.55,206.13,208.22,71501.0,MSFT
2023-01-19 22:30:00+00:00,587.44,591.92,567.74,576.52,62097.0,SPY
2023-01-19 23:30:00+00:00,184.97,189.3,183.48,188.03,53926.0,AAPL
2023-01-19 23:30:00+00:00,208.56,208.93,208.01,208.46,39304.0,MSFT
2023-01-19 23:30:00+00:00,577.03,591.16,570.69,585.5,22789.0,SPY
2023-01-20 00:30:00+00:00,187.75,189.43,182.94,185.13,45285.0,AAPL
2023-01-20 00:30:00+00:00,208.02,212.13,206.52,210.59,49326.0,MSFT
2023-01-20 00:30:00+00:00,586.65,603.21,579.02,595.93,96922.0,SPY
2023-01-20 01:30:00+00:00,185.07,185.67,182.45,183.79,58225.0,AAPL
2023-01-20 01:30:00+00:00,210.53,214.1,203.51,206.6,66033.0,MSFT
2023-01-20 01:30:00+00:00,596.87,603.29,582.34,587.25,25381.0,SPY
2023-01-20 02:30:00+00:00,183.73,195.16,178.47,190.3,51445.0,AAPL
2023-01-20 02:30:00+00:00,206.99,216.23,202.0,213.32,46172.0,MSFT
2023-01-20 02:30:00+00:00,586.15,596.68,580.93,590.67,17077.0,SPY
2023-01-20 03:30:00+00:00,189.95,200.43,187.53,195.63,70097.0,AAPL
2023-01-20 03:30:00+00:00,212.61,213.96,208.82,209.93,64001.0,MSFT
2023-01-20 03:30:00+00:00,589.29,640.21,573.83,620.51,28475.0,SPY
2023-01-20 04:30:00+00:00,195.81,200.33,194.68,198.88,87290.0,AAPL
2023-01-20 04:30:00+00:00,210.07,218.35,206.7,214.99,41481.0,MSFT
2023-01-20 04:30:00+00:00,621.23,630.24,602.86,611.86,39373.0,SPY
2023-01-20 05:30:00+00:00,198.61,199.72,197.51,198.39,39594.0,AAPL
2023-01-20 05:30:00+00:00,215.09,224.02,211.63,219.59,116810.0,MSFT
2023-01-20 05:30:00+00:00,612.3,617.33,602.72,606.22,51843.0,SPY
2023-01-20 06:30:00+00:00,198.52,201.02,192.77,194.91,23236.0,AAPL
2023-01-20 06:30:00+00:00,219.09,227.39,215.13,223.77,38583.0,MSFT
2023-01-20 06:30:00+00:00,606.01,616.09,600.8,611.75,19246.0,SPY
2023-01-20 07:30:00+00:00,194.82,197.55,187.91,191.57,25343.0,AAPL
2023-01-20 07:30:00+00:00,223.8,228.79,221.25,227.11,51558.0,MSFT
2023-01-20 07:30:00+00:00,614.73,624.55,591.52,599.46,69421.0,SPY
2023-01-20 08:30:00+00:00,191.34,196.26,187.63,194.45,69820.0,AAPL
2023-01-20 08:30:00+00:00,227.26,230.68,220.58,223.35,39950.0,MSFT
2023-01-20 08:30:00+00:00,601.57,608.3,597.96,603.69,53746.0,SPY
2023-01-20 09:30:00+00:00,194.99,196.23,189.67,192.4,25933.0,AAPL
2023-01-20 09:30:00+00:00,222.94,224.07,219.83,221.24,43830.0,MSFT
2023-01-20 09:30:00+00:00,603.91,622.68,595.51,613.69,40578.0,SPY
2023-01-20 10:30:00+00:00,192.43,194.4,186.5,188.62,96251.0,AAPL
2023-01-20 10:30:00+00:00,221.66,225.9,219.75,223.43,56710.0,MSFT
2023-01-20 10:30:00+00:00,612.91,628.97,607.16,622.14,30854.0,SPY
2023-01-20 11:30:00+00:00,188.94,192.42,187.08,190.69,35416.0,AAPL
2023-01-20 11:30:00+00:00,223.41,225.34,218.12,220.44,36892.0,MSFT
2023-01-20 11:30:00+00:00,620.15,623.27,618.02,621.6,59038.0,SPY
2023-01-20 12:30:00+00:00,190.92,192.66,185.73,187.72,94005.0,AAPL
2023-01-20 12:30:00+00:00,220.57,224.33,218.68,223.06,38211.0,MSFT
2023-01-20 12:30:00+00:00,621.39,625.88,618.52,623.34,48932.0,SPY
2023-01-20 13:30:00+00:00,187.99,192.55,185.18,191.14,45012.0,AAPL
2023-01-20 13:30:00+00:00,222.68,224.34,216.44,219.58,21535.0,MSFT
2023-01-20 13:30:00+00:00,623.88,626.21,622.35,623.31,27586.0,SPY
2023-01-20 14:30:00+00:00,190.94,193.07,189.81,191.95,38352.0,AAPL
2023-01-20 14:30:00+00:00,219.26,222.2,213.05,215.65,18468.0,MSFT
2023-01-20 14:30:00+00:00,623.16,630.84,618.87,626.01,67298.0,SPY
2023-01-20 15:30:00+00:00,192.09,193.98,191.13,193.38,52382.0,AAPL
2023-01-20 15:30:00+00:00,215.38,216.96,214.25,216.05,15093.0,MSFT
2023-01-20 15:30:00+00:00,627.52,632.16,622.75,624.81,39328.0,SPY
2023-01-20 16:30:00+00:00,193.01,196.14,185.52,188.45,75090.0,AAPL
2023-01-20 16:30:00+00:00,215.96,217.16,212.63,214.51,35423.0,MSFT
2023-01-20 16:30:00+00:00,624.62,629.61,617.27,621.25,59283.0,SPY
2023-01-20 17:30:00+00:00,187.99,189.36,186.16,186.97,36958.0,AAPL
2023-01-20 17:30:00+00:00,214.9,217.23,213.71,215.77,24372.0,MSFT
2023-01-20 17:30:00+00:00,620.64,652.1,609.33,638.06,107974.0,SPY
2023-01-20 18:30:00+00:00,186.58,188.08,184.68,185.84,56578.0,AAPL
2023-01-20 18:30:00+00:00,215.74,216.6,212.52,213.97,32453.0,MSFT
2023-01-20 18:30:00+00:00,636.31,641.94,634.22,638.57,50356.0,SPY
2023-01-20 19:30:00+00:00,185.79,186.68,183.64,184.71,13217.0,AAPL
2023-01-20 19:30:00+00:00,213.69,216.05,207.01,209.02,73822.0,MSFT
2023-01-20 19:30:00+00:00,638.7,647.57,605.42,615.67,30546.0,SPY
2023-01-20 20:30:00+00:00,185.27,186.11,184.76,185.39,52671.0,AAPL
2023-01-20 20:30:00+00:00,208.77,212.75,206.7,210.54,36153.0,MSFT
2023-01-20 20:30:00+00:00,615.48,618.65,613.27,615.07,51910.0,SPY
2023-01-20 21:30:00+00:00,185.62,186.05,184.73,185.31,58017.0,AAPL
2023-01-20 21:30:00+00:00,210.43,212.67,204.21,206.71,20990.0,MSFT
2023-01-20 21:30:00+00:00,615.04,619.8,611.29,616.74,52769.0,SPY
2023-01-20 22:30:00+00:00,184.88,186.36,182.38,183.62,145906.0,AAPL
2023-01-20 22:30:00+00:00,206.47,207.84,204.63,205.6,45766.0,MSFT
2023-01-20 22:30:00+00:00,616.68,633.75,609.16,626.92,38032.0,SPY
2023-01-20 23:30:00+00:00,183.8,188.91,181.77,186.76,49151.0,AAPL
2023-01-20 23:30:00+00:00,205.74,212.68,202.36,209.45,145335.0,MSFT
2023-01-20 23:30:00+00:00,626.12,630.78,614.43,619.68,47336.0,SPY
2023-01-21 00:30:00+00:00,187.26,189.15,186.35,188.18,176663.0,AAPL
2023-01-21 00:30:00+00:00,209.31,217.69,204.85,214.26,43765.0,MSFT
2023-01-21 00:30:00+00:00,619.29,626.82,608.6,611.68,89239.0,SPY
2023-01-21 01:30:00+00:00,187.91,189.62,186.86,188.64,75002.0,AAPL
2023-01-21 01:30:00+00:00,214.12,215.15,211.21,212.66,22920.0,MSFT
2023-01-21 01:30:00+00:00,611.37,614.11,607.42,610.52,53595.0,SPY
2023-01-21 02:30:00+00:00,188.88,189.25,187.4,188.29,38385.0,AAPL
2023-01-21 02:30:00+00:00,212.32,213.23,210.54,211.68,40144.0,MSFT
2023-01-21 02:30:00+00:00,611.29,620.49,607.61,617.69,71240.0,SPY
2023-01-21 03:30:00+00:00,189.01,197.94,185.54,194.33,87957.0,AAPL
2023-01-21 03:30:00+00:00,211.96,212.95,211.21,211.86,53693.0,MSFT
2023-01-21 03:30:00+00:00,617.16,623.52,612.33,621.33,49100.0,SPY
2023-01-21 04:30:00+00:00,194.73,196.8,186.2,190.12,22831.0,AAPL
2023-01-21 04:30:00+00:00,211.84,216.12,209.23,214.81,28568.0,MSFT
2023-01-21 04:30:00+00:00,623.14,631.29,608.75,614.31,84579.0,SPY
2023-01-21 05:30:00+00:00,189.83,190.96,188.23,188.74,63948.0,AAPL
2023-01-21 05:30:00+00:00,214.57,222.11,211.3,219.31,20826.0,MSFT
2023-01-21 05:30:00+00:00,613.89,625.63,608.58,619.35,26876.0,SPY
2023-01-21 06:30:00+00:00,188.69,198.84,184.76,194.88,74994.0,AAPL
2023-01-21 06:30:00+00:00,219.24,220.18,217.25,218.47,53391.0,MSFT
2023-01-21 06:30:00+00:00,619.3,623.57,608.58,612.44,33496.0,SPY
2023-01-21 07:30:00+00:00,195.17,197.94,193.87,196.88,42694.0,AAPL
2023-01-21 07:30:00+00:00,218.21,219.18,215.54,216.75,61274.0,MSFT
2023-01-21 07:30:00+00:00,612.51,627.01,581.93,596.48,36178.0,SPY
2023-01-21 08:30:00+00:00,196.74,203.54,194.08,201.39,30619.0,AAPL
2023-01-21 08:30:00+00:00,216.66,219.1,212.98,214.3,91497.0,MSFT
2023-01-21 08:30:00+00:00,596.37,604.0,574.91,585.66,47956.0,SPY
2023-01-21 09:30:00+00:00,201.61,202.57,199.29,200.44,65979.0,AAPL
2023-01-21 09:30:00+00:00,214.62,215.79,211.19,212.84,31216.0,MSFT
2023-01-21 09:30:00+00:00,586.49,587.76,584.56,586.75,38391.0,SPY
2023-01-21 10:30:00+00:00,200.22,205.44,196.75,203.64,48777.0,AAPL
2023-01-21 10:30:00+00:00,212.62,217.69,209.37,215.88,34554.0,MSFT
2023-01-21 10:30:00+00:00,586.03,589.93,575.12,580.04,45500.0,SPY
2023-01-21 11:30:00+00:00,203.5,205.56,197.03,199.44,60903.0,AAPL
2023-01-21 11:30:00+00:00,215.87,220.89,207.59,210.36,42834.0,MSFT
2023-01-21 11:30:00+00:00,580.96,587.91,577.19,584.26,46912.0,SPY
2023-01-21 12:30:00+00:00,199.19,201.87,193.69,195.62,56866.0,AAPL
2023-01-21 12:30:00+00:00,210.63,214.75,203.63,205.72,70905.0,MSFT
2023-01-21 12:30:00+00:00,584.68,588.66,575.5,579.96,146959.0,SPY
2023-01-21 13:30:00+00:00,196.14,197.04,195.64,196.49,42704.0,AAPL
2023-01-21 13:30:00+00:00,205.94,208.75,196.43,199.06,117409.0,MSFT
2023-01-21 13:30:00+00:00,579.15,581.15,577.49,579.72,35793.0,SPY
2023-01-21 14:30:00+00:00,196.74,199.0,191.11,193.14,62640.0,AAPL
2023-01-21 14:30:00+00:00,199.63,200.2,198.21,198.7,53517.0,MSFT
2023-01-21 14:30:00+00:00,579.21,587.82,567.41,571.46,16934.0,SPY
2023-01-21 15:30:00+00:00,192.88,193.62,191.89,192.56,152944.0,AAPL
2023-01-21 15:30:00+00:00,198.54,203.29,195.59,201.03,44005.0,MSFT
2023-01-21 15:30:00+00:00,569.96,589.61,565.46,580.49,27014.0,SPY
2023-01-21 16:30:00+00:00,192.31,192.83,191.88,192.47,38749.0,AAPL
2023-01-21 16:30:00+00:00,201.61,203.15,197.95,200.0,39418.0,MSFT
2023-01-21 16:30:00+00:00,580.71,582.98,577.96,581.61,26659.0,SPY
2023-01-21 17:30:00+00:00,192.49,209.18,183.07,204.28,37534.0,AAPL
2023-01-21 17:30:00+00:00,200.12,202.18,194.35,196.55,31657.0,MSFT
2023-01-21 17:30:00+00:00,581.14,601.93,574.81,594.35,74128.0,SPY
2023-01-21 18:30:00+00:00,204.2,205.57,203.27,205.04,51940.0,AAPL
2023-01-21 18:30:00+00:00,196.92,197.93,195.25,196.17,51807.0,MSFT
2023-01-21 18:30:00+00:00,593.31,607.51,585.34,602.15,79532.0,SPY
2023-01-21 19:30:00+00:00,204.23,208.73,201.48,206.42,56802.0,AAPL
2023-01-21 19:30:00+00:00,195.82,196.95,194.67,196.24,26650.0,MSFT
2023-01-21 19:30:00+00:00,601.45,603.45,599.58,601.08,88741.0,SPY
2023-01-21 20:30:00+00:00,206.37,207.13,205.01,205.55,55305.0,AAPL
2023-01-21 20:30:00+00:00,195.7,199.14,193.47,198.21,48625.0,MSFT
2023-01-21 20:30:00+00:00,601.66,613.09,598.49,608.71,22859.0,SPY
2023-01-21 21:30:00+00:00,205.51,207.41,199.09,202.48,65389.0,AAPL
2023-01-21 21:30:00+00:00,198.34,198.62,197.9,198.31,75135.0,MSFT
2023-01-21 21:30:00+00:00,608.4,612.78,598.69,603.14,18600.0,SPY
2023-01-21 22:30:00+00:00,202.3,205.13,196.11,199.32,70528.0,AAPL
2023-01-21 22:30:00+00:00,198.19,200.24,193.05,195.3,130177.0,MSFT
2023-01-21 22:30:00+00:00,602.54,606.37,596.88,600.67,52819.0,SPY
2023-01-21 23:30:00+00:00,198.92,200.6,196.77,198.03,36920.0,AAPL
2023-01-21 23:30:00+00:00,195.63,196.89,194.8,195.82,56612.0,MSFT
2023-01-21 23:30:00+00:00,601.19,603.36,595.29,597.11,127338.0,SPY
2023-01-22 00:30:00+00:00,198.49,199.23,197.9,198.39,48874.0,AAPL
2023-01-22 00:30:00+00:00,195.91,204.04,192.86,200.23,66521.0,MSFT
2023-01-22 00:30:00+00:00,597.08,608.27,574.77,583.71,144583.0,SPY
2023-01-22 01:30:00+00:00,198.78,200.46,195.7,197.18,41091.0,AAPL
2023-01-22 01:30:00+00:00,200.11,201.52,195.49,197.68,57888.0,MSFT
2023-01-22 01:30:00+00:00,584.48,592.69,565.31,572.68,40372.0,SPY
2023-01-22 02:30:00+00:00,197.21,199.98,196.27,198.96,101939.0,AAPL
2023-01-22 02:30:00+00:00,197.77,199.12,196.62,198.25,104752.0,MSFT
2023-01-22 02:30:00+00:00,572.71,581.12,570.8,576.87,37170.0,SPY
2023-01-22 03:30:00+00:00,198.88,200.27,192.87,195.34,44557.0,AAPL
2023-01-22 03:30:00+00:00,197.95,198.96,197.35,198.44,53063.0,MSFT
2023-01-22 03:30:00+00:00,576.77,579.21,571.16,573.28,28900.0,SPY
2023-01-22 04:30:00+00:00,195.29,198.89,189.73,191.89,20288.0,AAPL
2023-01-22 04:30:00+00:00,198.55,199.17,197.62,198.3,39277.0,MSFT
2023-01-22 04:30:00+00:00,574.43,578.35,572.46,576.33,66167.0,SPY
2023-01-22 05:30:00+00:00,191.85,195.05,190.57,193.4,142973.0,AAPL
2023-01-22 05:30:00+00:00,198.07,204.04,187.38,190.85,83985.0,MSFT
2023-01-22 05:30:00+00:00,576.38,587.52,555.26,565.89,127374.0,SPY
2023-01-22 06:30:00+00:00,193.77,202.35,191.55,198.4,45977.0,AAPL
2023-01-22 06:30:00+00:00,190.84,195.64,189.45,193.54,15924.0,MSFT
2023-01-22 06:30:00+00:00,565.28,572.27,561.7,568.09,44900.0,SPY
2023-01-22 07:30:00+00:00,198.12,202.97,196.6,200.53,41603.0,AAPL
2023-01-22 07:30:00+00:00,193.03,194.04,189.5,190.9,163857.0,MSFT
2023-01-22 07:30:00+00:00,567.31,575.6,562.25,573.36,24555.0,SPY
2023-01-22 08:30:00+00:00,200.68,203.74,199.54,202.53,26107.0,AAPL
2023-01-22 08:30:00+00:00,190.36,191.23,189.64,190.16,71125.0,MSFT
2023-01-22 08:30:00+00:00,573.2,577.25,563.9,569.79,105234.0,SPY
2023-01-22 09:30:00+00:00,202.14,203.56,197.64,199.1,88074.0,AAPL
2023-01-22 09:30:00+00:00,190.38,193.9,179.78,184.31,33291.0,MSFT
2023-01-22 09:30:00+00:00,569.86,577.53,567.52,575.04,87352.0,SPY
2023-01-22 10:30:00+00:00,199.15,200.47,195.74,197.62,18207.0,AAPL
2023-01-22 10:30:00+00:00,184.22,186.46,178.18,181.14,35847.0,MSFT
2023-01-22 10:30:00+00:00,573.88,578.85,570.73,577.01,58216.0,SPY
2023-01-22 11:30:00+00:00,197.29,198.86,192.65,195.15,61874.0,AAPL
2023-01-22 11:30:00+00:00,181.3,184.84,172.17,176.56,179348.0,MSFT
2023-01-22 11:30:00+00:00,577.29,580.17,576.02,577.99,124322.0,SPY
2023-01-22 12:30:00+00:00,194.89,196.67,189.33,191.33,28901.0,AAPL
2023-01-22 12:30:00+00:00,176.23,176.67,175.45,175.81,72317.0,MSFT
2023-01-22 12:30:00+00:00,577.93,582.84,567.21,571.11,31019.0,SPY
2023-01-22 13:30:00+00:00,191.66,192.82,187.94,189.25,28352.0,AAPL
2023-01-22 13:30:00+00:00,175.79,178.62,175.19,177.2,79166.0,MSFT
2023-01-22 13:30:00+00:00,571.98,601.12,555.75,591.63,50667.0,SPY
2023-01-22 14:30:00+00:00,189.43,192.06,182.61,185.73,89177.0,AAPL
2023-01-22 14:30:00+00:00,177.41,177.78,177.0,177.31,38813.0,MSFT
2023-01-22 14:30:00+00:00,591.29,595.31,585.54,587.81,65879.0,SPY
2023-01-22 15:30:00+00:00,186.16,188.59,184.9,187.38,43022.0,AAPL
2023-01-22 15:30:00+00:00,177.2,178.87,176.36,177.67,61883.0,MSFT
2023-01-22 15:30:00+00:00,587.79,599.22,582.57,593.52,55803.0,SPY
2023-01-22 16:30:00+00:00,187.09,191.67,185.06,189.34,42224.0,AAPL
2023-01-22 16:30:00+00:00,178.07,178.74,177.6,178.34,150488.0,MSFT
2023-01-22 16:30:00+00:00,592.94,595.4,589.63,590.79,35628.0,SPY
2023-01-22 17:30:00+00:00,189.19,189.91,188.74,189.64,82546.0,AAPL
2023-01-22 17:30:00+00:00,178.48,182.69,177.48,180.46,65655.0,MSFT
2023-01-22 17:30:00+00:00,590.15,593.77,578.1,582.48,40353.0,SPY
2023-01-22 18:30:00+00:00,189.54,193.15,181.25,185.36,32088.0,AAPL
2023-01-22 18:30:00+00:00,180.71,181.29,180.39,180.96,117302.0,MSFT
2023-01-22 18:30:00+00:00,582.46,584.23,579.44,582.91,127763.0,SPY
2023-01-22 19:30:00+00:00,185.44,186.13,183.25,184.8,15518.0,AAPL
2023-01-22 19:30:00+00:00,181.04,183.26,179.91,182.46,23930.0,MSFT
2023-01-22 19:30:00+00:00,581.84,609.54,571.78,600.02,24123.0,SPY
2023-01-22 20:30:00+00:00,184.57,185.4,183.24,183.93,81124.0,AAPL
2023-01-22 20:30:00+00:00,182.88,184.88,177.0,179.9,50104.0,MSFT
2023-01-22 20:30:00+00:00,600.15,603.76,590.5,594.55,74037.0,SPY
2023-01-22 21:30:00+00:00,183.8,187.96,182.74,185.89,52218.0,AAPL
2023-01-22 21:30:00+00:00,180.03,182.38,179.11,181.35,72426.0,MSFT
2023-01-22 21:30:00+00:00,595.33,612.82,587.44,607.37,15827.0,SPY
2023-01-22 22:30:00+00:00,185.91,188.27,182.2,183.74,110284.0,AAPL
2023-01-22 22:30:00+00:00,181.26,182.44,177.85,179.37,48149.0,MSFT
2023-01-22 22:30:00+00:00,607.12,616.07,603.81,612.11,73039.0,SPY
2023-01-22 23:30:00+00:00,183.75,186.89,176.52,178.51,32419.0,AAPL
2023-01-22 23:30:00+00:00,179.08,179.53,178.85,179.25,100337.0,MSFT
2023-01-22 23:30:00+00:00,613.03,616.84,604.0,608.84,73143.0,SPY
2023-01-23 00:30:00+00:00,178.63,182.14,177.71,180.41,40284.0,AAPL
2023-01-23 00:30:00+00:00,179.24,182.14,169.28,172.82,50751.0,MSFT
2023-01-23 00:30:00+00:00,608.39,617.84,605.66,613.87,43639.0,SPY
2023-01-23 01:30:00+00:00,179.9,182.87,174.81,176.45,33712.0,AAPL
2023-01-23 01:30:00+00:00,172.68,174.47,170.57,171.49,43510.0,MSFT
2023-01-23 01:30:00+00:00,613.12,616.66,610.7,613.82,122210.0,SPY
2023-01-23 02:30:00+00:00,176.14,184.83,171.25,182.47,51422.0,AAPL
2023-01-23 02:30:00+00:00,171.62,173.93,170.23,172.94,32398.0,MSFT
2023-01-23 02:30:00+00:00,614.32,617.13,611.49,613.91,49335.0,SPY
2023-01-23 03:30:00+00:00,182.43,183.08,181.44,181.81,89351.0,AAPL
2023-01-23 03:30:00+00:00,172.97,174.16,171.17,172.36,114073.0,MSFT
2023-01-23 03:30:00+00:00,613.08,620.12,607.8,617.4,31989.0,SPY
2023-01-23 04:30:00+00:00,181.96,184.89,180.99,183.36,37680.0,AAPL
2023-01-23 04:30:00+00:00,171.94,174.05,167.42,169.35,25249.0,MSFT
2023-01-23 04:30:00+00:00,618.2,623.53,615.35,621.26,24274.0,SPY
2023-01-23 05:30:00+00:00,183.21,184.44,182.41,183.61,64500.0,AAPL
2023-01-23 05:30:00+00:00,169.44,173.28,168.26,171.33,43052.0,MSFT
2023-01-23 05:30:00+00:00,622.89,630.11,606.37,614.11,30279.0,SPY
2023-01-23 06:30:00+00:00,183.72,188.56,181.89,186.77,43987.0,AAPL
2023-01-23 06:30:00+00:00,170.96,172.28,165.61,167.77,49472.0,MSFT
2023-01-23 06:30:00+00:00,613.38,627.11,604.67,621.3,67837.0,SPY
2023-01-23 07:30:00+00:00,186.8,189.02,183.28,184.43,28994.0,AAPL
2023-01-23 07:30:00+00:00,167.65,168.39,165.96,167.08,71970.0,MSFT
2023-01-23 07:30:00+00:00,619.81,630.54,615.19,626.07,92309.0,SPY
2023-01-23 08:30:00+00:00,184.52,190.77,182.8,188.5,44147.0,AAPL
2023-01-23 08:30:00+00:00,167.13,168.31,165.92,166.63,37658.0,MSFT
2023-01-23 08:30:00+00:00,625.97,641.61,619.56,635.42,32203.0,SPY
2023-01-23 09:30:00+00:00,188.86,193.28,175.75,181.19,47900.0,AAPL
2023-01-23 09:30:00+00:00,166.26,167.3,165.04,165.55,30849.0,MSFT
2023-01-23 09:30:00+00:00,635.43,637.64,629.34,631.94,27104.0,SPY
2023-01-23 10:30:00+00:00,181.08,181.94,179.61,180.38,72631.0,AAPL
2023-01-23 10:30:00+00:00,165.63,169.79,164.18,168.08,74521.0,MSFT
2023-01-23 10:30:00+00:00,632.95,647.5,627.01,640.27,71270.0,SPY
2023-01-23 11:30:00+00:00,179.99,181.61,179.16,180.38,40580.0,AAPL
2023-01-23 11:30:00+00:00,168.05,170.54,163.76,165.49,23359.0,MSFT
2023-01-23 11:30:00+00:00,640.83,648.62,625.48,633.13,38755.0,SPY
2023-01-23 12:30:00+00:00,180.06,181.1,178.28,179.28,72028.0,AAPL
2023-01-23 12:30:00+00:00,165.53,170.94,163.13,168.77,112426.0,MSFT
2023-01-23 12:30:00+00:00,633.27,646.15,624.96,641.25,46550.0,SPY
2023-01-23 13:30:00+00:00,178.66,183.49,175.74,181.37,20194.0,AAPL
2023-01-23 13:30:00+00:00,169.07,174.6,167.74,171.9,60969.0,MSFT
2023-01-23 13:30:00+00:00,639.96,643.15,631.04,636.59,58720.0,SPY
2023-01-23 14:30:00+00:00,181.47,182.25,179.79,180.66,116735.0,AAPL
2023-01-23 14:30:00+00:00,171.66,174.07,170.78,172.71,71266.0,MSFT
2023-01-23 14:30:00+00:00,636.21,647.93,628.32,642.78,42189.0,SPY
2023-01-23 15:30:00+00:00,180.75,184.22,173.64,176.56,27287.0,AAPL
2023-01-23 15:30:00+00:00,172.92,174.84,172.13,173.88,48701.0,MSFT
2023-01-23 15:30:00+00:00,643.36,648.28,640.61,645.69,43655.0,SPY
2023-01-23 16:30:00+00:00,176.46,177.56,175.92,177.17,56423.0,AAPL
2023-01-23 16:30:00+00:00,174.0,175.49,170.59,172.0,24280.0,MSFT
2023-01-23 16:30:00+00:00,644.45,650.73,627.87,633.35,26844.0,SPY
2023-01-23 17:30:00+00:00,177.08,178.05,176.31,177.13,14979.0,AAPL
2023-01-23 17:30:00+00:00,171.71,172.95,168.6,170.01,22475.0,MSFT
2023-01-23 17:30:00+00:00,634.1,644.86,627.18,639.41,65634.0,SPY
2023-01-23 18:30:00+00:00,177.33,178.65,174.05,175.3,80668.0,AAPL
2023-01-23 18:30:00+00:00,169.79,172.62,168.83,171.38,134014.0,MSFT
2023-01-23 18:30:00+00:00,637.44,648.8,618.63,625.84,59720.0,SPY
2023-01-23 19:30:00+00:00,175.16,180.44,172.52,177.88,19343.0,AAPL
2023-01-23 19:30:00+00:00,171.25,173.53,169.94,172.22,43514.0,MSFT
2023-01-23 19:30:00+00:00,626.4,631.05,612.41,618.79,43275.0,SPY
2023-01-23 20:30:00+00:00,178.04,180.13,174.11,175.78,94504.0,AAPL
2023-01-23 20:30:00+00:00,172.12,177.14,169.48,175.3,60495.0,MSFT
2023-01-23 20:30:00+00:00,619.27,634.28,610.7,625.91,73862.0,SPY
2023-01-23 21:30:00+00:00,175.78,179.83,167.58,170.51,24420.0,AAPL
2023-01-23 21:30:00+00:00,175.29,176.39,173.74,174.57,28192.0,MSFT
2023-01-23 21:30:00+00:00,625.91,637.98,622.47,633.42,70717.0,SPY
2023-01-23 22:30:00+00:00,170.57,172.8,164.53,167.27,27704.0,AAPL
2023-01-23 22:30:00+00:00,174.37,177.73,172.83,176.32,34612.0,MSFT
2023-01-23 22:30:00+00:00,634.62,663.76,623.38,651.87,123414.0,SPY
2023-01-23 23:30:00+00:00,167.44,168.5,165.21,166.46,58183.0,AAPL
2023-01-23 23:30:00+00:00,176.59,178.27,170.0,173.1,59538.0,MSFT
2023-01-23 23:30:00+00:00,650.92,653.24,649.22,651.81,84582.0,SPY
2023-01-24 00:30:00+00:00,166.6,168.41,165.88,167.69,22825.0,AAPL
2023-01-24 00:30:00+00:00,173.3,176.83,172.47,174.94,140175.0,MSFT
2023-01-24 00:30:00+00:00,650.49,670.81,644.33,662.8,50084.0,SPY
2023-01-24 01:30:00+00:00,167.71,169.57,161.94,164.54,106974.0,AAPL
2023-01-24 01:30:00+00:00,174.82,178.02,173.92,176.76,72813.0,MSFT
2023-01-24 01:30:00+00:00,663.29,685.81,655.67,676.22,24753.0,SPY
2023-01-24 02:30:00+00:00,164.75,165.66,163.26,163.87,164488.0,AAPL
2023-01-24 02:30:00+00:00,177.24,179.92,175.55,179.05,97662.0,MSFT
2023-01-24 02:30:00+00:00,675.93,684.8,663.15,667.39,25334.0,SPY
2023-01-24 03:30:00+00:00,163.83,170.46,162.5,167.06,25788.0,AAPL
2023-01-24 03:30:00+00:00,179.26,180.5,174.83,176.9,101643.0,MSFT
2023-01-24 03:30:00+00:00,666.53,676.9,663.03,673.12,74947.0,SPY
2023-01-24 04:30:00+00:00,167.07,168.15,166.49,167.56,10263.0,AAPL
2023-01-24 04:30:00+00:00,176.58,178.62,172.8,173.89,23828.0,MSFT
2023-01-24 04:30:00+00:00,672.75,682.56,667.73,678.14,54467.0,SPY
2023-01-24 05:30:00+00:00,167.69,172.27,165.66,169.93,18102.0,AAPL
2023-01-24 05:30:00+00:00,173.81,174.66,172.65,173.07,35683.0,MSFT
2023-01-24 05:30:00+00:00,678.98,680.28,675.8,677.98,49307.0,SPY
2023-01-24 06:30:00+00:00,170.21,170.65,169.45,170.16,92774.0,AAPL
2023-01-24 06:30:00+00:00,173.48,174.55,172.57,173.27,53807.0,MSFT
2023-01-24 06:30:00+00:00,678.45,681.76,670.69,674.04,53029.0,SPY
2023-01-24 07:30:00+00:00,169.89,176.87,167.72,174.74,68211.0,AAPL
2023-01-24 07:30:00+00:00,173.03,179.0,171.84,176.13,54005.0,MSFT
2023-01-24 07:30:00+00:00,675.51,689.58,670.88,685.22,46798.0,SPY
2023-01-24 08:30:00+00:00,174.76,176.83,170.16,172.24,59117.0,AAPL
2023-01-24 08:30:00+00:00,176.67,180.36,174.91,178.58,62450.0,MSFT
2023-01-24 08:30:00+00:00,687.62,692.62,682.44,689.25,134703.0,SPY
2023-01-24 09:30:00+00:00,172.15,172.95,170.98,171.61,59825.0,AAPL
2023-01-24 09:30:00+00:00,178.11,179.63,177.02,179.0,86475.0,MSFT
2023-01-24 09:30:00+00:00,689.22,700.28,685.37,695.21,92164.0,SPY
2023-01-24 10:30:00+00:00,171.35,173.78,166.91,168.62,43541.0,AAPL
2023-01-24 10:30:00+00:00,178.82,182.25,170.01,172.22,47055.0,MSFT
2023-01-24 10:30:00+00:00,694.51,705.48,690.97,700.18,23740.0,SPY
2023-01-24 11:30:00+00:00,168.38,171.22,166.82,170.12,62363.0,AAPL
2023-01-24 11:30:00+00:00,172.31,181.44,168.48,177.62,62315.0,MSFT
2023-01-24 11:30:00+00:00,698.87,704.27,676.79,685.37,29634.0,SPY
2023-01-24 12:30:00+00:00,170.09,172.71,165.46,167.35,46290.0,AAPL
2023-01-24 12:30:00+00:00,177.95,185.04,174.78,181.86,68391.0,MSFT
2023-01-24 12:30:00+00:00,685.3,702.35,654.61,666.25,80841.0,SPY
2023-01-24 13:30:00+00:00,167.27,169.99,166.31,168.73,139779.0,AAPL
2023-01-24 13:30:00+00:00,181.78,184.33,180.09,183.48,34182.0,MSFT
2023-01-24 13:30:00+00:00,666.74,698.62,652.33,689.35,22489.0,SPY
2023-01-24 14:30:00+00:00,168.38,177.17,166.45,173.01,51236.0,AAPL
2023-01-24 14:30:00+00:00,182.93,188.9,180.19,185.77,67928.0,MSFT
2023-01-24 14:30:00+00:00,688.76,694.27,679.67,682.94,99366.0,SPY
2023-01-24 15:30:00+00:00,172.33,177.1,170.11,174.85,133217.0,AAPL
2023-01-24 15:30:00+00:00,186.06,186.84,185.26,186.36,48154.0,MSFT
2023-01-24 15:30:00+00:00,683.5,691.89,678.7,687.07,35491.0,SPY
2023-01-24 16:30:00+00:00,174.77,175.8,173.44,174.03,62108.0,AAPL
2023-01-24 16:30:00+00:00,186.28,187.6,185.11,186.96,73793.0,MSFT
2023-01-24 16:30:00+00:00,687.59,691.84,685.86,689.03,74115.0,SPY
2023-01-24 17:30:00+00:00,174.04,176.96,168.62,170.16,85457.0,AAPL
2023-01-24 17:30:00+00:00,187.09,187.53,186.73,187.15,62322.0,MSFT
2023-01-24 17:30:00+00:00,688.68,708.43,680.44,701.54,55342.0,SPY
2023-01-24 18:30:00+00:00,169.72,176.73,167.11,173.83,53479.0,AAPL
2023-01-24 18:30:00+00:00,187.52,189.3,184.21,185.78,60965.0,MSFT
2023-01-24 18:30:00+00:00,700.88,708.36,683.64,691.86,66163.0,SPY
2023-01-24 19:30:00+00:00,173.71,179.32,172.16,177.03,142007.0,AAPL
2023-01-24 19:30:00+00:00,185.93,195.65,182.32,191.3,79482.0,MSFT
2023-01-24 19:30:00+00:00,691.78,703.97,666.5,675.72,77124.0,SPY
2023-01-24 20:30:00+00:00,177.07,179.12,171.85,173.39,63705.0,AAPL
2023-01-24 20:30:00+00:00,191.17,192.61,185.24,187.83,56323.0,MSFT
2023-01-24 20:30:00+00:00,676.83,687.86,652.77,664.0,69067.0,SPY
2023-01-24 21:30:00+00:00,173.23,179.45,170.66,176.41,30408.0,AAPL
2023-01-24 21:30:00+00:00,187.96,190.54,186.46,188.85,102341.0,MSFT
2023-01-24 21:30:00+00:00,666.38,673.05,655.62,661.27,39676.0,SPY
2023-01-24 22:30:00+00:00,176.44,180.77,174.3,178.51,122665.0,AAPL
2023-01-24 22:30:00+00:00,188.89,193.65,180.72,183.44,32528.0,MSFT
2023-01-24 22:30:00+00:00,660.96,663.28,659.6,661.05,52781.0,SPY
2023-01-24 23:30:00+00:00,178.79,183.68,170.98,173.76,29498.0,AAPL
2023-01-24 23:30:00+00:00,183.26,186.92,181.63,185.02,50353.0,MSFT
2023-01-24 23:30:00+00:00,661.96,674.41,643.0,650.69,84429.0,SPY
2023-01-25 00:30:00+00:00,173.82,175.58,169.35,170.83,37946.0,AAPL
2023-01-25 00:30:00+00:00,184.76,188.2,183.13,186.58,27416.0,MSFT
2023-01-25 00:30:00+00:00,651.64,667.61,645.39,661.56,30868.0,SPY
2023-01-25 01:30:00+00:00,170.91,172.99,169.59,172.15,52744.0,AAPL
2023-01-25 01:30:00+00:00,186.55,189.46,181.62,183.2,47649.0,MSFT
2023-01-25 01:30:00+00:00,661.52,666.6,658.04,664.26,43178.0,SPY
2023-01-25 02:30:00+00:00,171.87,175.24,169.38,174.2,9121.0,AAPL
2023-01-25 02:30:00+00:00,183.14,190.36,179.88,188.09,27838.0,MSFT
2023-01-25 02:30:00+00:00,665.66,675.24,636.32,643.93,33354.0,SPY
2023-01-25 03:30:00+00:00,173.97,175.17,173.21,174.42,139098.0,AAPL
2023-01-25 03:30:00+00:00,188.47,189.28,187.74,188.83,34362.0,MSFT
2023-01-25 03:30:00+00:00,644.3,649.3,642.44,647.28,19084.0,SPY
2023-01-25 04:30:00+00:00,173.93,175.07,173.31,174.55,19966.0,AAPL
2023-01-25 04:30:00+00:00,188.74,196.18,186.95,193.42,45772.0,MSFT
2023-01-25 04:30:00+00:00,646.49,652.12,641.84,648.23,21647.0,SPY
2023-01-25 05:30:00+00:00,175.03,180.81,171.88,179.31,59449.0,AAPL
2023-01-25 05:30:00+00:00,193.06,198.15,191.49,195.82,34573.0,MSFT
2023-01-25 05:30:00+00:00,648.01,651.48,645.3,647.67,42968.0,SPY
2023-01-25 06:30:00+00:00,179.6,181.09,175.87,177.69,93345.0,AAPL
2023-01-25 06:30:00+00:00,195.25,197.21,190.69,192.87,110904.0,MSFT
2023-01-25 06:30:00+00:00,648.54,650.29,646.11,648.21,52637.0,SPY
2023-01-25 07:30:00+00:00,177.94,179.64,175.35,176.38,58916.0,AAPL
2023-01-25 07:30:00+00:00,192.53,194.74,188.6,190.89,100188.0,MSFT
2023-01-25 07:30:00+00:00,646.93,672.48,634.51,660.66,30095.0,SPY
2023-01-25 08:30:00+00:00,175.99,176.57,174.09,175.34,42685.0,AAPL
2023-01-25 08:30:00+00:00,190.97,196.98,187.17,194.83,75717.0,MSFT
2023-01-25 08:30:00+00:00,659.07,666.43,656.86,662.25,35781.0,SPY
2023-01-25 09:30:00+00:00,175.37,187.55,169.72,183.11,82170.0,AAPL
2023-01-25 09:30:00+00:00,195.57,200.83,187.27,189.85,89085.0,MSFT
2023-01-25 09:30:00+00:00,663.45,669.61,661.46,666.42,68434.0,SPY
2023-01-25 10:30:00+00:00,183.58,185.39,182.38,184.39,49533.0,AAPL
2023-01-25 10:30:00+00:00,189.74,199.68,184.96,195.89,38194.0,MSFT
2023-01-25 10:30:00+00:00,666.06,675.44,661.89,670.65,25498.0,SPY
2023-01-25 11:30:00+00:00,183.85,184.48,181.82,182.97,55636.0,AAPL
2023-01-25 11:30:00+00:00,195.96,200.6,192.89,198.93,44922.0,MSFT
2023-01-25 11:30:00+00:00,669.87,677.28,655.1,661.44,55338.0,SPY
2023-01-25 12:30:00+00:00,182.56,191.09,180.96,186.93,56774.0,AAPL
2023-01-25 12:30:00+00:00,199.52,200.1,198.11,198.91,19043.0,MSFT
2023-01-25 12:30:00+00:00,662.86,678.34,655.33,669.24,72279.0,SPY
2023-01-25 13:30:00+00:00,186.73,189.85,175.46,179.81,23533.0,AAPL
2023-01-25 13:30:00+00:00,199.09,199.84,196.84,197.75,86920.0,MSFT
2023-01-25 13:30:00+00:00,669.56,671.96,664.81,668.21,33639.0,SPY
2023-01-25 14:30:00+00:00,179.6,183.45,177.55,182.15,21641.0,AAPL
2023-01-25 14:30:00+00:00,198.08,202.98,196.35,201.64,184631.0,MSFT
2023-01-25 14:30:00+00:00,668.71,675.53,664.0,671.43,28574.0,SPY
2023-01-25 15:30:00+00:00,182.06,184.19,178.81,179.84,55042.0,AAPL
2023-01-25 15:30:00+00:00,202.02,204.73,192.86,196.13,68444.0,MSFT
2023-01-25 15:30:00+00:00,669.19,685.84,661.69,677.9,68937.0,SPY
2023-01-25 16:30:00+00:00,179.73,183.23,174.02,176.55,63592.0,AAPL
2023-01-25 16:30:00+00:00,196.17,200.77,194.27,198.55,67018.0,MSFT
2023-01-25 16:30:00+00:00,678.78,685.13,664.76,670.91,58200.0,SPY
2023-01-25 17:30:00+00:00,176.54,179.54,175.9,177.95,78581.0,AAPL
2023-01-25 17:30:00+00:00,198.52,203.05,187.16,192.61,42578.0,MSFT
2023-01-25 17:30:00+00:00,672.17,673.46,667.83,670.23,38282.0,SPY
2023-01-25 18:30:00+00:00,178.31,184.35,176.24,182.14,10991.0,AAPL
2023-01-25 18:30:00+00:00,192.74,196.55,190.62,195.01,28187.0,MSFT
2023-01-25 18:30:00+00:00,671.19,687.32,667.06,681.87,34628.0,SPY
2023-01-25 19:30:00+00:00,181.82,183.93,175.73,177.99,99676.0,AAPL
2023-01-25 19:30:00+00:00,194.92,197.86,193.22,196.94,48653.0,MSFT
2023-01-25 19:30:00+00:00,681.48,687.66,669.17,674.8,90700.0,SPY
2023-01-25 20:30:00+00:00,178.25,179.55,174.52,176.18,71948.0,AAPL
2023-01-25 20:30:00+00:00,196.61,197.03,195.87,196.32,43739.0,MSFT
2023-01-25 20:30:00+00:00,676.67,680.99,670.7,673.41,61157.0,SPY
2023-01-25 21:30:00+00:00,175.69,181.46,174.1,178.48,44985.0,AAPL
2023-01-25 21:30:00+00:00,196.66,198.24,191.98,194.34,20608.0,MSFT
2023-01-25 21:30:00+00:00,673.43,691.33,667.48,683.19,100731.0,SPY
2023-01-25 22:30:00+00:00,178.25,180.37,171.78,174.16,54231.0,AAPL
2023-01-25 22:30:00+00:00,194.16,194.78,192.22,192.83,66466.0,MSFT
2023-01-25 22:30:00+00:00,682.91,689.62,671.49,677.61,30223.0,SPY
2023-01-25 23:30:00+00:00,174.49,177.34,166.13,168.79,39306.0,AAPL
2023-01-25 23:30:00+00:00,193.02,194.94,192.01,194.13,41302.0,MSFT
2023-01-25 23:30:00+00:00,677.25,706.98,661.63,696.17,63985.0,SPY
2023-01-26 00:30:00+00:00,168.64,169.93,167.03,167.83,36034.0,AAPL
2023-01-26 00:30:00+00:00,194.51,195.88,193.94,195.0,109763.0,MSFT
2023-01-26 00:30:00+00:00,695.66,706.67,677.07,683.43,33472.0,SPY
2023-01-26 01:30:00+00:00,167.93,170.17,166.9,169.41,33101.0,AAPL
2023-01-26 01:30:00+00:00,195.64,197.96,191.75,193.59,93463.0,MSFT
2023-01-26 01:30:00+00:00,683.5,690.18,670.65,674.36,114452.0,SPY
2023-01-26 02:30:00+00:00,169.58,172.48,162.42,165.5,53584.0,AAPL
2023-01-26 02:30:00+00:00,193.53,194.94,192.57,194.22,33546.0,MSFT
2023-01-26 02:30:00+00:00,674.09,689.76,665.69,682.41,89778.0,SPY
2023-01-26 03:30:00+00:00,164.95,165.95,164.14,165.55,76361.0,AAPL
2023-01-26 03:30:00+00:00,194.37,195.81,193.43,195.09,61715.0,MSFT
2023-01-26 03:30:00+00:00,680.9,698.59,676.07,690.43,36424.0,SPY
2023-01-26 04:30:00+00:00,165.39,166.41,161.85,163.29,136859.0,AAPL
2023-01-26 04:30:00+00:00,195.26,202.99,192.06,199.17,45608.0,MSFT
2023-01-26 04:30:00+00:00,691.58,695.95,675.55,684.02,146711.0,SPY
2023-01-26 05:30:00+00:00,163.35,163.76,162.88,163.22,50269.0,AAPL
2023-01-26 05:30:00+00:00,199.26,201.47,195.77,196.99,40549.0,MSFT
2023-01-26 05:30:00+00:00,684.24,689.75,680.61,686.02,86634.0,SPY
2023-01-26 06:30:00+00:00,163.34,168.02,161.04,166.2,68078.0,AAPL
2023-01-26 06:30:00+00:00,196.47,198.05,195.64,197.48,43170.0,MSFT
2023-01-26 06:30:00+00:00,683.64,709.69,670.07,696.37,57210.0,SPY
2023-01-26 07:30:00+00:00,166.17,167.88,161.11,163.36,48920.0,AAPL
2023-01-26 07:30:00+00:00,197.65,199.35,191.14,193.0,113610.0,MSFT
2023-01-26 07:30:00+00:00,695.96,706.74,690.76,700.16,56274.0,SPY
2023-01-26 08:30:00+00:00,163.49,164.07,161.35,162.52,56494.0,AAPL
2023-01-26 08:30:00+00:00,192.87,197.02,190.41,195.5,77314.0,MSFT
2023-01-26 08:30:00+00:00,698.96,714.02,691.03,708.38,52310.0,SPY
2023-01-26 09:30:00+00:00,162.7,166.36,160.66,165.25,76299.0,AAPL
2023-01-26 09:30:00+00:00,195.76,197.67,188.41,191.81,42272.0,MSFT
2023-01-26 09:30:00+00:00,708.36,723.47,703.41,716.95,46929.0,SPY
2023-01-26 10:30:00+00:00,165.09,167.09,164.54,166.31,64784.0,AAPL
2023-01-26 10:30:00+00:00,191.95,192.97,190.54,191.24,38468.0,MSFT
2023-01-26 10:30:00+00:00,717.61,720.37,715.55,718.0,48776.0,SPY
2023-01-26 11:30:00+00:00,165.98,167.07,165.27,166.04,52069.0,AAPL
2023-01-26 11:30:00+00:00,191.3,194.59,189.84,192.79,76980.0,MSFT
2023-01-26 11:30:00+00:00,717.07,738.42,706.33,730.74,63577.0,SPY
2023-01-26 12:30:00+00:00,165.96,167.35,161.71,163.85,56624.0,AAPL
2023-01-26 12:30:00+00:00,192.8,193.94,192.04,192.61,79656.0,MSFT
2023-01-26 12:30:00+00:00,730.57,731.56,729.4,730.49,55962.0,SPY
2023-01-26 13:30:00+00:00,163.74,165.45,163.3,164.6,71653.0,AAPL
2023-01-26 13:30:00+00:00,192.52,194.85,187.73,190.02,38062.0,MSFT
2023-01-26 13:30:00+00:00,733.32,749.01,728.89,741.19,39980.0,SPY
2023-01-26 14:30:00+00:00,164.59,165.3,163.98,164.88,45520.0,AAPL
2023-01-26 14:30:00+00:00,189.77,190.88,185.18,187.31,43169.0,MSFT
2023-01-26 14:30:00+00:00,740.33,742.99,735.99,738.15,23204.0,SPY
2023-01-26 15:30:00+00:00,164.84,166.61,160.48,162.57,67521.0,AAPL
2023-01-26 15:30:00+00:00,187.42,191.47,185.59,189.69,41574.0,MSFT
2023-01-26 15:30:00+00:00,738.08,743.73,733.75,740.07,56240.0,SPY
2023-01-26 16:30:00+00:00,162.35,166.17,159.85,165.18,29161.0,AAPL
2023-01-26 16:30:00+00:00,190.2,193.79,189.25,192.15,29033.0,MSFT
2023-01-26 16:30:00+00:00,740.17,761.51,733.8,752.3,48325.0,SPY
2023-01-26 17:30:00+00:00,165.36,166.01,162.57,164.11,23781.0,AAPL
2023-01-26 17:30:00+00:00,191.75,192.71,188.24,189.66,71094.0,MSFT
2023-01-26 17:30:00+00:00,751.57,757.35,738.83,745.43,79676.0,SPY
2023-01-26 18:30:00+00:00,163.94,169.01,161.48,166.54,76122.0,AAPL
2023-01-26 18:30:00+00:00,188.98,199.56,184.28,195.46,86566.0,MSFT
2023-01-26 18:30:00+00:00,743.31,746.1,738.66,741.72,70081.0,SPY
2023-01-26 19:30:00+00:00,166.72,167.93,163.64,164.84,56224.0,AAPL
2023-01-26 19:30:00+00:00,195.19,196.59,191.86,193.62,21345.0,MSFT
2023-01-26 19:30:00+00:00,742.52,745.33,734.95,737.45,32760.0,SPY
2023-01-26 20:30:00+00:00,164.81,170.8,161.31,168.62,24839.0,AAPL
2023-01-26 20:30:00+00:00,193.48,194.17,192.97,193.27,58158.0,MSFT
2023-01-26 20:30:00+00:00,735.21,758.8,724.44,748.01,89353.0,SPY
2023-01-26 21:30:00+00:00,168.25,169.98,167.64,169.16,58878.0,AAPL
2023-01-26 21:30:00+00:00,193.03,196.01,191.19,194.72,66199.0,MSFT
2023-01-26 21:30:00+00:00,750.33,776.34,742.91,764.4,82448.0,SPY
2023-01-26 22:30:00+00:00,169.0,169.86,168.57,169.23,13406.0,AAPL
2023-01-26 22:30:00+00:00,194.95,196.72,193.62,195.84,72059.0,MSFT
2023-01-26 22:30:00+00:00,765.67,774.33,762.76,769.86,37616.0,SPY
2023-01-26 23:30:00+00:00,168.99,170.99,167.86,169.66,67157.0,AAPL
2023-01-26 23:30:00+00:00,195.56,197.01,194.7,196.41,20120.0,MSFT
2023-01-26 23:30:00+00:00,768.66,786.84,761.01,778.99,36563.0,SPY
2023-01-27 00:30:00+00:00,169.65,170.36,166.63,168.21,54201.0,AAPL
2023-01-27 00:30:00+00:00,196.36,198.09,191.18,193.62,49211.0,MSFT
2023-01-27 00:30:00+00:00,778.1,800.15,766.17,790.49,109472.0,SPY
2023-01-27 01:30:00+00:00,168.11,170.95,163.14,165.54,51568.0,AAPL
2023-01-27 01:30:00+00:00,193.3,196.74,191.34,195.19,40536.0,MSFT
2023-01-27 01:30:00+00:00,790.98,799.76,775.64,783.38,137431.0,SPY
2023-01-27 02:30:00+00:00,165.56,167.58,164.14,166.9,126001.0,AAPL
2023-01-27 02:30:00+00:00,195.09,196.8,190.96,192.15,46866.0,MSFT
2023-01-27 02:30:00+00:00,781.31,784.45,770.09,776.99,62011.0,SPY
2023-01-27 03:30:00+00:00,167.38,168.77,166.05,166.77,66639.0,AAPL
2023-01-27 03:30:00+00:00,192.48,193.98,187.57,189.68,73983.0,MSFT
2023-01-27 03:30:00+00:00,776.69,790.81,770.7,784.91,36687.0,SPY
2023-01-27 04:30:00+00:00,166.83,170.08,159.73,162.07,52083.0,AAPL
2023-01-27 04:30:00+00:00,189.93,193.41,183.59,186.0,80707.0,MSFT
2023-01-27 04:30:00+00:00,783.34,823.18,773.5,809.2,61508.0,SPY
2023-01-27 05:30:00+00:00,162.07,162.5,160.97,161.58,45410.0,AAPL
2023-01-27 05:30:00+00:00,185.91,186.73,182.97,184.25,47740.0,MSFT
2023-01-27 05:30:00+00:00,809.64,813.13,807.99,811.43,99816.0,SPY
2023-01-27 06:30:00+00:00,162.2,163.92,159.76,160.81,31277.0,AAPL
2023-01-27 06:30:00+00:00,184.4,185.01,183.03,183.89,85190.0,MSFT
2023-01-27 06:30:00+00:00,814.05,823.17,796.57,801.9,61141.0,SPY
2023-01-27 07:30:00+00:00,161.06,164.69,159.68,163.66,46695.0,AAPL
2023-01-27 07:30:00+00:00,183.97,184.18,183.44,183.85,82424.0,MSFT
2023-01-27 07:30:00+00:00,803.38,811.47,772.46,784.69,72031.0,SPY
2023-01-27 08:30:00+00:00,164.0,164.63,163.2,163.73,52314.0,AAPL
2023-01-27 08:30:00+00:00,184.31,186.04,181.16,182.41,61798.0,MSFT
2023-01-27 08:30:00+00:00,784.24,806.93,774.67,799.54,100278.0,SPY
2023-01-27 09:30:00+00:00,163.84,165.38,161.38,162.95,19200.0,AAPL
2023-01-27 09:30:00+00:00,182.7,185.06,181.73,184.16,15135.0,MSFT
2023-01-27 09:30:00+00:00,800.19,810.16,772.76,786.31,129601.0,SPY
2023-01-27 10:30:00+00:00,163.16,164.57,162.53,163.5,51298.0,AAPL
2023-01-27 10:30:00+00:00,184.49,186.46,183.11,185.49,25209.0,MSFT
2023-01-27 10:30:00+00:00,785.84,788.12,780.1,782.89,36331.0,SPY
2023-01-27 11:30:00+00:00,163.34,171.51,158.42,169.46,65166.0,AAPL
2023-01-27 11:30:00+00:00,186.11,186.46,185.57,186.21,62759.0,MSFT
2023-01-27 11:30:00+00:00,781.02,788.02,770.06,773.69,49649.0,SPY
2023-01-27 12:30:00+00:00,169.56,171.15,162.48,165.48,67917.0,AAPL
2023-01-27 12:30:00+00:00,186.26,187.18,184.96,185.92,19722.0,MSFT
2023-01-27 12:30:00+00:00,772.16,774.26,770.92,772.86,60036.0,SPY
2023-01-27 13:30:00+00:00,165.47,165.92,165.21,165.55,130098.0,AAPL
2023-01-27 13:30:00+00:00,185.96,191.49,176.04,179.36,36407.0,MSFT
2023-01-27 13:30:00+00:00,773.09,813.84,750.12,803.63,56630.0,SPY
2023-01-27 14:30:00+00:00,165.59,168.44,164.61,166.83,9570.0,AAPL
2023-01-27 14:30:00+00:00,179.2,183.66,178.0,181.28,51591.0,MSFT
2023-01-27 14:30:00+00:00,803.18,823.28,791.61,816.21,40844.0,SPY
2023-01-27 15:30:00+00:00,166.71,171.7,163.78,169.92,25891.0,AAPL
2023-01-27 15:30:00+00:00,181.47,183.04,177.42,178.74,51402.0,MSFT
2023-01-27 15:30:00+00:00,817.13,832.03,785.11,799.8,36428.0,SPY
2023-01-27 16:30:00+00:00,169.92,174.16,168.7,172.41,110352.0,AAPL
2023-01-27 16:30:00+00:00,178.76,180.07,176.85,177.52,39582.0,MSFT
2023-01-27 16:30:00+00:00,800.81,819.06,761.73,776.16,36788.0,SPY
2023-01-27 17:30:00+00:00,172.45,174.23,171.18,173.09,34602.0,AAPL
2023-01-27 17:30:00+00:00,177.6,178.18,176.82,177.49,57802.0,MSFT
2023-01-27 17:30:00+00:00,776.78,783.11,768.23,773.04,53345.0,SPY
2023-01-27 18:30:00+00:00,172.8,173.41,172.0,172.62,52031.0,AAPL
2023-01-27 18:30:00+00:00,177.22,179.63,175.81,178.18,42866.0,MSFT
2023-01-27 18:30:00+00:00,772.75,777.12,761.06,765.4,66253.0,SPY
2023-01-27 19:30:00+00:00,172.35,177.29,169.66,175.17,38071.0,AAPL
2023-01-27 19:30:00+00:00,177.61,178.39,176.6,177.41,63219.0,MSFT
2023-01-27 19:30:00+00:00,765.36,780.48,761.21,773.27,21580.0,SPY
2023-01-27 20:30:00+00:00,175.28,177.88,168.24,171.45,30193.0,AAPL
2023-01-27 20:30:00+00:00,177.15,179.07,176.35,178.05,70682.0,MSFT
2023-01-27 20:30:00+00:00,773.68,790.99,766.15,784.95,33319.0,SPY
2023-01-27 21:30:00+00:00,171.65,172.76,166.99,169.36,131454.0,AAPL
2023-01-27 21:30:00+00:00,178.15,178.91,175.91,177.2,47642.0,MSFT
2023-01-27 21:30:00+00:00,784.96,794.78,781.12,788.64,44713.0,SPY
2023-01-27 22:30:00+00:00,168.86,169.17,168.33,168.88,58735.0,AAPL
2023-01-27 22:30:00+00:00,177.37,179.46,172.03,173.56,39356.0,MSFT
2023-01-27 22:30:00+00:00,787.53,814.84,771.53,802.96,46349.0,SPY
2023-01-27 23:30:00+00:00,169.34,174.75,166.73,172.51,33303.0,AAPL
2023-01-27 23:30:00+00:00,173.44,175.41,170.63,171.76,46039.0,MSFT
2023-01-27 23:30:00+00:00,802.1,822.88,796.05,813.43,103714.0,SPY
2023-01-28 00:30:00+00:00,172.5,172.69,171.98,172.36,44039.0,AAPL
2023-01-28 00:30:00+00:00,171.73,173.33,166.96,168.91,93205.0,MSFT
2023-01-28 00:30:00+00:00,813.17,814.73,811.83,813.54,37390.0,SPY
2023-01-28 01:30:00+00:00,172.01,172.71,171.04,171.71,34431.0,AAPL
2023-01-28 01:30:00+00:00,169.39,173.0,161.57,164.23,41188.0,MSFT
2023-01-28 01:30:00+00:00,813.71,821.96,810.02,818.32,30559.0,SPY
2023-01-28 02:30:00+00:00,171.74,175.03,170.96,173.34,174051.0,AAPL
2023-01-28 02:30:00+00:00,164.49,165.78,163.12,163.91,92751.0,MSFT
2023-01-28 02:30:00+00:00,818.31,829.81,795.47,803.14,41018.0,SPY
2023-01-28 03:30:00+00:00,173.15,173.88,172.83,173.41,85430.0,AAPL
2023-01-28 03:30:00+00:00,164.04,166.12,162.93,165.03,46306.0,MSFT
2023-01-28 03:30:00+00:00,803.55,840.12,793.98,822.18,36052.0,SPY
2023-01-28 04:30:00+00:00,172.86,175.83,172.0,174.28,66695.0,AAPL
2023-01-28 04:30:00+00:00,165.0,166.0,163.89,164.62,59178.0,MSFT
2023-01-28 04:30:00+00:00,818.83,842.85,811.42,834.19,40511.0,SPY
2023-01-28 05:30:00+00:00,173.86,175.4,168.24,170.18,28207.0,AAPL
2023-01-28 05:30:00+00:00,164.43,165.87,159.37,161.47,48287.0,MSFT
2023-01-28 05:30:00+00:00,833.87,843.78,811.85,822.09,32047.0,SPY
2023-01-28 06:30:00+00:00,170.25,171.0,168.9,169.6,47380.0,AAPL
2023-01-28 06:30:00+00:00,161.53,162.56,158.86,160.24,29117.0,MSFT
2023-01-28 06:30:00+00:00,820.34,826.42,810.3,813.77,62174.0,SPY
2023-01-28 07:30:00+00:00,170.05,171.02,167.18,168.3,76516.0,AAPL
2023-01-28 07:30:00+00:00,159.75,162.85,158.58,161.17,25471.0,MSFT
2023-01-28 07:30:00+00:00,812.75,819.68,803.31,808.52,25846.0,SPY
2023-01-28 08:30:00+00:00,168.05,171.26,166.8,169.99,38858.0,AAPL
2023-01-28 08:30:00+00:00,161.23,163.7,155.94,157.34,48443.0,MSFT
2023-01-28 08:30:00+00:00,808.37,816.52,801.43,812.4,15883.0,SPY
2023-01-28 09:30:00+00:00,169.71,170.44,167.61,168.64,76728.0,AAPL
2023-01-28 09:30:00+00:00,157.12,158.72,153.69,155.03,67631.0,MSFT
2023-01-28 09:30:00+00:00,813.31,823.01,784.86,792.87,75552.0,SPY
2023-01-28 10:30:00+00:00,168.49,176.27,165.79,173.0,202140.0,AAPL
2023-01-28 10:30:00+00:00,155.07,156.21,152.36,153.8,38254.0,MSFT
2023-01-28 10:30:00+00:00,792.16,809.37,742.38,765.1,24815.0,SPY
2023-01-28 11:30:00+00:00,173.33,175.37,172.63,174.15,51614.0,AAPL
2023-01-28 11:30:00+00:00,153.59,155.63,148.26,150.41,100891.0,MSFT
2023-01-28 11:30:00+00:00,763.42,779.04,730.92,745.92,52013.0,SPY
2023-01-28 12:30:00+00:00,174.36,176.1,170.39,172.18,38717.0,AAPL
2023-01-28 12:30:00+00:00,150.36,151.93,148.27,149.14,37241.0,MSFT
2023-01-28 12:30:00+00:00,744.81,750.43,727.4,735.96,89987.0,SPY
2023-01-28 13:30:00+00:00,172.18,173.37,168.7,170.2,161955.0,AAPL
2023-01-28 13:30:00+00:00,149.41,151.36,143.05,144.84,17371.0,MSFT
2023-01-28 13:30:00+00:00,734.94,741.66,713.09,724.48,50615.0,SPY
2023-01-28 14:30:00+00:00,170.27,177.62,167.79,174.48,31443.0,AAPL
2023-01-28 14:30:00+00:00,145.03,146.15,140.87,142.41,18708.0,MSFT
2023-01-28 14:30:00+00:00,723.55,757.04,714.3,746.77,32104.0,SPY
2023-01-28 15:30:00+00:00,174.7,177.85,167.46,170.22,55259.0,AAPL
2023-01-28 15:30:00+00:00,142.29,146.14,140.19,143.95,64749.0,MSFT
2023-01-28 15:30:00+00:00,746.15,780.79,731.94,764.66,87446.0,SPY
2023-01-28 16:30:00+00:00,170.36,173.17,165.12,167.47,108831.0,AAPL
2023-01-28 16:30:00+00:00,143.5,156.37,138.9,150.64,70015.0,MSFT
2023-01-28 16:30:00+00:00,764.83,779.44,756.35,772.94,40884.0,SPY
2023-01-28 17:30:00+00:00,167.4,170.07,166.47,168.85,138654.0,AAPL
2023-01-28 17:30:00+00:00,150.86,152.29,149.05,149.69,19303.0,MSFT
2023-01-28 17:30:00+00:00,769.87,775.12,758.65,762.94,39451.0,SPY
2023-01-28 18:30:00+00:00,168.8,174.58,166.34,173.11,55306.0,AAPL
2023-01-28 18:30:00+00:00,149.72,153.41,147.81,151.74,80092.0,MSFT
2023-01-28 18:30:00+00:00,764.18,767.75,755.1,759.45,32941.0,SPY
2023-01-28 19:30:00+00:00,173.29,177.28,170.81,175.64,43579.0,AAPL
2023-01-28 19:30:00+00:00,152.0,154.23,147.49,149.15,52463.0,MSFT
2023-01-28 19:30:00+00:00,760.76,773.87,757.13,767.28,19912.0,SPY
2023-01-28 20:30:00+00:00,175.35,177.77,174.56,176.54,33580.0,AAPL
2023-01-28 20:30:00+00:00,149.21,149.99,147.35,148.5,41582.0,MSFT
2023-01-28 20:30:00+00:00,768.91,814.81,746.05,795.63,43116.0,SPY
2023-01-28 21:30:00+00:00,176.65,178.11,174.06,175.36,21131.0,AAPL
2023-01-28 21:30:00+00:00,148.68,149.18,147.35,148.26,106110.0,MSFT
2023-01-28 21:30:00+00:00,796.95,804.53,778.47,783.96,56143.0,SPY
2023-01-28 22:30:00+00:00,175.9,177.79,172.29,173.71,80754.0,AAPL
2023-01-28 22:30:00+00:00,148.18,149.2,146.51,147.19,39610.0,MSFT
2023-01-28 22:30:00+00:00,784.23,786.51,777.84,780.68,22883.0,SPY
2023-01-28 23:30:00+00:00,173.6,174.47,171.38,172.53,48646.0,AAPL
2023-01-28 23:30:00+00:00,146.61,149.28,145.36,148.47,17848.0,MSFT
2023-01-28 23:30:00+00:00,780.25,782.26,777.11,779.47,53570.0,SPY
2023-01-29 00:30:00+00:00,172.47,173.98,169.12,170.65,29483.0,AAPL
2023-01-29 00:30:00+00:00,148.58,151.05,147.17,149.99,104047.0,MSFT
2023-01-29 00:30:00+00:00,780.07,800.48,771.09,792.48,15942.0,SPY
2023-01-29 01:30:00+00:00,170.53,171.02,169.33,169.97,51531.0,AAPL
2023-01-29 01:30:00+00:00,150.02,150.82,148.85,149.86,31771.0,MSFT
2023-01-29 01:30:00+00:00,791.49,806.57,782.67,800.97,87864.0,SPY
2023-01-29 02:30:00+00:00,170.1,171.07,166.83,168.57,41831.0,AAPL
2023-01-29 02:30:00+00:00,149.89,150.69,146.73,147.76,44837.0,MSFT
2023-01-29 02:30:00+00:00,800.61,802.89,794.91,797.41,39896.0,SPY
2023-01-29 03:30:00+00:00,168.35,168.71,167.56,168.06,93645.0,AAPL
2023-01-29 03:30:00+00:00,147.55,148.35,146.11,146.68,9700.0,MSFT
2023-01-29 03:30:00+00:00,799.3,809.38,796.02,804.82,57654.0,SPY
2023-01-29 04:30:00+00:00,167.94,168.95,164.98,166.26,49261.0,AAPL
2023-01-29 04:30:00+00:00,146.59,147.05,146.1,146.38,103174.0,MSFT
2023-01-29 04:30:00+00:00,804.36,817.74,794.73,811.26,58815.0,SPY
2023-01-29 05:30:00+00:00,166.46,174.11,164.2,171.53,107796.0,AAPL
2023-01-29 05:30:00+00:00,146.03,146.86,143.76,145.02,42025.0,MSFT
2023-01-29 05:30:00+00:00,812.0,814.81,810.36,812.99,70939.0,SPY
2023-01-29 06:30:00+00:00,171.79,172.92,171.31,172.32,85324.0,AAPL
2023-01-29 06:30:00+00:00,145.02,145.42,144.75,145.11,41459.0,MSFT
2023-01-29 06:30:00+00:00,814.88,825.69,810.94,821.44,17463.0,SPY
2023-01-29 07:30:00+00:00,172.17,172.61,171.87,172.37,51075.0,AAPL
2023-01-29 07:30:00+00:00,144.86,145.67,144.33,145.0,99952.0,MSFT
2023-01-29 07:30:00+00:00,821.76,832.83,815.71,825.96,41565.0,SPY
2023-01-29 08:30:00+00:00,172.49,173.97,171.53,173.33,74995.0,AAPL
2023-01-29 08:30:00+00:00,144.57,146.34,143.73,145.45,79137.0,MSFT
2023-01-29 08:30:00+00:00,823.89,829.32,811.32,817.32,109915.0,SPY
2023-01-29 09:30:00+00:00,173.29,179.77,170.03,177.9,45618.0,AAPL
2023-01-29 09:30:00+00:00,145.53,145.94,144.36,144.76,108609.0,MSFT
2023-01-29 09:30:00+00:00,815.39,827.22,808.82,823.18,67651.0,SPY
2023-01-29 10:30:00+00:00,177.7,178.57,176.93,177.45,38211.0,AAPL
2023-01-29 10:30:00+00:00,144.42,147.16,143.52,145.96,58662.0,MSFT
2023-01-29 10:30:00+00:00,826.41,835.93,809.81,818.17,31712.0,SPY
2023-01-29 11:30:00+00:00,177.39,183.36,174.32,181.15,47891.0,AAPL
2023-01-29 11:30:00+00:00,145.92,151.73,143.17,149.31,53254.0,MSFT
2023-01-29 11:30:00+00:00,817.71,838.74,810.13,828.76,24286.0,SPY
2023-01-29 12:30:00+00:00,181.38,182.98,180.8,181.9,78012.0,AAPL
2023-01-29 12:30:00+00:00,149.75,151.34,146.46,147.85,43334.0,MSFT
2023-01-29 12:30:00+00:00,829.38,834.74,814.65,822.65,46811.0,SPY
2023-01-29 13:30:00+00:00,182.29,191.9,177.65,188.67,39318.0,AAPL
2023-01-29 13:30:00+00:00,147.78,150.73,146.61,149.59,35264.0,MSFT
2023-01-29 13:30:00+00:00,823.39,825.64,822.39,824.03,63303.0,SPY
2023-01-29 14:30:00+00:00,189.28,190.36,187.67,188.54,31388.0,AAPL
2023-01-29 14:30:00+00:00,149.94,151.41,145.33,147.8,48246.0,MSFT
2023-01-29 14:30:00+00:00,824.07,829.33,808.86,817.22,54053.0,SPY
2023-01-29 15:30:00+00:00,188.92,194.41,176.89,182.74,41492.0,AAPL
2023-01-29 15:30:00+00:00,147.76,148.59,147.12,147.72,43003.0,MSFT
2023-01-29 15:30:00+00:00,818.15,821.73,805.8,812.54,80803.0,SPY
2023-01-29 16:30:00+00:00,182.78,186.09,181.34,184.54,26328.0,AAPL
2023-01-29 16:30:00+00:00,147.92,150.56,139.3,143.49,53286.0,MSFT
2023-01-29 16:30:00+00:00,811.87,824.71,807.07,818.65,62325.0,SPY
2023-01-29 17:30:00+00:00,184.71,185.46,182.09,183.54,132730.0,AAPL
2023-01-29 17:30:00+00:00,143.38,144.23,142.89,143.71,82630.0,MSFT
2023-01-29 17:30:00+00:00,819.96,832.05,796.66,805.23,68126.0,SPY
2023-01-29 18:30:00+00:00,183.01,186.46,173.8,177.75,21033.0,AAPL
2023-01-29 18:30:00+00:00,143.2,144.95,138.74,140.71,94328.0,MSFT
2023-01-29 18:30:00+00:00,806.3,821.02,778.47,789.75,33366.0,SPY
2023-01-29 19:30:00+00:00,177.54,179.31,173.36,175.39,83197.0,AAPL
2023-01-29 19:30:00+00:00,140.63,142.79,135.53,137.23,40701.0,MSFT
2023-01-29 19:30:00+00:00,787.33,831.66,776.98,813.08,61337.0,SPY
2023-01-29 20:30:00+00:00,175.27,178.66,168.48,171.61,38424.0,AAPL
2023-01-29 20:30:00+00:00,137.22,138.19,136.18,136.74,58323.0,MSFT
2023-01-29 20:30:00+00:00,812.86,844.16,803.28,829.04,19946.0,SPY
2023-01-29 21:30:00+00:00,172.19,177.46,170.58,174.91,68165.0,AAPL
2023-01-29 21:30:00+00:00,136.41,142.24,133.25,140.68,35860.0,MSFT
2023-01-29 21:30:00+00:00,828.92,833.92,823.02,830.96,49160.0,SPY
2023-01-29 22:30:00+00:00,174.85,175.25,174.29,174.59,95515.0,AAPL
2023-01-29 22:30:00+00:00,141.02,142.6,138.09,139.12,44773.0,MSFT
2023-01-29 22:30:00+00:00,831.29,838.86,817.97,824.82,51193.0,SPY
2023-01-29 23:30:00+00:00,174.19,174.72,173.35,173.94,46795.0,AAPL
2023-01-29 23:30:00+00:00,138.96,139.87,135.46,136.97,33214.0,MSFT
2023-01-29 23:30:00+00:00,824.74,830.78,820.99,828.03,28191.0,SPY
2023-01-30 00:30:00+00:00,174.21,175.04,172.16,173.21,41065.0,AAPL
2023-01-30 00:30:00+00:00,136.99,138.85,135.81,137.96,75687.0,MSFT
2023-01-30 00:30:00+00:00,829.05,835.25,818.68,821.65,77712.0,SPY
2023-01-30 01:30:00+00:00,173.29,175.74,172.7,174.39,131124.0,AAPL
2023-01-30 01:30:00+00:00,138.04,140.62,137.11,139.33,48771.0,MSFT
2023-01-30 01:30:00+00:00,821.87,832.21,814.79,828.51,75313.0,SPY
2023-01-30 02:30:00+00:00,174.19,177.1,169.09,171.63,35716.0,AAPL
2023-01-30 02:30:00+00:00,139.56,141.82,132.73,135.32,86501.0,MSFT
2023-01-30 02:30:00+00:00,829.54,832.92,825.15,827.7,41769.0,SPY
2023-01-30 03:30:00+00:00,171.59,173.04,169.92,170.65,36543.0,AAPL
2023-01-30 03:30:00+00:00,135.28,139.5,132.42,137.83,75392.0,MSFT
2023-01-30 03:30:00+00:00,827.19,836.79,822.96,831.21,95653.0,SPY
2023-01-30 04:30:00+00:00,170.6,174.73,168.45,173.34,30659.0,AAPL
2023-01-30 04:30:00+00:00,137.42,138.24,134.81,135.84,34460.0,MSFT
2023-01-30 04:30:00+00:00,831.42,834.0,825.42,828.68,72243.0,SPY
2023-01-30 05:30:00+00:00,173.25,175.21,171.88,174.13,45022.0,AAPL
2023-01-30 05:30:00+00:00,135.82,138.58,127.99,131.51,39547.0,MSFT
2023-01-30 05:30:00+00:00,829.17,850.9,819.58,840.12,113582.0,SPY
2023-01-30 06:30:00+00:00,174.13,176.89,173.39,175.55,43507.0,AAPL
2023-01-30 06:30:00+00:00,131.7,132.47,130.92,131.4,259597.0,MSFT
2023-01-30 06:30:00+00:00,839.38,842.61,826.06,832.0,48985.0,SPY
2023-01-30 07:30:00+00:00,175.45,178.15,174.44,176.86,46566.0,AAPL
2023-01-30 07:30:00+00:00,131.21,132.98,130.52,132.19,41605.0,MSFT
2023-01-30 07:30:00+00:00,831.3,844.05,799.02,814.5,58523.0,SPY
2023-01-30 08:30:00+00:00,176.86,179.5,170.99,173.9,36632.0,AAPL
2023-01-30 08:30:00+00:00,131.61,132.17,130.89,131.26,85452.0,MSFT
2023-01-30 08:30:00+00:00,816.19,823.54,789.56,802.01,55721.0,SPY
2023-01-30 09:30:00+00:00,173.87,184.12,171.45,179.73,30881.0,AAPL
2023-01-30 09:30:00+00:00,131.74,132.25,130.4,131.11,93526.0,MSFT
2023-01-30 09:30:00+00:00,804.05,814.09,763.27,783.6,60319.0,SPY
2023-01-30 10:30:00+00:00,179.88,180.47,179.36,179.78,42292.0,AAPL
2023-01-30 10:30:00+00:00,131.1,137.32,128.75,134.54,34496.0,MSFT
2023-01-30 10:30:00+00:00,784.85,787.66,772.67,779.73,28073.0,SPY
2023-01-30 11:30:00+00:00,179.66,180.25,177.5,178.7,30840.0,AAPL
2023-01-30 11:30:00+00:00,133.98,134.42,132.96,133.37,89174.0,MSFT
2023-01-30 11:30:00+00:00,777.47,781.26,773.89,778.74,53959.0,SPY
2023-01-30 12:30:00+00:00,178.68,182.99,170.03,173.77,87002.0,AAPL
2023-01-30 12:30:00+00:00,133.88,134.35,133.55,133.86,53932.0,MSFT
2023-01-30 12:30:00+00:00,778.89,782.01,772.61,776.98,23323.0,SPY
2023-01-30 13:30:00+00:00,173.16,177.39,170.71,175.78,81658.0,AAPL
2023-01-30 13:30:00+00:00,134.19,136.53,132.77,135.58,63619.0,MSFT
2023-01-30 13:30:00+00:00,774.54,777.79,762.12,766.78,45172.0,SPY
2023-01-30 14:30:00+00:00,175.68,176.13,175.06,175.52,43995.0,AAPL
2023-01-30 14:30:00+00:00,135.3,136.36,133.88,134.54,95372.0,MSFT
2023-01-30 14:30:00+00:00,766.63,789.1,761.68,777.81,56740.0,SPY
2023-01-30 15:30:00+00:00,175.22,175.61,174.59,174.94,32105.0,AAPL
2023-01-30 15:30:00+00:00,134.81,136.43,132.05,133.16,39489.0,MSFT
2023-01-30 15:30:00+00:00,777.3,782.29,768.3,774.11,155091.0,SPY
2023-01-30 16:30:00+00:00,174.79,176.17,173.89,175.31,39004.0,AAPL
2023-01-30 16:30:00+00:00,133.14,134.64,130.27,131.69,37179.0,MSFT
2023-01-30 16:30:00+00:00,773.49,776.67,771.67,774.75,44932.0,SPY
2023-01-30 17:30:00+00:00,174.83,177.73,173.36,176.6,30585.0,AAPL
2023-01-30 17:30:00+00:00,131.72,132.47,129.56,130.43,67107.0,MSFT
2023-01-30 17:30:00+00:00,774.8,779.78,767.78,773.01,44472.0,SPY
2023-01-30 18:30:00+00:00,176.3,179.79,174.36,177.85,21391.0,AAPL
2023-01-30 18:30:00+00:00,130.59,131.27,127.3,128.84,46882.0,MSFT
2023-01-30 18:30:00+00:00,771.94,783.66,750.88,760.05,60093.0,SPY
2023-01-30 19:30:00+00:00,177.6,178.94,176.48,177.82,28151.0,AAPL
2023-01-30 19:30:00+00:00,129.03,129.28,128.19,128.71,43162.0,MSFT
2023-01-30 19:30:00+00:00,758.89,788.63,744.66,775.04,48961.0,SPY
2023-01-30 20:30:00+00:00,178.12,180.16,176.69,179.16,43423.0,AAPL
2023-01-30 20:30:00+00:00,128.92,132.1,122.58,125.66,71231.0,MSFT
2023-01-30 20:30:00+00:00,774.7,782.25,754.26,761.03,129073.0,SPY
2023-01-30 21:30:00+00:00,179.0,180.62,174.53,176.58,47598.0,AAPL
2023-01-30 21:30:00+00:00,125.68,128.36,124.66,127.61,84497.0,MSFT
2023-01-30 21:30:00+00:00,760.17,775.9,725.89,742.45,62747.0,SPY
2023-01-30 22:30:00+00:00,176.44,178.34,169.86,172.03,83960.0,AAPL
2023-01-30 22:30:00+00:00,127.5,129.91,126.51,128.78,64873.0,MSFT
2023-01-30 22:30:00+00:00,742.05,745.5,728.94,736.33,86108.0,SPY
2023-01-30 23:30:00+00:00,172.08,173.09,169.2,170.77,30359.0,AAPL
2023-01-30 23:30:00+00:00,128.6,130.04,125.27,126.59,151529.0,MSFT
2023-01-30 23:30:00+00:00,735.2,738.31,729.55,731.62,25837.0,SPY
2023-01-31 00:30:00+00:00,170.66,171.68,169.3,170.41,46341.0,AAPL
2023-01-31 00:30:00+00:00,126.43,127.0,125.87,126.63,82442.0,MSFT
2023-01-31 00:30:00+00:00,732.27,737.84,711.83,722.05,49977.0,SPY
2023-01-31 01:30:00+00:00,170.25,171.14,169.68,170.63,109461.0,AAPL
2023-01-31 01:30:00+00:00,126.82,127.68,125.14,125.92,69818.0,MSFT
2023-01-31 01:30:00+00:00,721.88,737.43,683.0,698.3,99730.0,SPY
2023-01-31 02:30:00+00:00,170.77,173.32,170.0,171.75,47925.0,AAPL
2023-01-31 02:30:00+00:00,126.12,128.13,124.95,127.38,29095.0,MSFT
2023-01-31 02:30:00+00:00,697.27,710.02,691.29,705.65,65963.0,SPY
2023-01-31 03:30:00+00:00,172.05,175.12,170.94,173.54,44549.0,AAPL
2023-01-31 03:30:00+00:00,127.31,127.79,126.94,127.18,67841.0,MSFT
2023-01-31 03:30:00+00:00,705.32,729.62,692.41,717.05,44045.0,SPY
2023-01-31 04:30:00+00:00,173.44,174.21,171.23,172.1,27901.0,AAPL
2023-01-31 04:30:00+00:00,127.17,127.67,125.73,126.48,80679.0,MSFT
2023-01-31 04:30:00+00:00,717.16,720.86,702.66,709.22,66674.0,SPY
2023-01-31 05:30:00+00:00,172.08,176.07,170.69,174.16,48966.0,AAPL
2023-01-31 05:30:00+00:00,126.62,129.32,124.99,128.27,112123.0,MSFT
2023-01-31 05:30:00+00:00,708.62,713.68,699.04,703.82,80650.0,SPY
2023-01-31 06:30:00+00:00,173.74,177.5,171.09,176.27,51087.0,AAPL
2023-01-31 06:30:00+00:00,128.07,129.07,125.53,126.91,37045.0,MSFT
2023-01-31 06:30:00+00:00,703.61,721.78,697.85,716.74,118240.0,SPY
2023-01-31 07:30:00+00:00,176.3,178.95,170.68,173.21,31302.0,AAPL
2023-01-31 07:30:00+00:00,126.78,127.44,126.18,126.7,40752.0,MSFT
2023-01-31 07:30:00+00:00,716.82,731.32,711.05,724.83,47413.0,SPY
2023-01-31 08:30:00+00:00,172.51,174.54,168.61,170.75,46752.0,AAPL
2023-01-31 08:30:00+00:00,126.8,130.05,125.06,129.01,53909.0,MSFT
2023-01-31 08:30:00+00:00,726.68,737.22,705.04,712.3,51063.0,SPY
2023-01-31 09:30:00+00:00,171.14,173.27,166.46,168.78,245803.0,AAPL
2023-01-31 09:30:00+00:00,128.82,130.04,124.41,126.56,72212.0,MSFT
2023-01-31 09:30:00+00:00,712.82,721.77,690.8,697.82,42939.0,SPY
2023-01-31 10:30:00+00:00,169.13,171.21,168.32,169.94,34720.0,AAPL
2023-01-31 10:30:00+00:00,126.01,126.82,124.85,125.26,37910.0,MSFT
2023-01-31 10:30:00+00:00,697.61,700.07,689.74,692.81,32715.0,SPY
2023-01-31 11:30:00+00:00,169.96,178.88,165.19,175.84,36177.0,AAPL
2023-01-31 11:30:00+00:00,125.09,125.54,124.32,124.62,16492.0,MSFT
2023-01-31 11:30:00+00:00,692.61,696.16,683.6,687.56,36603.0,SPY
2023-01-31 12:30:00+00:00,176.3,185.45,173.93,181.35,55026.0,AAPL
2023-01-31 12:30:00+00:00,124.88,133.14,121.18,129.38,20546.0,MSFT
2023-01-31 12:30:00+00:00,687.86,698.48,684.05,694.0,77633.0,SPY
2023-01-31 13:30:00+00:00,180.68,181.2,180.12,180.77,125699.0,AAPL
2023-01-31 13:30:00+00:00,129.3,131.42,128.41,130.76,47597.0,MSFT
2023-01-31 13:30:00+00:00,694.41,706.45,689.77,702.05,19001.0,SPY
2023-01-31 14:30:00+00:00,180.83,184.98,172.86,176.04,91969.0,AAPL
2023-01-31 14:30:00+00:00,130.85,134.33,128.79,133.42,112476.0,MSFT
2023-01-31 14:30:00+00:00,702.68,711.8,684.48,694.14,46189.0,SPY
2023-01-31 15:30:00+00:00,176.49,179.6,170.99,172.9,78554.0,AAPL
2023-01-31 15:30:00+00:00,133.58,134.04,133.29,133.66,96836.0,MSFT
2023-01-31 15:30:00+00:00,694.59,710.89,649.3,664.61,123856.0,SPY
2023-01-31 16:30:00+00:00,172.61,177.53,170.08,175.04,75647.0,AAPL
2023-01-31 16:30:00+00:00,133.79,134.54,131.6,132.64,55724.0,MSFT
2023-01-31 16:30:00+00:00,666.57,680.91,636.08,647.92,47701.0,SPY
2023-01-31 17:30:00+00:00,174.43,177.76,173.13,176.72,35818.0,AAPL
2023-01-31 17:30:00+00:00,132.66,135.61,131.56,134.15,79153.0,MSFT
2023-01-31 17:30:00+00:00,648.99,661.16,641.56,655.7,50567.0,SPY
2023-01-31 18:30:00+00:00,176.55,185.17,174.31,182.17,42825.0,AAPL
2023-01-31 18:30:00+00:00,134.35,137.83,133.26,136.53,31174.0,MSFT
2023-01-31 18:30:00+00:00,655.45,691.56,643.61,674.63,41295.0,SPY
2023-01-31 19:30:00+00:00,182.56,184.37,178.75,180.77,39716.0,AAPL
2023-01-31 19:30:00+00:00,136.44,137.67,135.08,135.63,25964.0,MSFT
2023-01-31 19:30:00+00:00,674.27,678.36,671.91,675.19,35392.0,SPY
2023-01-31 20:30:00+00:00,180.68,181.89,175.92,178.12,32024.0,AAPL
2023-01-31 20:30:00+00:00,136.02,137.5,135.14,136.55,150550.0,MSFT
2023-01-31 20:30:00+00:00,674.08,678.17,669.24,673.12,34406.0,SPY
2023-01-31 21:30:00+00:00,178.37,189.43,174.89,184.39,30273.0,AAPL
2023-01-31 21:30:00+00:00,136.85,140.84,135.12,139.18,23707.0,MSFT
2023-01-31 21:30:00+00:00,673.27,683.22,654.18,662.03,53694.0,SPY
2023-01-31 22:30:00+00:00,184.6,185.28,184.28,184.69,58268.0,AAPL
2023-01-31 22:30:00+00:00,138.98,140.54,138.41,139.85,111535.0,MSFT
2023-01-31 22:30:00+00:00,662.99,666.8,656.65,659.54,28628.0,SPY
2023-01-31 23:30:00+00:00,184.79,190.69,181.97,187.85,39019.0,AAPL
2023-01-31 23:30:00+00:00,140.02,140.34,138.96,139.46,85059.0,MSFT
2023-01-31 23:30:00+00:00,659.03,669.63,638.1,648.4,38868.0,SPY
2023-02-01 00:30:00+00:00,187.7,190.55,186.71,188.85,31477.0,AAPL
2023-02-01 00:30:00+00:00,139.29,142.42,134.39,136.02,95157.0,MSFT
2023-02-01 00:30:00+00:00,648.16,656.58,631.18,638.2,25713.0,SPY
2023-02-01 01:30:00+00:00,188.49,193.86,186.16,191.55,35826.0,AAPL
2023-02-01 01:30:00+00:00,135.78,138.1,134.48,137.34,72237.0,MSFT
2023-02-01 01:30:00+00:00,639.73,643.54,637.11,640.52,41659.0,SPY
2023-02-01 02:30:00+00:00,190.97,197.12,187.45,194.23,42081.0,AAPL
2023-02-01 02:30:00+00:00,136.84,139.56,135.28,138.38,68133.0,MSFT
2023-02-01 02:30:00+00:00,640.25,687.3,623.96,667.4,24403.0,SPY
2023-02-01 03:30:00+00:00,194.06,196.33,187.66,190.57,43566.0,AAPL
2023-02-01 03:30:00+00:00,138.74,139.23,136.25,137.47,174925.0,MSFT
2023-02-01 03:30:00+00:00,667.77,677.31,646.26,657.21,62825.0,SPY
2023-02-01 04:30:00+00:00,190.49,191.65,185.95,187.87,35619.0,AAPL
2023-02-01 04:30:00+00:00,137.63,138.21,136.58,137.07,53036.0,MSFT
2023-02-01 04:30:00+00:00,657.53,669.53,635.43,644.98,39177.0,SPY
2023-02-01 05:30:00+00:00,187.98,190.45,183.81,185.37,69287.0,AAPL
2023-02-01 05:30:00+00:00,137.19,140.19,131.29,133.91,73404.0,MSFT
2023-02-01 05:30:00+00:00,644.3,646.75,640.85,642.45,60107.0,SPY
2023-02-01 06:30:00+00:00,185.37,185.62,184.77,185.23,58519.0,AAPL
2023-02-01 06:30:00+00:00,133.88,136.32,133.02,135.36,28608.0,MSFT
2023-02-01 06:30:00+00:00,642.63,654.78,626.26,631.67,46426.0,SPY
2023-02-01 07:30:00+00:00,184.94,196.22,179.42,191.85,65371.0,AAPL
2023-02-01 07:30:00+00:00,135.44,136.44,135.04,135.88,79218.0,MSFT
2023-02-01 07:30:00+00:00,630.18,635.84,627.35,632.1,53912.0,SPY
2023-02-01 08:30:00+00:00,191.52,193.22,190.55,192.15,36828.0,AAPL
2023-02-01 08:30:00+00:00,135.77,137.46,132.34,134.11,83976.0,MSFT
2023-02-01 08:30:00+00:00,631.0,638.32,626.5,634.96,38735.0,SPY
2023-02-01 09:30:00+00:00,192.17,193.06,191.16,192.18,50927.0,AAPL
2023-02-01 09:30:00+00:00,134.11,138.45,132.17,136.73,104347.0,MSFT
2023-02-01 09:30:00+00:00,635.73,645.67,633.01,639.07,71282.0,SPY
2023-02-01 10:30:00+00:00,192.47,193.17,191.6,192.3,30193.0,AAPL
2023-02-01 10:30:00+00:00,136.72,138.57,135.38,137.61,67234.0,MSFT
2023-02-01 10:30:00+00:00,638.82,643.53,636.14,641.16,75477.0,SPY
2023-02-01 11:30:00+00:00,192.74,196.79,184.66,186.92,24919.0,AAPL
2023-02-01 11:30:00+00:00,137.06,137.36,136.78,137.2,53128.0,MSFT
2023-02-01 11:30:00+00:00,641.69,647.13,638.85,643.98,97540.0,SPY
2023-02-01 12:30:00+00:00,186.89,188.79,186.18,187.51,50531.0,AAPL
2023-02-01 12:30:00+00:00,137.31,146.3,133.91,141.99,34968.0,MSFT
2023-02-01 12:30:00+00:00,642.56,644.61,639.63,642.92,31347.0,SPY
2023-02-01 13:30:00+00:00,187.16,187.44,186.93,187.16,40950.0,AAPL
2023-02-01 13:30:00+00:00,142.07,147.96,140.07,145.44,52182.0,MSFT
2023-02-01 13:30:00+00:00,643.65,645.78,640.92,643.03,110944.0,SPY
2023-02-01 14:30:00+00:00,187.14,188.24,185.46,186.37,42866.0,AAPL
2023-02-01 14:30:00+00:00,145.46,148.97,143.44,147.46,51521.0,MSFT
2023-02-01 14:30:00+00:00,642.64,661.81,636.89,654.44,103739.0,SPY
2023-02-01 15:30:00+00:00,186.56,192.91,183.89,190.73,70764.0,AAPL
2023-02-01 15:30:00+00:00,147.66,149.82,141.5,144.29,33593.0,MSFT
2023-02-01 15:30:00+00:00,654.93,659.84,642.36,649.07,30662.0,SPY
2023-02-01 16:30:00+00:00,190.61,192.58,186.94,188.74,33259.0,AAPL
2023-02-01 16:30:00+00:00,144.28,145.54,142.48,143.14,38910.0,MSFT
2023-02-01 16:30:00+00:00,650.31,660.45,645.66,655.33,62125.0,SPY
2023-02-01 17:30:00+00:00,188.84,191.32,184.87,186.6,36581.0,AAPL
2023-02-01 17:30:00+00:00,143.35,144.48,140.9,142.4,27665.0,MSFT
2023-02-01 17:30:00+00:00,654.6,661.9,641.21,648.17,38172.0,SPY
2023-02-01 18:30:00+00:00,186.38,186.66,185.68,186.09,23866.0,AAPL
2023-02-01 18:30:00+00:00,141.82,142.93,139.57,140.62,44803.0,MSFT
2023-02-01 18:30:00+00:00,648.2,678.83,633.17,664.2,94170.0,SPY
2023-02-01 19:30:00+00:00,185.69,188.33,180.68,183.36,42806.0,AAPL
2023-02-01 19:30:00+00:00,140.62,141.0,140.35,140.73,66686.0,MSFT
2023-02-01 19:30:00+00:00,663.02,666.8,654.98,658.34,106860.0,SPY
2023-02-01 20:30:00+00:00,183.29,185.12,180.13,181.88,57664.0,AAPL
2023-02-01 20:30:00+00:00,140.38,142.14,139.9,141.38,31860.0,MSFT
2023-02-01 20:30:00+00:00,659.47,661.98,653.01,656.68,44516.0,SPY
2023-02-01 21:30:00+00:00,181.82,184.57,176.77,178.66,32347.0,AAPL
2023-02-01 21:30:00+00:00,141.41,142.9,140.39,142.32,27946.0,MSFT
2023-02-01 21:30:00+00:00,655.44,663.98,642.18,648.04,40524.0,SPY
2023-02-01 22:30:00+00:00,178.94,182.01,173.8,175.68,46173.0,AAPL
2023-02-01 22:30:00+00:00,142.57,144.64,141.45,143.58,31059.0,MSFT
2023-02-01 22:30:00+00:00,648.52,651.41,643.56,645.92,34933.0,SPY
2023-02-01 23:30:00+00:00,175.66,177.45,174.86,176.86,39703.0,AAPL
2023-02-01 23:30:00+00:00,143.53,146.02,138.69,140.71,43407.0,MSFT
2023-02-01 23:30:00+00:00,646.35,652.06,634.44,638.88,59874.0,SPY
2023-02-02 00:30:00+00:00,176.8,178.2,174.13,175.02,53884.0,AAPL
2023-02-02 00:30:00+00:00,140.79,142.11,139.94,141.32,37580.0,MSFT
2023-02-02 00:30:00+00:00,638.11,642.3,626.31,630.28,78961.0,SPY
2023-02-02 01:30:00+00:00,175.0,175.38,173.37,174.28,40497.0,AAPL
2023-02-02 01:30:00+00:00,141.35,142.85,138.87,139.66,70810.0,MSFT
2023-02-02 01:30:00+00:00,629.28,655.04,620.82,643.59,45901.0,SPY
2023-02-02 02:30:00+00:00,174.07,184.85,169.93,179.89,153357.0,AAPL
2023-02-02 02:30:00+00:00,139.54,140.92,139.1,140.05,151867.0,MSFT
2023-02-02 02:30:00+00:00,644.24,653.74,626.2,635.07,79840.0,SPY
2023-02-02 03:30:00+00:00,179.25,180.19,178.04,179.64,56343.0,AAPL
2023-02-02 03:30:00+00:00,139.99,146.35,136.81,143.66,62316.0,MSFT
2023-02-02 03:30:00+00:00,635.73,643.0,630.66,640.06,53481.0,SPY
2023-02-02 04:30:00+00:00,179.88,180.14,179.59,179.84,59232.0,AAPL
2023-02-02 04:30:00+00:00,143.74,147.35,142.27,146.39,92939.0,MSFT
2023-02-02 04:30:00+00:00,640.16,651.44,636.17,647.54,145462.0,SPY
2023-02-02 05:30:00+00:00,180.06,182.27,175.48,177.87,50380.0,AAPL
2023-02-02 05:30:00+00:00,146.87,147.71,144.39,145.72,102383.0,MSFT
2023-02-02 05:30:00+00:00,647.14,664.58,642.07,657.03,41651.0,SPY
2023-02-02 06:30:00+00:00,177.8,181.34,175.91,179.51,95059.0,AAPL
2023-02-02 06:30:00+00:00,145.76,146.52,145.1,145.77,66914.0,MSFT
2023-02-02 06:30:00+00:00,656.86,659.09,650.54,652.95,139918.0,SPY
2023-02-02 07:30:00+00:00,179.38,180.3,178.87,179.62,78311.0,AAPL
2023-02-02 07:30:00+00:00,145.59,151.95,143.35,148.81,48573.0,MSFT
2023-02-02 07:30:00+00:00,652.67,686.49,645.17,672.55,85996.0,SPY
2023-02-02 08:30:00+00:00,179.96,181.74,175.03,177.61,37817.0,AAPL
2023-02-02 08:30:00+00:00,148.89,154.72,145.9,152.94,46858.0,MSFT
2023-02-02 08:30:00+00:00,673.97,687.45,643.54,654.96,56410.0,SPY
2023-02-02 09:30:00+00:00,177.24,177.58,176.73,177.04,65293.0,AAPL
2023-02-02 09:30:00+00:00,153.22,154.9,152.16,154.17,51350.0,MSFT
2023-02-02 09:30:00+00:00,655.86,657.86,652.88,655.85,68371.0,SPY
2023-02-02 10:30:00+00:00,177.35,184.62,175.38,181.02,27961.0,AAPL
2023-02-02 10:30:00+00:00,154.02,159.56,151.28,156.64,44060.0,MSFT
2023-02-02 10:30:00+00:00,655.8,659.35,648.51,652.46,69053.0,SPY
2023-02-02 11:30:00+00:00,181.21,183.64,177.54,178.68,104097.0,AAPL
2023-02-02 11:30:00+00:00,156.8,158.38,156.19,157.42,37797.0,MSFT
2023-02-02 11:30:00+00:00,650.38,653.57,643.08,645.45,55012.0,SPY
2023-02-02 12:30:00+00:00,178.45,179.31,177.32,177.95,28744.0,AAPL
2023-02-02 12:30:00+00:00,157.68,159.98,156.36,159.04,52416.0,MSFT
2023-02-02 12:30:00+00:00,645.0,673.35,636.23,662.06,27702.0,SPY
2023-02-02 13:30:00+00:00,178.2,179.81,177.24,178.96,56461.0,AAPL
2023-02-02 13:30:00+00:00,159.01,160.16,157.13,158.35,15534.0,MSFT
2023-02-02 13:30:00+00:00,661.88,684.93,651.96,674.61,20939.0,SPY
2023-02-02 14:30:00+00:00,179.12,181.35,172.24,174.65,104831.0,AAPL
2023-02-02 14:30:00+00:00,158.3,160.94,156.6,159.96,20423.0,MSFT
2023-02-02 14:30:00+00:00,673.48,688.42,649.37,657.97,38344.0,SPY
2023-02-02 15:30:00+00:00,174.85,184.37,172.27,180.79,61914.0,AAPL
2023-02-02 15:30:00+00:00,159.88,160.21,159.51,159.92,84194.0,MSFT
2023-02-02 15:30:00+00:00,657.57,660.83,653.15,657.0,129950.0,SPY
2023-02-02 16:30:00+00:00,181.08,185.94,179.25,183.39,70780.0,AAPL
2023-02-02 16:30:00+00:00,160.08,161.28,158.09,158.81,57032.0,MSFT
2023-02-02 16:30:00+00:00,656.62,673.13,651.06,667.54,61973.0,SPY
2023-02-02 17:30:00+00:00,183.18,185.87,181.79,185.0,25853.0,AAPL
2023-02-02 17:30:00+00:00,158.59,160.3,153.44,155.69,25663.0,MSFT
2023-02-02 17:30:00+00:00,664.73,676.25,660.93,670.89,69902.0,SPY
2023-02-02 18:30:00+00:00,185.06,190.53,181.92,188.83,19804.0,AAPL
2023-02-02 18:30:00+00:00,155.35,155.93,153.91,154.7,36224.0,MSFT
2023-02-02 18:30:00+00:00,670.65,674.4,667.52,671.27,37609.0,SPY
2023-02-02 19:30:00+00:00,188.93,193.76,187.32,191.72,81453.0,AAPL
2023-02-02 19:30:00+00:00,154.8,155.24,154.26,154.75,44723.0,MSFT
2023-02-02 19:30:00+00:00,670.88,683.98,646.75,657.27,98907.0,SPY
2023-02-02 20:30:00+00:00,191.94,194.58,184.12,187.44,34770.0,AAPL
2023-02-02 20:30:00+00:00,154.71,155.59,154.15,155.04,56036.0,MSFT
2023-02-02 20:30:00+00:00,658.34,679.16,651.04,673.12,24528.0,SPY
2023-02-02 21:30:00+00:00,187.39,189.26,182.03,184.7,54915.0,AAPL
2023-02-02 21:30:00+00:00,155.06,159.85,153.55,158.27,108880.0,MSFT
2023-02-02 21:30:00+00:00,673.26,682.48,642.5,650.13,22716.0,SPY
2023-02-02 22:30:00+00:00,184.74,185.67,182.94,183.99,21143.0,AAPL
2023-02-02 22:30:00+00:00,158.2,158.97,156.55,157.46,51795.0,MSFT
2023-02-02 22:30:00+00:00,650.39,657.21,618.62,632.74,100699.0,SPY
2023-02-02 23:30:00+00:00,184.11,185.24,180.41,182.17,71923.0,AAPL
2023-02-02 23:30:00+00:00,157.48,158.69,157.02,157.69,102483.0,MSFT
2023-02-02 23:30:00+00:00,633.58,641.13,629.5,637.16,105700.0,SPY
2023-02-03 00:30:00+00:00,182.09,183.23,181.59,182.49,67047.0,AAPL
2023-02-03 00:30:00+00:00,157.99,158.96,154.36,155.99,78158.0,MSFT
2023-02-03 00:30:00+00:00,638.48,644.25,628.97,634.23,42455.0,SPY
2023-02-03 01:30:00+00:00,182.74,183.97,180.88,181.62,115458.0,AAPL
2023-02-03 01:30:00+00:00,155.72,160.3,153.04,158.97,69930.0,MSFT
2023-02-03 01:30:00+00:00,634.01,638.93,613.86,624.02,43294.0,SPY
2023-02-03 02:30:00+00:00,181.69,187.4,178.3,184.94,89776.0,AAPL
2023-02-03 02:30:00+00:00,158.98,166.12,154.36,164.05,56546.0,MSFT
2023-02-03 02:30:00+00:00,623.87,637.8,615.03,630.86,45380.0,SPY
2023-02-03 03:30:00+00:00,184.8,185.25,183.95,184.34,28296.0,AAPL
2023-02-03 03:30:00+00:00,163.82,169.08,162.32,166.87,43399.0,MSFT
2023-02-03 03:30:00+00:00,630.79,636.17,623.84,626.52,69845.0,SPY
2023-02-03 04:30:00+00:00,184.39,186.16,179.41,181.19,84197.0,AAPL
2023-02-03 04:30:00+00:00,166.67,167.0,166.51,166.69,41680.0,MSFT
2023-02-03 04:30:00+00:00,625.21,635.75,618.77,631.8,35912.0,SPY
2023-02-03 05:30:00+00:00,180.83,182.94,174.96,178.13,225146.0,AAPL
2023-02-03 05:30:00+00:00,166.35,166.81,165.21,165.86,115157.0,MSFT
2023-02-03 05:30:00+00:00,632.56,645.99,629.78,640.01,133868.0,SPY
2023-02-03 06:30:00+00:00,178.0,178.44,177.28,177.82,94779.0,AAPL
2023-02-03 06:30:00+00:00,165.82,166.8,163.35,164.56,42180.0,MSFT
2023-02-03 06:30:00+00:00,639.63,643.83,632.66,635.61,19303.0,SPY
2023-02-03 07:30:00+00:00,177.63,179.74,171.66,174.52,49321.0,AAPL
2023-02-03 07:30:00+00:00,164.1,165.64,161.6,162.9,93137.0,MSFT
2023-02-03 07:30:00+00:00,634.52,653.54,602.06,613.07,45297.0,SPY
2023-02-03 08:30:00+00:00,174.38,178.22,167.01,169.37,62966.0,AAPL
2023-02-03 08:30:00+00:00,162.78,164.91,161.87,164.02,27711.0,MSFT
2023-02-03 08:30:00+00:00,613.05,621.4,591.62,600.24,100330.0,SPY
2023-02-03 09:30:00+00:00,169.18,170.94,164.56,166.42,41742.0,AAPL
2023-02-03 09:30:00+00:00,164.32,165.6,159.09,161.52,26863.0,MSFT
2023-02-03 09:30:00+00:00,598.71,604.95,587.43,591.71,16823.0,SPY
2023-02-03 10:30:00+00:00,166.49,168.11,165.46,167.45,68751.0,AAPL
2023-02-03 10:30:00+00:00,161.66,162.64,160.78,161.75,35790.0,MSFT
2023-02-03 10:30:00+00:00,592.69,596.07,590.42,593.74,97705.0,SPY
2023-02-03 11:30:00+00:00,167.4,169.43,162.29,164.09,45708.0,AAPL
2023-02-03 11:30:00+00:00,161.47,161.96,160.12,160.95,36256.0,MSFT
2023-02-03 11:30:00+00:00,593.48,599.93,590.33,596.41,19556.0,SPY
2023-02-03 12:30:00+00:00,163.67,164.61,160.66,161.75,106373.0,AAPL
2023-02-03 12:30:00+00:00,160.93,166.07,159.29,163.88,61042.0,MSFT
2023-02-03 12:30:00+00:00,597.42,604.84,582.86,587.3,48261.0,SPY
2023-02-03 13:30:00+00:00,161.63,162.77,156.9,158.64,29101.0,AAPL
2023-02-03 13:30:00+00:00,163.76,164.61,162.67,163.25,59244.0,MSFT
2023-02-03 13:30:00+00:00,585.36,587.92,582.45,584.36,28404.0,SPY
2023-02-03 14:30:00+00:00,158.64,159.02,157.99,158.53,72507.0,AAPL
2023-02-03 14:30:00+00:00,163.45,164.73,162.51,164.24,63527.0,MSFT
2023-02-03 14:30:00+00:00,584.56,586.96,581.66,584.54,65373.0,SPY
2023-02-03 15:30:00+00:00,158.34,163.19,155.65,161.38,62171.0,AAPL
2023-02-03 15:30:00+00:00,164.01,167.25,162.74,165.97,50090.0,MSFT
2023-02-03 15:30:00+00:00,584.51,586.39,579.36,581.09,69118.0,SPY
2023-02-03 16:30:00+00:00,161.26,163.85,159.82,162.25,61944.0,AAPL
2023-02-03 16:30:00+00:00,165.96,168.93,160.22,162.51,43161.0,MSFT
2023-02-03 16:30:00+00:00,580.25,595.94,572.9,590.58,39811.0,SPY
2023-02-03 17:30:00+00:00,162.24,165.69,160.38,164.39,66294.0,AAPL
2023-02-03 17:30:00+00:00,162.16,163.74,156.1,158.19,109416.0,MSFT
2023-02-03 17:30:00+00:00,590.34,598.89,587.34,596.1,42578.0,SPY
2023-02-03 18:30:00+00:00,164.13,165.8,160.82,162.41,56927.0,AAPL
2023-02-03 18:30:00+00:00,157.86,159.02,155.69,156.46,68458.0,MSFT
2023-02-03 18:30:00+00:00,596.51,602.48,586.05,592.33,55199.0,SPY
2023-02-03 19:30:00+00:00,162.86,164.64,158.65,160.76,39661.0,AAPL
2023-02-03 19:30:00+00:00,156.59,157.53,155.98,156.8,42503.0,MSFT
2023-02-03 19:30:00+00:00,592.62,596.19,587.61,589.89,72708.0,SPY
2023-02-03 20:30:00+00:00,160.3,160.89,159.75,160.61,62801.0,AAPL
2023-02-03 20:30:00+00:00,156.7,157.67,153.66,154.92,56780.0,MSFT
2023-02-03 20:30:00+00:00,590.57,594.88,573.87,581.79,95126.0,SPY
2023-02-03 21:30:00+00:00,160.64,161.97,159.7,161.13,94999.0,AAPL
2023-02-03 21:30:00+00:00,155.1,160.82,152.93,157.95,50378.0,MSFT
2023-02-03 21:30:00+00:00,582.26,585.34,576.84,580.54,30128.0,SPY
2023-02-03 22:30:00+00:00,160.89,165.75,158.79,164.22,57213.0,AAPL
2023-02-03 22:30:00+00:00,157.87,159.94,154.54,155.57,45325.0,MSFT
2023-02-03 22:30:00+00:00,580.47,587.69,559.88,569.35,25458.0,SPY
2023-02-03 23:30:00+00:00,163.92,170.56,160.31,168.39,88926.0,AAPL
2023-02-03 23:30:00+00:00,155.42,156.21,154.85,155.44,38138.0,MSFT
2023-02-03 23:30:00+00:00,570.51,592.55,558.96,583.46,67447.0,SPY
2023-02-04 00:30:00+00:00,168.8,171.13,163.78,166.12,91286.0,AAPL
2023-02-04 00:30:00+00:00,155.47,157.44,154.35,156.38,58424.0,MSFT
2023-02-04 00:30:00+00:00,584.64,590.67,582.7,588.78,100558.0,SPY
2023-02-04 01:30:00+00:00,166.11,168.86,165.27,167.83,143172.0,AAPL
2023-02-04 01:30:00+00:00,156.35,157.72,151.16,153.42,56243.0,MSFT
2023-02-04 01:30:00+00:00,589.33,590.4,586.19,587.83,73411.0,SPY
2023-02-04 02:30:00+00:00,167.85,169.24,164.93,166.07,48056.0,AAPL
2023-02-04 02:30:00+00:00,153.16,155.12,149.47,151.28,36389.0,MSFT
2023-02-04 02:30:00+00:00,587.97,591.32,583.29,586.27,61606.0,SPY
2023-02-04 03:30:00+00:00,165.92,166.86,164.62,165.12,74024.0,AAPL
2023-02-04 03:30:00+00:00,151.54,152.67,147.58,149.32,36325.0,MSFT
2023-02-04 03:30:00+00:00,585.94,589.78,584.27,588.26,98188.0,SPY
2023-02-04 04:30:00+00:00,165.14,167.19,164.0,166.35,45261.0,AAPL
2023-02-04 04:30:00+00:00,149.26,157.92,146.99,153.95,44378.0,MSFT
2023-02-04 04:30:00+00:00,587.56,592.28,584.15,590.28,62524.0,SPY
2023-02-04 05:30:00+00:00,166.29,166.5,166.08,166.29,49783.0,AAPL
2023-02-04 05:30:00+00:00,153.85,156.28,152.77,155.22,40952.0,MSFT
2023-02-04 05:30:00+00:00,591.46,597.61,579.78,585.38,49057.0,SPY
2023-02-04 06:30:00+00:00,166.1,167.51,165.52,166.4,37721.0,AAPL
2023-02-04 06:30:00+00:00,155.29,158.1,150.98,152.3,51794.0,MSFT
2023-02-04 06:30:00+00:00,586.05,625.9,576.43,609.85,44770.0,SPY
2023-02-04 07:30:00+00:00,166.23,167.05,164.38,165.1,38672.0,AAPL
2023-02-04 07:30:00+00:00,151.76,153.25,151.35,152.42,82797.0,MSFT
2023-02-04 07:30:00+00:00,608.01,612.62,604.94,610.76,59122.0,SPY
2023-02-04 08:30:00+00:00,164.96,166.02,163.31,164.2,37390.0,AAPL
2023-02-04 08:30:00+00:00,152.12,156.49,150.95,154.85,38958.0,MSFT
2023-02-04 08:30:00+00:00,611.75,616.77,590.4,597.35,54032.0,SPY
2023-02-04 09:30:00+00:00,164.27,165.52,163.6,164.86,29002.0,AAPL
2023-02-04 09:30:00+00:00,155.19,159.44,146.16,150.27,40856.0,MSFT
2023-02-04 09:30:00+00:00,598.3,607.26,581.09,588.45,27522.0,SPY
2023-02-04 10:30:00+00:00,164.9,174.73,162.29,171.35,68295.0,AAPL
2023-02-04 10:30:00+00:00,150.08,156.39,146.59,153.9,44517.0,MSFT
2023-02-04 10:30:00+00:00,588.68,599.22,571.49,578.78,68531.0,SPY
2023-02-04 11:30:00+00:00,171.29,173.93,163.93,167.15,48128.0,AAPL
2023-02-04 11:30:00+00:00,153.93,155.08,150.13,151.55,33465.0,MSFT
2023-02-04 11:30:00+00:00,576.43,582.72,573.23,580.3,44347.0,SPY
2023-02-04 12:30:00+00:00,167.29,170.16,166.06,169.19,44217.0,AAPL
2023-02-04 12:30:00+00:00,151.59,152.7,151.18,152.12,89656.0,MSFT
2023-02-04 12:30:00+00:00,578.7,583.56,571.47,574.88,43967.0,SPY
2023-02-04 13:30:00+00:00,169.36,170.62,168.43,170.06,91002.0,AAPL
2023-02-04 13:30:00+00:00,151.66,153.1,148.75,149.87,73466.0,MSFT
2023-02-04 13:30:00+00:00,573.14,581.27,570.54,578.19,30186.0,SPY
2023-02-04 14:30:00+00:00,169.6,172.88,168.04,171.49,50217.0,AAPL
2023-02-04 14:30:00+00:00,149.95,150.74,148.08,149.14,26843.0,MSFT
2023-02-04 14:30:00+00:00,578.82,588.92,574.38,583.21,69953.0,SPY
2023-02-04 15:30:00+00:00,171.96,176.26,169.42,174.2,66175.0,AAPL
2023-02-04 15:30:00+00:00,149.14,151.06,143.89,146.44,27053.0,MSFT
2023-02-04 15:30:00+00:00,583.26,587.0,579.93,584.23,45760.0,SPY
2023-02-04 16:30:00+00:00,174.27,175.43,173.77,174.65,114589.0,AAPL
2023-02-04 16:30:00+00:00,146.6,149.24,139.2,142.26,44821.0,MSFT
2023-02-04 16:30:00+00:00,584.28,586.93,581.7,583.52,25096.0,SPY
2023-02-04 17:30:00+00:00,174.97,175.98,171.54,172.89,44594.0,AAPL
2023-02-04 17:30:00+00:00,142.33,142.9,140.44,141.35,28725.0,MSFT
2023-02-04 17:30:00+00:00,583.39,588.37,578.36,586.18,71146.0,SPY
2023-02-04 18:30:00+00:00,173.26,174.64,166.71,169.77,57461.0,AAPL
2023-02-04 18:30:00+00:00,141.35,143.52,140.69,142.46,33795.0,MSFT
2023-02-04 18:30:00+00:00,586.36,590.54,581.77,584.05,138016.0,SPY
2023-02-04 19:30:00+00:00,169.47,177.11,165.65,173.41,22344.0,AAPL
2023-02-04 19:30:00+00:00,142.44,142.99,141.44,141.97,27248.0,MSFT
2023-02-04 19:30:00+00:00,584.7,587.52,579.6,582.38,41871.0,SPY
2023-02-04 20:30:00+00:00,173.32,174.27,172.86,173.61,21756.0,AAPL
2023-02-04 20:30:00+00:00,141.88,148.55,140.51,145.83,46660.0,MSFT
2023-02-04 20:30:00+00:00,583.73,614.66,569.32,599.26,14010.0,SPY
2023-02-04 21:30:00+00:00,173.74,174.78,170.58,172.08,55527.0,AAPL
2023-02-04 21:30:00+00:00,145.99,146.77,145.52,146.37,34970.0,MSFT
2023-02-04 21:30:00+00:00,598.18,604.08,594.63,601.22,135320.0,SPY
2023-02-04 22:30:00+00:00,172.4,173.58,170.24,171.29,27574.0,AAPL
2023-02-04 22:30:00+00:00,146.2,148.91,145.02,147.5,42332.0,MSFT
2023-02-04 22:30:00+00:00,601.28,610.41,597.42,606.86,51157.0,SPY
2023-02-04 23:30:00+00:00,171.42,176.02,168.87,173.76,33896.0,AAPL
2023-02-04 23:30:00+00:00,147.41,152.13,145.83,150.04,48377.0,MSFT
2023-02-04 23:30:00+00:00,607.1,622.94,597.97,616.06,87002.0,SPY
2023-02-05 00:30:00+00:00,173.78,178.85,172.77,176.52,81479.0,AAPL
2023-02-05 00:30:00+00:00,149.94,153.7,148.04,151.87,41909.0,MSFT
2023-02-05 00:30:00+00:00,615.59,619.82,612.76,616.57,35067.0,SPY
2023-02-05 01:30:00+00:00,176.38,179.49,174.74,178.0,81217.0,AAPL
2023-02-05 01:30:00+00:00,151.55,152.5,149.41,150.44,22360.0,MSFT
2023-02-05 01:30:00+00:00,616.12,620.3,606.83,612.23,102282.0,SPY
2023-02-05 02:30:00+00:00,178.02,180.16,173.97,176.25,59873.0,AAPL
2023-02-05 02:30:00+00:00,150.34,151.08,150.04,150.47,52225.0,MSFT
2023-02-05 02:30:00+00:00,611.85,619.28,607.67,614.57,31004.0,SPY
2023-02-05 03:30:00+00:00,176.0,182.85,172.02,179.9,53487.0,AAPL
2023-02-05 03:30:00+00:00,150.63,152.02,146.63,148.35,62983.0,MSFT
2023-02-05 03:30:00+00:00,613.5,622.22,608.09,616.73,22332.0,SPY
2023-02-05 04:30:00+00:00,179.78,181.24,176.32,177.72,91291.0,AAPL
2023-02-05 04:30:00+00:00,148.34,150.56,147.13,149.52,50195.0,MSFT
2023-02-05 04:30:00+00:00,615.04,633.0,608.3,624.77,32881.0,SPY
2023-02-05 05:30:00+00:00,177.31,182.3,176.16,180.27,37522.0,AAPL
2023-02-05 05:30:00+00:00,149.53,150.33,147.16,148.26,31755.0,MSFT
2023-02-05 05:30:00+00:00,624.0,627.12,622.06,623.64,28426.0,SPY
2023-02-05 06:30:00+00:00,180.29,184.05,171.05,175.41,32692.0,AAPL
2023-02-05 06:30:00+00:00,148.6,149.88,145.22,146.51,61112.0,MSFT
2023-02-05 06:30:00+00:00,624.07,626.48,620.43,622.73,58540.0,SPY
2023-02-05 07:30:00+00:00,175.19,175.71,174.9,175.42,129533.0,AAPL
2023-02-05 07:30:00+00:00,146.36,149.57,145.17,148.2,23752.0,MSFT
2023-02-05 07:30:00+00:00,623.47,626.65,618.2,621.23,43554.0,SPY
2023-02-05 08:30:00+00:00,175.67,180.89,174.2,178.61,45995.0,AAPL
2023-02-05 08:30:00+00:00,147.81,149.02,145.6,146.57,56256.0,MSFT
2023-02-05 08:30:00+00:00,622.37,626.59,612.12,615.42,39361.0,SPY
2023-02-05 09:30:00+00:00,178.46,182.16,176.77,180.42,91345.0,AAPL
2023-02-05 09:30:00+00:00,146.37,150.14,145.03,148.65,111167.0,MSFT
2023-02-05 09:30:00+00:00,615.55,618.97,611.92,613.66,27289.0,SPY
2023-02-05 10:30:00+00:00,180.34,181.62,179.56,180.47,45228.0,AAPL
2023-02-05 10:30:00+00:00,149.11,150.24,146.37,147.69,116764.0,MSFT
2023-02-05 10:30:00+00:00,613.04,615.05,610.83,613.85,67358.0,SPY
2023-02-05 11:30:00+00:00,180.67,185.01,172.05,175.93,32411.0,AAPL
2023-02-05 11:30:00+00:00,147.48,151.56,146.18,149.6,68004.0,MSFT
2023-02-05 11:30:00+00:00,614.05,643.55,599.63,629.74,174117.0,SPY
2023-02-05 12:30:00+00:00,175.61,176.62,173.26,174.01,53325.0,AAPL
2023-02-05 12:30:00+00:00,149.53,150.73,148.73,149.88,37163.0,MSFT
2023-02-05 12:30:00+00:00,630.3,649.32,623.33,639.67,95705.0,SPY
2023-02-05 13:30:00+00:00,173.8,177.26,172.16,176.28,32177.0,AAPL
2023-02-05 13:30:00+00:00,150.14,152.99,143.19,146.42,139088.0,MSFT
2023-02-05 13:30:00+00:00,641.09,643.13,639.44,641.77,39970.0,SPY
2023-02-05 14:30:00+00:00,176.62,181.75,174.41,179.62,53010.0,AAPL
2023-02-05 14:30:00+00:00,145.77,147.31,143.35,144.25,77600.0,MSFT
2023-02-05 14:30:00+00:00,643.18,647.17,630.77,637.94,50189.0,SPY
2023-02-05 15:30:00+00:00,179.28,180.78,174.9,177.09,14635.0,AAPL
2023-02-05 15:30:00+00:00,144.1,145.89,142.88,145.24,66636.0,MSFT
2023-02-05 15:30:00+00:00,638.31,659.38,627.51,650.32,24906.0,SPY
2023-02-05 16:30:00+00:00,176.99,177.91,176.37,177.25,67175.0,AAPL
2023-02-05 16:30:00+00:00,145.19,145.84,143.86,144.86,25812.0,MSFT
2023-02-05 16:30:00+00:00,650.61,676.95,643.11,664.97,56689.0,SPY
2023-02-05 17:30:00+00:00,178.03,178.83,175.87,177.11,115104.0,AAPL
2023-02-05 17:30:00+00:00,144.79,148.2,143.23,147.06,65902.0,MSFT
2023-02-05 17:30:00+00:00,664.78,677.32,632.59,648.06,66863.0,SPY
2023-02-05 18:30:00+00:00,176.89,178.58,176.17,177.33,57234.0,AAPL
2023-02-05 18:30:00+00:00,147.07,154.4,143.86,151.64,56259.0,MSFT
2023-02-05 18:30:00+00:00,649.96,655.49,646.98,652.41,33749.0,SPY
2023-02-05 19:30:00+00:00,177.46,180.41,176.63,179.31,48469.0,AAPL
2023-02-05 19:30:00+00:00,152.07,152.64,151.25,151.73,35550.0,MSFT
2023-02-05 19:30:00+00:00,652.92,664.19,630.17,638.87,32826.0,SPY
2023-02-05 20:30:00+00:00,179.04,181.58,172.03,175.54,37371.0,AAPL
2023-02-05 20:30:00+00:00,151.71,153.27,145.75,147.92,62057.0,MSFT
2023-02-05 20:30:00+00:00,639.03,651.94,633.77,646.41,96092.0,SPY
2023-02-05 21:30:00+00:00,175.69,180.4,173.36,178.55,96841.0,AAPL
2023-02-05 21:30:00+00:00,147.84,149.83,147.08,148.73,21595.0,MSFT
2023-02-05 21:30:00+00:00,645.53,655.68,637.35,651.15,39285.0,SPY
2023-02-05 22:30:00+00:00,178.84,185.45,175.35,183.0,123118.0,AAPL
2023-02-05 22:30:00+00:00,148.94,152.07,147.18,150.99,35263.0,MSFT
2023-02-05 22:30:00+00:00,651.33,653.09,648.54,650.81,49688.0,SPY
2023-02-05 23:30:00+00:00,182.79,183.74,179.83,181.22,72152.0,AAPL
2023-02-05 23:30:00+00:00,150.72,153.63,149.89,152.2,22090.0,MSFT
2023-02-05 23:30:00+00:00,651.47,663.1,644.69,658.55,21109.0,SPY
2023-02-06 00:30:00+00:00,181.16,184.49,178.88,182.9,57152.0,AAPL
2023-02-06 00:30:00+00:00,152.28,154.88,150.86,153.44,33027.0,MSFT
2023-02-06 00:30:00+00:00,659.89,672.69,639.18,645.04,59838.0,SPY
2023-02-06 01:30:00+00:00,182.89,183.59,182.0,182.62,49763.0,AAPL
2023-02-06 01:30:00+00:00,153.26,155.28,152.34,154.08,39052.0,MSFT
2023-02-06 01:30:00+00:00,645.64,655.44,626.99,632.78,93082.0,SPY
2023-02-06 02:30:00+00:00,182.5,185.42,177.96,179.35,79318.0,AAPL
2023-02-06 02:30:00+00:00,153.73,154.57,151.4,152.4,18764.0,MSFT
2023-02-06 02:30:00+00:00,632.8,634.36,631.77,633.5,36476.0,SPY
2023-02-06 03:30:00+00:00,179.29,182.76,177.68,181.73,33208.0,AAPL
2023-02-06 03:30:00+00:00,152.47,153.67,151.7,152.95,64976.0,MSFT
2023-02-06 03:30:00+00:00,630.73,637.22,626.98,634.44,56389.0,SPY
2023-02-06 04:30:00+00:00,182.19,183.23,181.56,182.01,19261.0,AAPL
2023-02-06 04:30:00+00:00,153.09,153.98,151.79,152.26,66188.0,MSFT
2023-02-06 04:30:00+00:00,634.88,649.91,629.76,643.93,109696.0,SPY
2023-02-06 05:30:00+00:00,181.91,184.89,176.09,178.66,67506.0,AAPL
2023-02-06 05:30:00+00:00,152.16,153.26,151.54,152.47,29370.0,MSFT
2023-02-06 05:30:00+00:00,644.83,651.48,642.46,647.37,43557.0,SPY
2023-02-06 06:30:00+00:00,178.45,180.23,177.47,179.13,177651.0,AAPL
2023-02-06 06:30:00+00:00,152.79,154.17,151.12,151.9,113055.0,MSFT
2023-02-06 06:30:00+00:00,649.04,656.46,625.02,634.83,76235.0,SPY
2023-02-06 07:30:00+00:00,179.03,180.22,175.65,176.97,33722.0,AAPL
2023-02-06 07:30:00+00:00,151.93,153.99,150.8,152.92,36853.0,MSFT
2023-02-06 07:30:00+00:00,633.04,640.16,612.58,622.43,68194.0,SPY
2023-02-06 08:30:00+00:00,176.77,180.08,174.81,178.82,93493.0,AAPL
2023-02-06 08:30:00+00:00,152.57,153.75,148.69,150.2,57450.0,MSFT
2023-02-06 08:30:00+00:00,623.74,636.26,619.32,629.86,127221.0,SPY
2023-02-06 09:30:00+00:00,179.12,182.1,177.6,180.74,70790.0,AAPL
2023-02-06 09:30:00+00:00,149.89,153.81,148.43,152.12,38795.0,MSFT
2023-02-06 09:30:00+00:00,629.36,644.18,621.74,638.03,64025.0,SPY
2023-02-06 10:30:00+00:00,180.64,186.35,177.84,183.77,55888.0,AAPL
2023-02-06 10:30:00+00:00,152.05,160.66,147.54,156.81,59484.0,MSFT
2023-02-06 10:30:00+00:00,638.1,640.31,632.25,635.23,94133.0,SPY
2023-02-06 11:30:00+00:00,184.24,187.85,182.45,186.08,44786.0,AAPL
2023-02-06 11:30:00+00:00,156.77,159.52,149.91,152.76,104560.0,MSFT
2023-02-06 11:30:00+00:00,634.1,643.8,607.43,620.58,50271.0,SPY
2023-02-06 12:30:00+00:00,186.08,187.13,182.0,183.63,28497.0,AAPL
2023-02-06 12:30:00+00:00,152.58,154.07,148.3,150.18,78401.0,MSFT
2023-02-06 12:30:00+00:00,619.94,630.97,598.97,608.86,127264.0,SPY
2023-02-06 13:30:00+00:00,183.61,184.98,181.62,182.46,54962.0,AAPL
2023-02-06 13:30:00+00:00,150.34,153.46,149.44,152.43,40022.0,MSFT
2023-02-06 13:30:00+00:00,607.41,616.72,604.94,612.7,17371.0,SPY
2023-02-06 14:30:00+00:00,182.82,184.88,182.19,183.79,136494.0,AAPL
2023-02-06 14:30:00+00:00,152.12,154.02,149.73,150.71,53238.0,MSFT
2023-02-06 14:30:00+00:00,611.77,613.93,610.47,612.29,29693.0,SPY
2023-02-06 15:30:00+00:00,183.55,183.99,182.57,183.0,28395.0,AAPL
2023-02-06 15:30:00+00:00,150.61,151.37,149.79,150.57,52525.0,MSFT
2023-02-06 15:30:00+00:00,611.85,622.54,605.12,617.95,39768.0,SPY
2023-02-06 16:30:00+00:00,183.26,186.63,180.73,185.46,62842.0,AAPL
2023-02-06 16:30:00+00:00,150.62,151.6,149.63,150.46,54236.0,MSFT
2023-02-06 16:30:00+00:00,617.75,621.37,607.15,612.7,37209.0,SPY
2023-02-06 17:30:00+00:00,185.21,185.67,184.7,185.14,91470.0,AAPL
2023-02-06 17:30:00+00:00,150.37,151.16,149.85,150.6,52717.0,MSFT
2023-02-06 17:30:00+00:00,612.95,617.22,608.65,615.03,44723.0,SPY
2023-02-06 18:30:00+00:00,185.31,192.77,183.46,189.96,93845.0,AAPL
2023-02-06 18:30:00+00:00,150.46,155.43,137.77,143.27,58486.0,MSFT
2023-02-06 18:30:00+00:00,616.1,619.94,610.27,613.23,30191.0,SPY
2023-02-06 19:30:00+00:00,189.76,190.36,189.13,189.91,37583.0,AAPL
2023-02-06 19:30:00+00:00,143.2,145.54,138.68,140.42,27947.0,MSFT
2023-02-06 19:30:00+00:00,613.05,615.41,604.97,609.86,65723.0,SPY
2023-02-06 20:30:00+00:00,189.75,191.98,182.83,185.98,45458.0,AAPL
2023-02-06 20:30:00+00:00,140.61,141.6,139.64,140.32,47613.0,MSFT
2023-02-06 20:30:00+00:00,608.93,621.04,584.52,591.06,42533.0,SPY
2023-02-06 21:30:00+00:00,186.04,187.31,183.09,184.35,19585.0,AAPL
2023-02-06 21:30:00+00:00,140.12,147.06,138.07,144.51,91065.0,MSFT
2023-02-06 21:30:00+00:00,590.41,596.25,587.32,593.2,60956.0,SPY
2023-02-06 22:30:00+00:00,184.34,187.35,182.63,186.05,37746.0,AAPL
2023-02-06 22:30:00+00:00,144.39,148.99,143.39,146.84,109748.0,MSFT
2023-02-06 22:30:00+00:00,593.68,597.77,586.59,589.42,60117.0,SPY
2023-02-06 23:30:00+00:00,186.16,187.98,182.52,184.51,34423.0,AAPL
2023-02-06 23:30:00+00:00,146.7,151.94,144.72,149.68,55228.0,MSFT
2023-02-06 23:30:00+00:00,589.18,590.88,585.42,587.27,62641.0,SPY
2023-02-07 00:30:00+00:00,184.63,186.38,182.71,183.52,41148.0,AAPL
2023-02-07 00:30:00+00:00,149.6,151.32,142.69,145.55,28372.0,MSFT
2023-02-07 00:30:00+00:00,587.89,592.48,571.86,577.03,37130.0,SPY
2023-02-07 01:30:00+00:00,183.84,186.78,182.97,185.2,30139.0,AAPL
2023-02-07 01:30:00+00:00,145.53,146.12,144.64,145.27,24908.0,MSFT
2023-02-07 01:30:00+00:00,576.68,611.82,564.96,598.04,68683.0,SPY
2023-02-07 02:30:00+00:00,185.1,187.37,179.72,182.07,97186.0,AAPL
2023-02-07 02:30:00+00:00,145.5,146.78,143.41,144.68,55170.0,MSFT
2023-02-07 02:30:00+00:00,598.34,608.0,574.2,585.87,20186.0,SPY
2023-02-07 03:30:00+00:00,182.07,182.51,180.68,181.25,131862.0,AAPL
2023-02-07 03:30:00+00:00,144.83,150.39,141.67,148.55,141102.0,MSFT
2023-02-07 03:30:00+00:00,584.97,596.04,580.01,589.52,46711.0,SPY
2023-02-07 04:30:00+00:00,181.29,181.83,180.9,181.41,61284.0,AAPL
2023-02-07 04:30:00+00:00,148.63,150.01,147.64,149.28,45169.0,MSFT
2023-02-07 04:30:00+00:00,589.97,601.98,559.84,572.2,40099.0,SPY
2023-02-07 05:30:00+00:00,181.17,183.11,177.6,179.74,127632.0,AAPL
2023-02-07 05:30:00+00:00,149.39,150.68,148.07,149.97,68895.0,MSFT
2023-02-07 05:30:00+00:00,572.52,580.48,556.68,562.64,88259.0,SPY
2023-02-07 06:30:00+00:00,180.27,181.48,177.95,179.19,35565.0,AAPL
2023-02-07 06:30:00+00:00,149.69,151.18,148.9,150.11,67373.0,MSFT
2023-02-07 06:30:00+00:00,561.14,569.45,554.73,564.86,21009.0,SPY
2023-02-07 07:30:00+00:00,179.66,181.51,172.97,175.76,26068.0,AAPL
2023-02-07 07:30:00+00:00,149.76,152.73,148.8,151.02,44356.0,MSFT
2023-02-07 07:30:00+00:00,565.44,570.48,560.89,562.92,37373.0,SPY
2023-02-07 08:30:00+00:00,175.39,186.68,171.94,181.95,93137.0,AAPL
2023-02-07 08:30:00+00:00,150.94,153.16,146.43,147.82,68883.0,MSFT
2023-02-07 08:30:00+00:00,564.07,568.61,552.0,558.9,48891.0,SPY
2023-02-07 09:30:00+00:00,181.39,189.36,177.97,186.94,34697.0,AAPL
2023-02-07 09:30:00+00:00,148.06,148.51,147.8,148.27,124435.0,MSFT
2023-02-07 09:30:00+00:00,558.25,559.83,555.74,558.15,57070.0,SPY
2023-02-07 10:30:00+00:00,187.03,189.2,179.77,182.67,36978.0,AAPL
2023-02-07 10:30:00+00:00,148.51,149.99,145.45,146.93,50257.0,MSFT
2023-02-07 10:30:00+00:00,558.43,571.37,555.34,564.14,35520.0,SPY
2023-02-07 11:30:00+00:00,182.65,184.66,176.71,179.48,61586.0,AAPL
2023-02-07 11:30:00+00:00,146.53,148.11,145.48,147.64,29752.0,MSFT
2023-02-07 11:30:00+00:00,564.33,577.9,536.03,548.96,89704.0,SPY
2023-02-07 12:30:00+00:00,179.66,180.56,176.41,177.76,17855.0,AAPL
2023-02-07 12:30:00+00:00,147.77,151.68,146.41,150.5,43907.0,MSFT
2023-02-07 12:30:00+00:00,551.33,564.27,521.41,531.75,45391.0,SPY
2023-02-07 13:30:00+00:00,177.72,187.83,174.15,183.05,44550.0,AAPL
2023-02-07 13:30:00+00:00,150.79,152.12,148.44,149.87,17297.0,MSFT
2023-02-07 13:30:00+00:00,531.04,533.22,523.77,527.63,41016.0,SPY
2023-02-07 14:30:00+00:00,183.86,186.02,175.66,178.28,30877.0,AAPL
2023-02-07 14:30:00+00:00,150.1,151.54,144.36,146.66,43334.0,MSFT
2023-02-07 14:30:00+00:00,527.46,529.34,521.71,525.23,48307.0,SPY
2023-02-07 15:30:00+00:00,178.59,179.56,177.76,179.11,81458.0,AAPL
2023-02-07 15:30:00+00:00,147.08,148.9,146.37,148.11,72835.0,MSFT
2023-02-07 15:30:00+00:00,525.12,527.15,522.63,523.82,36822.0,SPY
2023-02-07 16:30:00+00:00,178.78,182.58,171.95,174.96,53043.0,AAPL
2023-02-07 16:30:00+00:00,148.1,150.78,144.26,145.46,50314.0,MSFT
2023-02-07 16:30:00+00:00,525.24,528.95,523.83,526.95,18439.0,SPY
2023-02-07 17:30:00+00:00,175.02,177.42,173.76,176.3,21477.0,AAPL
2023-02-07 17:30:00+00:00,145.48,148.2,138.08,141.38,22811.0,MSFT
2023-02-07 17:30:00+00:00,526.53,528.32,524.64,527.5,101685.0,SPY
2023-02-07 18:30:00+00:00,176.57,184.72,172.32,181.23,99400.0,AAPL
2023-02-07 18:30:00+00:00,141.47,146.96,139.52,144.44,35330.0,MSFT
2023-02-07 18:30:00+00:00,527.54,552.08,516.27,544.69,55292.0,SPY
2023-02-07 19:30:00+00:00,181.46,181.81,180.45,180.87,77756.0,AAPL
2023-02-07 19:30:00+00:00,144.16,151.27,141.05,148.66,69563.0,MSFT
2023-02-07 19:30:00+00:00,543.82,549.15,536.24,540.03,24064.0,SPY
2023-02-07 20:30:00+00:00,180.75,181.24,180.16,180.73,82656.0,AAPL
2023-02-07 20:30:00+00:00,148.57,150.68,144.27,146.39,87324.0,MSFT
2023-02-07 20:30:00+00:00,541.36,551.46,536.13,547.87,50265.0,SPY
2023-02-07 21:30:00+00:00,180.87,183.29,174.27,176.87,27818.0,AAPL
2023-02-07 21:30:00+00:00,146.47,147.43,145.09,146.09,36759.0,MSFT
2023-02-07 21:30:00+00:00,546.96,557.71,517.07,531.3,89214.0,SPY
2023-02-07 22:30:00+00:00,176.85,183.57,173.56,180.54,113326.0,AAPL
2023-02-07 22:30:00+00:00,145.94,154.86,141.46,151.52,99263.0,MSFT
2023-02-07 22:30:00+00:00,532.23,537.23,524.35,528.38,15192.0,SPY
2023-02-07 23:30:00+00:00,180.4,183.9,178.53,182.83,91235.0,AAPL
2023-02-07 23:30:00+00:00,151.72,154.41,146.4,148.41,88793.0,MSFT
2023-02-07 23:30:00+00:00,528.71,541.35,507.82,513.87,56420.0,SPY
2023-02-08 00:30:00+00:00,182.96,183.79,181.53,182.16,49238.0,AAPL
2023-02-08 00:30:00+00:00,148.94,150.64,145.11,146.49,16157.0,MSFT
2023-02-08 00:30:00+00:00,512.85,519.09,497.83,504.94,58074.0,SPY
2023-02-08 01:30:00+00:00,181.93,185.67,180.16,183.53,44837.0,AAPL
2023-02-08 01:30:00+00:00,146.86,147.9,146.24,147.22,117415.0,MSFT
2023-02-08 01:30:00+00:00,505.17,527.19,500.49,517.68,28605.0,SPY
2023-02-08 02:30:00+00:00,183.22,184.73,180.53,181.43,43622.0,AAPL
2023-02-08 02:30:00+00:00,147.78,153.66,136.32,140.71,74547.0,MSFT
2023-02-08 02:30:00+00:00,518.32,544.6,508.7,533.29,155672.0,SPY
2023-02-08 03:30:00+00:00,181.22,182.78,174.85,177.41,56566.0,AAPL
2023-02-08 03:30:00+00:00,140.66,141.61,137.87,138.86,43891.0,MSFT
2023-02-08 03:30:00+00:00,532.96,537.43,522.63,528.26,17229.0,SPY
2023-02-08 04:30:00+00:00,177.57,185.92,174.09,181.9,28622.0,AAPL
2023-02-08 04:30:00+00:00,138.61,142.69,137.43,141.19,30558.0,MSFT
2023-02-08 04:30:00+00:00,527.81,536.8,523.2,532.58,86171.0,SPY
2023-02-08 05:30:00+00:00,181.8,182.97,181.31,182.0,67697.0,AAPL
2023-02-08 05:30:00+00:00,141.02,145.29,138.92,142.9,24391.0,MSFT
2023-02-08 05:30:00+00:00,531.78,553.54,526.22,545.67,41919.0,SPY
2023-02-08 06:30:00+00:00,181.85,188.25,180.53,185.69,34817.0,AAPL
2023-02-08 06:30:00+00:00,142.83,143.48,141.69,142.07,46657.0,MSFT
2023-02-08 06:30:00+00:00,544.67,546.79,540.54,543.0,33357.0,SPY
2023-02-08 07:30:00+00:00,185.72,186.45,183.46,184.32,114169.0,AAPL
2023-02-08 07:30:00+00:00,142.15,142.48,141.28,141.76,60050.0,MSFT
2023-02-08 07:30:00+00:00,543.17,551.59,531.83,535.64,82689.0,SPY
2023-02-08 08:30:00+00:00,184.35,189.03,176.14,179.47,61558.0,AAPL
2023-02-08 08:30:00+00:00,141.96,145.76,140.3,143.81,58466.0,MSFT
2023-02-08 08:30:00+00:00,535.56,549.24,528.65,544.54,32597.0,SPY
2023-02-08 09:30:00+00:00,178.98,183.79,175.89,181.8,35986.0,AAPL
2023-02-08 09:30:00+00:00,143.49,146.66,142.83,144.98,90581.0,MSFT
2023-02-08 09:30:00+00:00,546.7,550.94,539.6,542.06,22487.0,SPY
2023-02-08 10:30:00+00:00,181.81,182.68,179.36,180.94,50215.0,AAPL
2023-02-08 10:30:00+00:00,145.34,149.51,142.94,147.85,65633.0,MSFT
2023-02-08 10:30:00+00:00,542.25,544.58,540.42,542.11,55132.0,SPY
2023-02-08 11:30:00+00:00,180.98,183.1,176.17,178.16,45236.0,AAPL
2023-02-08 11:30:00+00:00,148.18,155.42,145.33,152.25,73653.0,MSFT
2023-02-08 11:30:00+00:00,541.5,545.33,529.45,532.93,30081.0,SPY
2023-02-08 12:30:00+00:00,178.01,179.66,176.79,178.73,14898.0,AAPL
2023-02-08 12:30:00+00:00,151.84,153.08,150.99,152.36,61371.0,MSFT
2023-02-08 12:30:00+00:00,533.77,543.73,528.73,539.93,33764.0,SPY
2023-02-08 13:30:00+00:00,178.4,179.7,177.39,179.21,49247.0,AAPL
2023-02-08 13:30:00+00:00,152.75,159.23,148.55,156.91,63595.0,MSFT
2023-02-08 13:30:00+00:00,540.53,546.96,530.88,533.88,35253.0,SPY
2023-02-08 14:30:00+00:00,178.73,183.69,176.09,181.59,46097.0,AAPL
2023-02-08 14:30:00+00:00,156.67,160.43,155.53,158.85,80463.0,MSFT
2023-02-08 14:30:00+00:00,533.03,541.08,528.15,536.89,55346.0,SPY
2023-02-08 15:30:00+00:00,181.09,181.61,180.58,181.15,37726.0,AAPL
2023-02-08 15:30:00+00:00,159.38,161.1,156.91,157.91,64774.0,MSFT
2023-02-08 15:30:00+00:00,536.07,543.27,533.37,540.27,80446.0,SPY
2023-02-08 16:30:00+00:00,180.54,184.98,179.1,182.86,74948.0,AAPL
2023-02-08 16:30:00+00:00,157.69,160.61,156.69,159.27,46340.0,MSFT
2023-02-08 16:30:00+00:00,541.77,545.04,529.76,534.28,53699.0,SPY
2023-02-08 17:30:00+00:00,182.84,185.47,178.17,180.31,51914.0,AAPL
2023-02-08 17:30:00+00:00,159.31,160.56,156.6,157.62,33647.0,MSFT
2023-02-08 17:30:00+00:00,534.79,541.51,510.23,519.25,91533.0,SPY
2023-02-08 18:30:00+00:00,180.27,182.09,177.26,178.32,19586.0,AAPL
2023-02-08 18:30:00+00:00,157.66,160.28,156.15,159.09,21342.0,MSFT
2023-02-08 18:30:00+00:00,520.02,530.17,514.93,525.17,57813.0,SPY
2023-02-08 19:30:00+00:00,178.45,180.96,177.74,180.0,54294.0,AAPL
2023-02-08 19:30:00+00:00,159.17,161.06,158.28,160.41,190962.0,MSFT
2023-02-08 19:30:00+00:00,526.05,548.72,516.26,542.25,61167.0,SPY
2023-02-08 20:30:00+00:00,179.71,183.36,172.22,175.1,41162.0,AAPL
2023-02-08 20:30:00+00:00,160.34,161.46,159.32,160.76,15389.0,MSFT
2023-02-08 20:30:00+00:00,540.53,557.12,532.11,551.36,67215.0,SPY
2023-02-08 21:30:00+00:00,174.83,177.54,173.48,176.51,54510.0,AAPL
2023-02-08 21:30:00+00:00,161.06,168.13,157.98,164.89,30166.0,MSFT
2023-02-08 21:30:00+00:00,551.95,560.08,541.22,544.96,55609.0,SPY
2023-02-08 22:30:00+00:00,176.72,178.02,175.79,177.24,112808.0,AAPL
2023-02-08 22:30:00+00:00,164.71,166.02,159.83,162.41,83084.0,MSFT
2023-02-08 22:30:00+00:00,544.36,551.91,540.16,548.22,185962.0,SPY
2023-02-08 23:30:00+00:00,177.33,179.18,176.06,178.35,32581.0,AAPL
2023-02-08 23:30:00+00:00,162.33,165.16,160.45,164.27,59951.0,MSFT
2023-02-08 23:30:00+00:00,547.3,552.87,531.42,538.8,95980.0,SPY
2023-02-09 00:30:00+00:00,177.85,180.03,177.32,178.84,42110.0,AAPL
2023-02-09 00:30:00+00:00,164.21,165.62,163.13,163.7,49027.0,MSFT
2023-02-09 00:30:00+00:00,538.56,540.67,536.18,537.58,94417.0,SPY
2023-02-09 01:30:00+00:00,178.87,180.29,176.58,177.89,41184.0,AAPL
2023-02-09 01:30:00+00:00,163.83,166.68,163.06,165.09,38134.0,MSFT
2023-02-09 01:30:00+00:00,538.65,543.85,520.95,529.07,38815.0,SPY
2023-02-09 02:30:00+00:00,177.95,181.32,175.59,180.02,30235.0,AAPL
2023-02-09 02:30:00+00:00,164.85,169.46,162.34,167.01,71193.0,MSFT
2023-02-09 02:30:00+00:00,529.78,533.88,517.44,523.98,67312.0,SPY
2023-02-09 03:30:00+00:00,179.75,180.01,179.44,179.74,39261.0,AAPL
2023-02-09 03:30:00+00:00,167.1,175.25,163.4,171.24,64563.0,MSFT
2023-02-09 03:30:00+00:00,524.02,535.38,518.24,530.63,32172.0,SPY
2023-02-09 04:30:00+00:00,179.74,185.71,177.55,182.75,36822.0,AAPL
2023-02-09 04:30:00+00:00,171.11,172.67,169.81,172.09,51513.0,MSFT
2023-02-09 04:30:00+00:00,530.63,534.22,527.23,530.01,58932.0,SPY
2023-02-09 05:30:00+00:00,182.47,184.63,181.37,183.65,62477.0,AAPL
2023-02-09 05:30:00+00:00,172.03,178.4,168.93,175.39,103553.0,MSFT
2023-02-09 05:30:00+00:00,530.82,533.17,526.98,528.86,53114.0,SPY
2023-02-09 06:30:00+00:00,183.85,185.14,182.99,184.62,107096.0,AAPL
2023-02-09 06:30:00+00:00,175.57,180.04,173.58,178.11,59324.0,MSFT
2023-02-09 06:30:00+00:00,529.41,542.97,499.02,510.99,81169.0,SPY
2023-02-09 07:30:00+00:00,184.71,186.85,182.06,183.19,65125.0,AAPL
2023-02-09 07:30:00+00:00,177.94,184.86,176.12,181.54,28054.0,MSFT
2023-02-09 07:30:00+00:00,510.65,513.35,504.16,506.05,42006.0,SPY
2023-02-09 08:30:00+00:00,183.02,186.57,182.2,184.6,35746.0,AAPL
2023-02-09 08:30:00+00:00,181.35,185.38,178.49,183.81,35227.0,MSFT
2023-02-09 08:30:00+00:00,504.58,506.51,503.24,504.35,29321.0,SPY
2023-02-09 09:30:00+00:00,184.95,185.46,184.65,185.17,65168.0,AAPL
2023-02-09 09:30:00+00:00,183.5,185.06,179.57,181.38,80741.0,MSFT
2023-02-09 09:30:00+00:00,504.5,507.3,499.17,501.54,64462.0,SPY
2023-02-09 10:30:00+00:00,185.56,188.63,184.55,187.37,25849.0,AAPL
2023-02-09 10:30:00+00:00,181.62,190.95,177.39,186.29,35095.0,MSFT
2023-02-09 10:30:00+00:00,501.91,509.92,497.29,506.98,56284.0,SPY
2023-02-09 11:30:00+00:00,187.4,192.32,184.13,190.89,54929.0,AAPL
2023-02-09 11:30:00+00:00,186.26,190.01,185.33,188.0,50761.0,MSFT
2023-02-09 11:30:00+00:00,508.61,511.41,506.73,509.81,30694.0,SPY
2023-02-09 12:30:00+00:00,190.57,191.77,188.48,189.75,44672.0,AAPL
2023-02-09 12:30:00+00:00,187.95,193.11,184.63,191.36,52742.0,MSFT
2023-02-09 12:30:00+00:00,510.03,518.96,506.26,514.75,46342.0,SPY
2023-02-09 13:30:00+00:00,189.86,195.9,175.9,179.47,47269.0,AAPL
2023-02-09 13:30:00+00:00,191.23,191.86,189.71,190.77,27716.0,MSFT
2023-02-09 13:30:00+00:00,514.53,522.2,502.81,507.9,51935.0,SPY
2023-02-09 14:30:00+00:00,179.3,187.15,177.48,183.42,51946.0,AAPL
2023-02-09 14:30:00+00:00,190.75,191.4,188.8,190.16,42738.0,MSFT
2023-02-09 14:30:00+00:00,508.91,516.52,485.3,495.86,52611.0,SPY
2023-02-09 15:30:00+00:00,183.51,187.19,181.82,185.63,61621.0,AAPL
2023-02-09 15:30:00+00:00,189.92,192.92,189.27,191.31,55496.0,MSFT
2023-02-09 15:30:00+00:00,496.05,498.32,495.21,496.84,75143.0,SPY
2023-02-09 16:30:00+00:00,185.81,191.23,183.35,188.61,33015.0,AAPL
2023-02-09 16:30:00+00:00,191.62,192.84,188.8,190.46,39694.0,MSFT
2023-02-09 16:30:00+00:00,496.98,501.58,487.22,490.83,77073.0,SPY
2023-02-09 17:30:00+00:00,188.18,190.61,186.79,189.49,75359.0,AAPL
2023-02-09 17:30:00+00:00,190.8,192.53,189.29,191.67,99202.0,MSFT
2023-02-09 17:30:00+00:00,490.24,493.02,487.45,490.89,72530.0,SPY
2023-02-09 18:30:00+00:00,189.64,193.71,188.0,192.17,44558.0,AAPL
2023-02-09 18:30:00+00:00,191.78,196.06,189.86,194.39,41450.0,MSFT
2023-02-09 18:30:00+00:00,491.39,493.02,489.19,490.9,25576.0,SPY
2023-02-09 19:30:00+00:00,191.67,192.77,190.48,191.22,40606.0,AAPL
2023-02-09 19:30:00+00:00,194.31,197.64,192.22,196.53,66609.0,MSFT
2023-02-09 19:30:00+00:00,490.75,498.61,485.24,494.7,55583.0,SPY
2023-02-09 20:30:00+00:00,191.29,192.84,190.08,192.06,27632.0,AAPL
2023-02-09 20:30:00+00:00,196.5,201.99,194.74,200.21,57935.0,MSFT
2023-02-09 20:30:00+00:00,495.3,496.87,491.05,494.07,117139.0,SPY
2023-02-09 21:30:00+00:00,192.31,195.33,191.29,194.28,36589.0,AAPL
2023-02-09 21:30:00+00:00,200.1,202.01,192.2,195.88,30386.0,MSFT
2023-02-09 21:30:00+00:00,495.51,496.51,494.56,495.03,75158.0,SPY
2023-02-09 22:30:00+00:00,194.8,198.13,185.02,189.21,105765.0,AAPL
2023-02-09 22:30:00+00:00,195.34,197.25,191.63,193.15,62149.0,MSFT
2023-02-09 22:30:00+00:00,495.83,500.66,476.26,484.51,27227.0,SPY
2023-02-09 23:30:00+00:00,189.18,192.2,187.07,190.95,28671.0,AAPL
2023-02-09 23:30:00+00:00,193.44,194.61,192.46,193.18,20870.0,MSFT
2023-02-09 23:30:00+00:00,484.01,487.32,479.89,481.39,70813.0,SPY
2023-02-10 00:30:00+00:00,191.3,192.24,190.62,191.77,74424.0,AAPL
2023-02-10 00:30:00+00:00,192.77,198.83,189.37,196.04,80873.0,MSFT
2023-02-10 00:30:00+00:00,480.72,493.78,476.95,488.97,19263.0,SPY
2023-02-10 01:30:00+00:00,191.6,194.8,183.46,186.28,48330.0,AAPL
2023-02-10 01:30:00+00:00,195.74,202.63,192.9,199.74,37809.0,MSFT
2023-02-10 01:30:00+00:00,488.23,497.94,484.08,492.39,25772.0,SPY
2023-02-10 02:30:00+00:00,186.5,188.05,185.19,187.44,60403.0,AAPL
2023-02-10 02:30:00+00:00,199.15,203.12,197.38,201.25,38763.0,MSFT
2023-02-10 02:30:00+00:00,492.88,495.36,484.73,489.15,27255.0,SPY
2023-02-10 03:30:00+00:00,187.39,188.66,186.85,188.11,53159.0,AAPL
2023-02-10 03:30:00+00:00,201.27,213.39,196.35,207.99,42603.0,MSFT
2023-02-10 03:30:00+00:00,488.89,490.45,484.5,487.14,21283.0,SPY
2023-02-10 04:30:00+00:00,188.28,194.25,177.99,181.56,64919.0,AAPL
2023-02-10 04:30:00+00:00,207.95,209.34,203.21,205.08,30009.0,MSFT
2023-02-10 04:30:00+00:00,488.5,495.04,473.44,478.82,62834.0,SPY
2023-02-10 05:30:00+00:00,181.67,182.29,179.84,180.99,55599.0,AAPL
2023-02-10 05:30:00+00:00,205.04,210.28,203.59,207.56,40616.0,MSFT
2023-02-10 05:30:00+00:00,479.45,491.8,476.22,486.52,60541.0,SPY
2023-02-10 06:30:00+00:00,181.09,182.23,178.47,179.94,66510.0,AAPL
2023-02-10 06:30:00+00:00,207.53,208.9,205.22,206.68,50967.0,MSFT
2023-02-10 06:30:00+00:00,487.96,496.63,471.9,477.44,45827.0,SPY
2023-02-10 07:30:00+00:00,180.01,183.32,178.2,182.11,51283.0,AAPL
2023-02-10 07:30:00+00:00,206.99,208.71,199.24,202.6,29684.0,MSFT
2023-02-10 07:30:00+00:00,476.16,480.72,474.07,478.95,66383.0,SPY
2023-02-10 08:30:00+00:00,182.32,183.39,179.9,181.32,77392.0,AAPL
2023-02-10 08:30:00+00:00,202.4,203.09,201.24,201.72,19595.0,MSFT
2023-02-10 08:30:00+00:00,478.75,480.21,474.73,477.56,118137.0,SPY
2023-02-10 09:30:00+00:00,180.73,181.02,180.26,180.72,69970.0,AAPL
2023-02-10 09:30:00+00:00,201.64,202.53,198.51,199.55,25959.0,MSFT
2023-02-10 09:30:00+00:00,478.46,492.51,472.27,486.3,107967.0,SPY
2023-02-10 10:30:00+00:00,180.75,181.79,177.99,179.28,94603.0,AAPL
2023-02-10 10:30:00+00:00,199.62,202.58,190.68,194.07,28799.0,MSFT
2023-02-10 10:30:00+00:00,487.29,492.92,475.79,481.22,25452.0,SPY
2023-02-10 11:30:00+00:00,179.24,180.4,178.44,179.9,90763.0,AAPL
2023-02-10 11:30:00+00:00,193.98,195.08,191.79,192.71,53009.0,MSFT
2023-02-10 11:30:00+00:00,480.83,486.46,473.08,475.5,81938.0,SPY
2023-02-10 12:30:00+00:00,179.86,182.38,179.27,181.18,39263.0,AAPL
2023-02-10 12:30:00+00:00,192.9,193.6,192.22,192.85,65263.0,MSFT
2023-02-10 12:30:00+00:00,473.87,475.47,470.38,472.23,57386.0,SPY
2023-02-10 13:30:00+00:00,181.44,182.89,180.05,180.93,93069.0,AAPL
2023-02-10 13:30:00+00:00,193.09,194.75,190.28,192.03,44918.0,MSFT
2023-02-10 13:30:00+00:00,472.16,475.28,470.83,474.1,62250.0,SPY
2023-02-10 14:30:00+00:00,180.68,187.23,178.21,183.96,30234.0,AAPL
2023-02-10 14:30:00+00:00,191.72,200.71,187.21,196.5,68437.0,MSFT
2023-02-10 14:30:00+00:00,473.98,477.27,467.27,470.78,98837.0,SPY
2023-02-10 15:30:00+00:00,184.25,188.3,183.09,186.53,47687.0,AAPL
2023-02-10 15:30:00+00:00,196.53,199.46,191.11,193.22,47848.0,MSFT
2023-02-10 15:30:00+00:00,471.09,484.46,446.55,456.93,66202.0,SPY
2023-02-10 16:30:00+00:00,187.24,191.47,185.11,189.75,19359.0,AAPL
2023-02-10 16:30:00+00:00,193.33,199.45,190.73,196.99,27220.0,MSFT
2023-02-10 16:30:00+00:00,457.47,459.26,453.1,455.63,18068.0,SPY
2023-02-10 17:30:00+00:00,190.22,190.6,189.8,190.11,88123.0,AAPL
2023-02-10 17:30:00+00:00,197.09,197.92,196.42,197.27,66802.0,MSFT
2023-02-10 17:30:00+00:00,455.61,457.14,454.05,455.12,45470.0,SPY
2023-02-10 18:30:00+00:00,189.69,191.82,186.31,187.44,44450.0,AAPL
2023-02-10 18:30:00+00:00,197.51,200.82,189.51,193.67,23147.0,MSFT
2023-02-10 18:30:00+00:00,455.82,474.39,451.23,466.09,66654.0,SPY
2023-02-10 19:30:00+00:00,187.74,188.49,187.41,188.09,51599.0,AAPL
2023-02-10 19:30:00+00:00,193.73,195.66,191.49,192.51,47308.0,MSFT
2023-02-10 19:30:00+00:00,465.21,470.88,463.25,468.74,67904.0,SPY
2023-02-10 20:30:00+00:00,187.83,188.69,187.32,188.28,25885.0,AAPL
2023-02-10 20:30:00+00:00,192.74,193.67,192.23,193.12,34728.0,MSFT
2023-02-10 20:30:00+00:00,469.43,475.77,449.06,457.51,19811.0,SPY
2023-02-10 21:30:00+00:00,187.94,190.52,180.7,183.75,47266.0,AAPL
2023-02-10 21:30:00+00:00,193.02,196.25,191.91,195.06,24536.0,MSFT
2023-02-10 21:30:00+00:00,458.06,481.18,449.29,471.33,131035.0,SPY
2023-02-10 22:30:00+00:00,183.69,188.07,181.78,186.52,27686.0,AAPL
2023-02-10 22:30:00+00:00,194.87,198.74,187.65,190.7,28268.0,MSFT
2023-02-10 22:30:00+00:00,470.74,476.34,468.47,474.43,39115.0,SPY
2023-02-10 23:30:00+00:00,186.16,186.37,185.83,186.11,84947.0,AAPL
2023-02-10 23:30:00+00:00,191.35,191.94,190.67,191.15,76050.0,MSFT
2023-02-10 23:30:00+00:00,473.88,485.71,469.33,480.85,32089.0,SPY
2023-02-11 00:30:00+00:00,186.17,188.83,185.36,187.9,79188.0,AAPL
2023-02-11 00:30:00+00:00,191.13,193.27,189.81,192.1,36411.0,MSFT
2023-02-11 00:30:00+00:00,481.29,486.82,477.86,484.37,46325.0,SPY
2023-02-11 01:30:00+00:00,187.74,193.68,185.15,191.78,28717.0,AAPL
2023-02-11 01:30:00+00:00,192.14,199.36,188.84,195.9,68541.0,MSFT
2023-02-11 01:30:00+00:00,483.67,490.28,467.58,473.01,64388.0,SPY
2023-02-11 02:30:00+00:00,192.22,194.01,189.95,191.11,69035.0,AAPL
2023-02-11 02:30:00+00:00,195.81,197.8,195.07,196.73,67152.0,MSFT
2023-02-11 02:30:00+00:00,473.44,478.46,471.84,474.73,54760.0,SPY
2023-02-11 03:30:00+00:00,190.58,195.82,188.6,193.21,65429.0,AAPL
2023-02-11 03:30:00+00:00,196.3,197.71,193.52,194.42,35692.0,MSFT
2023-02-11 03:30:00+00:00,473.55,496.95,465.52,487.38,71771.0,SPY
2023-02-11 04:30:00+00:00,193.01,196.49,190.42,195.11,99076.0,AAPL
2023-02-11 04:30:00+00:00,194.75,199.12,192.18,196.65,25458.0,MSFT
2023-02-11 04:30:00+00:00,488.14,491.49,472.88,479.33,100301.0,SPY
2023-02-11 05:30:00+00:00,194.61,198.94,192.54,196.85,119435.0,AAPL
2023-02-11 05:30:00+00:00,196.71,203.32,194.49,200.68,23041.0,MSFT
2023-02-11 05:30:00+00:00,479.16,485.8,476.34,482.74,72948.0,SPY
2023-02-11 06:30:00+00:00,196.92,203.11,194.62,201.01,54805.0,AAPL
2023-02-11 06:30:00+00:00,201.05,201.49,200.31,200.75,71935.0,MSFT
2023-02-11 06:30:00+00:00,483.51,497.95,475.87,491.29,27481.0,SPY
2023-02-11 07:30:00+00:00,200.45,201.84,199.69,200.83,31035.0,AAPL
2023-02-11 07:30:00+00:00,201.38,203.49,195.5,197.66,30677.0,MSFT
2023-02-11 07:30:00+00:00,490.75,498.06,486.35,495.85,29679.0,SPY
2023-02-11 08:30:00+00:00,201.15,204.98,198.91,203.79,72933.0,AAPL
2023-02-11 08:30:00+00:00,198.11,199.82,197.11,198.87,87356.0,MSFT
2023-02-11 08:30:00+00:00,494.73,504.24,489.31,500.69,37681.0,SPY
2023-02-11 09:30:00+00:00,204.18,206.64,200.3,201.54,32881.0,AAPL
2023-02-11 09:30:00+00:00,198.6,200.48,197.32,199.67,30283.0,MSFT
2023-02-11 09:30:00+00:00,500.19,502.37,499.03,501.24,26243.0,SPY
2023-02-11 10:30:00+00:00,201.77,204.56,200.91,202.82,40393.0,AAPL
2023-02-11 10:30:00+00:00,199.34,202.77,197.06,201.54,68933.0,MSFT
2023-02-11 10:30:00+00:00,501.14,507.47,498.08,503.16,165309.0,SPY
2023-02-11 11:30:00+00:00,202.53,209.4,199.32,205.97,75418.0,AAPL
2023-02-11 11:30:00+00:00,201.25,202.58,197.96,199.43,51640.0,MSFT
2023-02-11 11:30:00+00:00,501.99,504.34,491.72,496.12,101761.0,SPY
2023-02-11 12:30:00+00:00,205.87,206.41,204.6,205.37,38863.0,AAPL
2023-02-11 12:30:00+00:00,199.05,199.67,198.12,198.79,31725.0,MSFT
2023-02-11 12:30:00+00:00,495.67,500.95,484.71,488.64,14027.0,SPY
2023-02-11 13:30:00+00:00,205.23,208.53,199.15,202.28,11327.0,AAPL
2023-02-11 13:30:00+00:00,199.2,208.1,196.22,203.73,46352.0,MSFT
2023-02-11 13:30:00+00:00,489.8,493.0,482.06,484.9,42417.0,SPY
2023-02-11 14:30:00+00:00,202.82,206.29,197.58,199.19,42557.0,AAPL
2023-02-11 14:30:00+00:00,203.96,206.52,203.24,205.65,29470.0,MSFT
2023-02-11 14:30:00+00:00,485.0,489.22,480.02,482.91,34292.0,SPY
2023-02-11 15:30:00+00:00,199.2,201.57,198.2,200.06,98477.0,AAPL
2023-02-11 15:30:00+00:00,206.01,210.29,197.44,201.96,85702.0,MSFT
2023-02-11 15:30:00+00:00,483.99,485.54,481.3,482.72,63596.0,SPY
2023-02-11 16:30:00+00:00,199.74,203.55,197.9,201.53,91644.0,AAPL
2023-02-11 16:30:00+00:00,201.58,203.06,200.94,202.34,49164.0,MSFT
2023-02-11 16:30:00+00:00,484.09,503.33,477.62,494.93,46219.0,SPY
2023-02-11 17:30:00+00:00,201.77,204.72,193.19,196.8,105349.0,AAPL
2023-02-11 17:30:00+00:00,202.19,205.35,193.24,196.93,56777.0,MSFT
2023-02-11 17:30:00+00:00,494.75,496.18,492.77,493.75,37303.0,SPY
2023-02-11 18:30:00+00:00,197.07,198.75,194.85,196.26,62276.0,AAPL
2023-02-11 18:30:00+00:00,197.5,198.81,193.9,195.78,214456.0,MSFT
2023-02-11 18:30:00+00:00,493.8,499.29,481.38,484.95,42419.0,SPY
2023-02-11 19:30:00+00:00,195.68,196.34,194.86,195.61,81368.0,AAPL
2023-02-11 19:30:00+00:00,195.76,196.48,192.8,194.36,21570.0,MSFT
2023-02-11 19:30:00+00:00,486.04,492.08,475.15,479.75,81470.0,SPY
2023-02-11 20:30:00+00:00,196.02,197.91,193.6,194.96,47889.0,AAPL
2023-02-11 20:30:00+00:00,194.02,194.79,192.41,193.27,117716.0,MSFT
2023-02-11 20:30:00+00:00,480.75,482.08,479.56,480.18,61398.0,SPY
2023-02-11 21:30:00+00:00,195.26,197.07,194.14,196.02,52167.0,AAPL
2023-02-11 21:30:00+00:00,193.48,196.62,192.54,195.25,55503.0,MSFT
2023-02-11 21:30:00+00:00,479.77,487.68,462.71,468.13,34683.0,SPY
2023-02-11 22:30:00+00:00,195.78,199.11,194.13,197.84,46599.0,AAPL
2023-02-11 22:30:00+00:00,195.31,197.5,191.54,193.39,109329.0,MSFT
2023-02-11 22:30:00+00:00,467.98,469.38,463.72,466.06,33004.0,SPY
2023-02-11 23:30:00+00:00,197.52,198.0,196.21,196.85,45943.0,AAPL
2023-02-11 23:30:00+00:00,193.58,197.1,185.24,188.61,48950.0,MSFT
2023-02-11 23:30:00+00:00,465.65,470.39,463.77,467.49,58018.0,SPY
2023-02-12 00:30:00+00:00,197.07,203.11,195.19,200.91,26069.0,AAPL
2023-02-12 00:30:00+00:00,188.52,191.78,187.53,190.76,63043.0,MSFT
2023-02-12 00:30:00+00:00,466.46,478.72,461.06,472.83,56199.0,SPY
2023-02-12 01:30:00+00:00,201.14,205.06,190.8,194.89,20106.0,AAPL
2023-02-12 01:30:00+00:00,190.51,203.81,186.84,199.56,36850.0,MSFT
2023-02-12 01:30:00+00:00,474.56,476.85,471.07,473.22,32802.0,SPY
2023-02-12 02:30:00+00:00,194.82,200.45,193.06,198.25,55895.0,AAPL
2023-02-12 02:30:00+00:00,199.98,201.0,199.11,200.22,7434.0,MSFT
2023-02-12 02:30:00+00:00,471.99,490.26,467.02,482.19,51852.0,SPY
2023-02-12 03:30:00+00:00,198.27,202.19,197.13,200.21,69854.0,AAPL
2023-02-12 03:30:00+00:00,200.17,205.09,197.84,202.9,45459.0,MSFT
2023-02-12 03:30:00+00:00,481.48,491.2,475.37,487.97,43748.0,SPY
2023-02-12 04:30:00+00:00,200.09,201.61,194.94,197.58,94491.0,AAPL
2023-02-12 04:30:00+00:00,202.89,206.24,201.74,205.19,48350.0,MSFT
2023-02-12 04:30:00+00:00,487.32,493.0,474.34,481.08,52046.0,SPY
2023-02-12 05:30:00+00:00,198.37,199.02,195.51,196.89,62056.0,AAPL
2023-02-12 05:30:00+00:00,206.0,208.99,199.49,201.39,34619.0,MSFT
2023-02-12 05:30:00+00:00,480.25,486.58,468.1,471.39,23951.0,SPY
2023-02-12 06:30:00+00:00,197.24,198.63,191.95,194.61,27171.0,AAPL
2023-02-12 06:30:00+00:00,201.18,204.14,199.61,202.86,22650.0,MSFT
2023-02-12 06:30:00+00:00,470.98,489.75,465.47,481.54,50973.0,SPY
2023-02-12 07:30:00+00:00,194.2,200.7,181.1,186.36,54561.0,AAPL
2023-02-12 07:30:00+00:00,202.85,204.19,202.41,203.18,27822.0,MSFT
2023-02-12 07:30:00+00:00,480.89,489.55,476.45,486.0,54659.0,SPY
2023-02-12 08:30:00+00:00,186.42,187.29,184.89,185.74,18332.0,AAPL
2023-02-12 08:30:00+00:00,203.44,204.09,200.89,202.01,27422.0,MSFT
2023-02-12 08:30:00+00:00,486.53,492.35,465.35,475.37,37566.0,SPY
2023-02-12 09:30:00+00:00,185.92,187.12,182.95,184.6,26404.0,AAPL
2023-02-12 09:30:00+00:00,202.25,206.21,201.0,204.8,33960.0,MSFT
2023-02-12 09:30:00+00:00,474.74,482.39,460.28,466.45,31390.0,SPY
2023-02-12 10:30:00+00:00,184.58,187.16,175.6,179.44,88206.0,AAPL
2023-02-12 10:30:00+00:00,205.17,205.95,204.11,204.71,64048.0,MSFT
2023-02-12 10:30:00+00:00,467.32,472.81,465.3,469.53,58370.0,SPY
2023-02-12 11:30:00+00:00,180.16,181.74,174.96,176.88,67477.0,AAPL
2023-02-12 11:30:00+00:00,205.03,207.72,195.25,199.2,29438.0,MSFT
2023-02-12 11:30:00+00:00,469.98,474.74,459.3,464.87,50404.0,SPY
2023-02-12 12:30:00+00:00,177.1,179.17,173.03,175.29,7375.0,AAPL
2023-02-12 12:30:00+00:00,199.07,200.52,197.82,199.24,129331.0,MSFT
2023-02-12 12:30:00+00:00,463.75,472.45,458.52,469.5,57845.0,SPY
2023-02-12 13:30:00+00:00,175.07,182.37,171.46,178.86,69504.0,AAPL
2023-02-12 13:30:00+00:00,199.36,203.5,188.82,191.86,58915.0,MSFT
2023-02-12 13:30:00+00:00,470.52,487.06,464.33,481.47,66750.0,SPY
2023-02-12 14:30:00+00:00,178.29,179.06,176.71,177.73,88405.0,AAPL
2023-02-12 14:30:00+00:00,191.62,193.82,187.96,189.44,23628.0,MSFT
2023-02-12 14:30:00+00:00,481.95,483.33,478.17,480.43,26783.0,SPY
2023-02-12 15:30:00+00:00,177.83,179.4,175.39,176.57,84728.0,AAPL
2023-02-12 15:30:00+00:00,188.8,190.24,186.47,187.19,31174.0,MSFT
2023-02-12 15:30:00+00:00,480.98,484.31,465.83,474.01,49397.0,SPY
2023-02-12 16:30:00+00:00,176.46,178.13,170.16,173.25,40157.0,AAPL
2023-02-12 16:30:00+00:00,187.24,188.8,183.62,185.12,33919.0,MSFT
2023-02-12 16:30:00+00:00,473.17,489.01,465.72,480.92,33089.0,SPY
2023-02-12 17:30:00+00:00,173.24,174.86,169.23,170.37,79444.0,AAPL
2023-02-12 17:30:00+00:00,184.92,189.04,176.65,180.59,102641.0,MSFT
2023-02-12 17:30:00+00:00,481.3,483.98,477.53,479.9,52840.0,SPY
2023-02-12 18:30:00+00:00,170.05,172.27,168.5,171.43,61515.0,AAPL
2023-02-12 18:30:00+00:00,180.5,184.83,179.04,182.48,92904.0,MSFT
2023-02-12 18:30:00+00:00,478.83,487.48,462.79,468.64,59440.0,SPY
2023-02-12 19:30:00+00:00,171.35,173.69,169.98,172.96,40613.0,AAPL
2023-02-12 19:30:00+00:00,182.47,189.79,180.89,186.23,36943.0,MSFT
2023-02-12 19:30:00+00:00,468.34,471.61,467.22,469.15,55752.0,SPY
2023-02-12 20:30:00+00:00,173.31,174.39,168.71,171.28,62527.0,AAPL
2023-02-12 20:30:00+00:00,185.87,190.54,183.47,188.43,26183.0,MSFT
2023-02-12 20:30:00+00:00,468.19,479.56,449.52,454.37,31794.0,SPY
2023-02-12 21:30:00+00:00,170.84,176.28,168.61,174.03,67698.0,AAPL
2023-02-12 21:30:00+00:00,188.82,192.71,187.32,190.62,81152.0,MSFT
2023-02-12 21:30:00+00:00,453.96,465.8,450.85,459.72,79447.0,SPY
2023-02-12 22:30:00+00:00,174.0,175.61,172.28,173.26,139425.0,AAPL
2023-02-12 22:30:00+00:00,190.72,200.11,187.79,196.06,33153.0,MSFT
2023-02-12 22:30:00+00:00,460.71,463.38,458.89,461.36,35970.0,SPY
2023-02-12 23:30:00+00:00,173.47,174.34,171.08,172.15,57776.0,AAPL
2023-02-12 23:30:00+00:00,196.29,199.38,190.25,192.45,23715.0,MSFT
2023-02-12 23:30:00+00:00,460.43,488.35,451.99,476.89,53932.0,SPY
2023-02-13 00:30:00+00:00,172.12,179.79,169.94,176.29,114834.0,AAPL
2023-02-13 00:30:00+00:00,192.26,196.96,190.28,194.65,60387.0,MSFT
2023-02-13 00:30:00+00:00,476.78,492.16,470.23,484.44,45015.0,SPY
2023-02-13 01:30:00+00:00,176.44,183.99,174.38,180.26,45376.0,AAPL
2023-02-13 01:30:00+00:00,194.8,198.23,188.21,190.9,48936.0,MSFT
2023-02-13 01:30:00+00:00,485.33,489.65,482.42,487.14,29931.0,SPY
2023-02-13 02:30:00+00:00,180.12,183.68,178.09,182.04,55193.0,AAPL
2023-02-13 02:30:00+00:00,190.59,191.69,188.28,189.74,90035.0,MSFT
2023-02-13 02:30:00+00:00,487.52,493.0,483.94,490.5,41813.0,SPY
2023-02-13 03:30:00+00:00,182.31,184.66,181.05,183.22,55724.0,AAPL
2023-02-13 03:30:00+00:00,189.57,189.93,188.62,189.02,29524.0,MSFT
2023-02-13 03:30:00+00:00,491.35,508.12,483.81,499.81,54175.0,SPY
2023-02-13 04:30:00+00:00,182.94,184.71,182.29,183.82,28409.0,AAPL
2023-02-13 04:30:00+00:00,189.41,193.06,187.58,191.06,152820.0,MSFT
2023-02-13 04:30:00+00:00,500.14,514.42,493.83,509.02,24661.0,SPY
2023-02-13 05:30:00+00:00,183.92,186.12,178.16,179.76,46430.0,AAPL
2023-02-13 05:30:00+00:00,190.95,191.68,188.25,189.9,30568.0,MSFT
2023-02-13 05:30:00+00:00,509.49,518.29,504.29,514.08,38046.0,SPY
2023-02-13 06:30:00+00:00,180.4,182.64,175.47,177.42,53236.0,AAPL
2023-02-13 06:30:00+00:00,190.1,196.33,187.15,194.34,20738.0,MSFT
2023-02-13 06:30:00+00:00,513.1,529.29,504.51,524.55,59069.0,SPY
2023-02-13 07:30:00+00:00,177.59,180.4,166.15,170.65,34249.0,AAPL
2023-02-13 07:30:00+00:00,194.62,195.51,191.83,193.38,32388.0,MSFT
2023-02-13 07:30:00+00:00,524.24,526.48,517.66,520.39,39775.0,SPY
2023-02-13 08:30:00+00:00,170.89,172.08,169.63,170.33,31834.0,AAPL
2023-02-13 08:30:00+00:00,193.92,194.41,193.59,193.8,75283.0,MSFT
2023-02-13 08:30:00+00:00,519.4,521.17,516.17,517.25,37025.0,SPY
2023-02-13 09:30:00+00:00,170.78,171.38,169.97,170.34,35646.0,AAPL
2023-02-13 09:30:00+00:00,193.7,194.51,191.49,193.03,28414.0,MSFT
2023-02-13 09:30:00+00:00,518.13,536.1,482.36,498.2,42337.0,SPY
2023-02-13 10:30:00+00:00,170.77,174.99,168.99,173.1,27916.0,AAPL
2023-02-13 10:30:00+00:00,193.06,194.3,188.29,190.82,63034.0,MSFT
2023-02-13 10:30:00+00:00,498.11,509.69,491.62,505.33,62751.0,SPY
2023-02-13 11:30:00+00:00,173.27,176.04,171.13,174.75,28248.0,AAPL
2023-02-13 11:30:00+00:00,190.35,190.98,188.68,189.36,32167.0,MSFT
2023-02-13 11:30:00+00:00,504.31,505.52,502.18,504.38,66287.0,SPY
2023-02-13 12:30:00+00:00,174.58,179.55,171.39,177.51,37835.0,AAPL
2023-02-13 12:30:00+00:00,188.83,189.87,187.62,188.05,17542.0,MSFT
2023-02-13 12:30:00+00:00,504.42,510.21,489.46,496.8,48210.0,SPY
2023-02-13 13:30:00+00:00,177.39,183.01,168.35,171.38,16337.0,AAPL
2023-02-13 13:30:00+00:00,188.28,191.74,187.14,190.3,36813.0,MSFT
2023-02-13 13:30:00+00:00,496.33,501.1,487.1,491.85,94991.0,SPY
2023-02-13 14:30:00+00:00,171.01,172.33,167.69,169.03,14573.0,AAPL
2023-02-13 14:30:00+00:00,189.79,192.12,188.47,191.45,53730.0,MSFT
2023-02-13 14:30:00+00:00,491.41,497.56,488.9,495.28,69546.0,SPY
2023-02-13 15:30:00+00:00,168.64,169.98,167.97,169.18,80444.0,AAPL
2023-02-13 15:30:00+00:00,191.73,193.43,186.67,188.98,53985.0,MSFT
2023-02-13 15:30:00+00:00,495.38,503.37,491.2,499.29,84061.0,SPY
2023-02-13 16:30:00+00:00,169.27,170.95,166.17,167.7,120169.0,AAPL
2023-02-13 16:30:00+00:00,188.92,191.3,188.29,190.29,9927.0,MSFT
2023-02-13 16:30:00+00:00,498.3,507.05,491.44,504.14,34127.0,SPY
2023-02-13 17:30:00+00:00,167.79,169.76,167.13,168.72,24219.0,AAPL
2023-02-13 17:30:00+00:00,190.21,190.71,188.47,189.46,87883.0,MSFT
2023-02-13 17:30:00+00:00,504.63,509.14,502.05,505.79,36129.0,SPY
2023-02-13 18:30:00+00:00,168.85,170.43,165.52,166.97,38547.0,AAPL
2023-02-13 18:30:00+00:00,189.69,190.21,188.16,188.92,58624.0,MSFT
2023-02-13 18:30:00+00:00,505.61,516.25,499.17,512.8,66631.0,SPY
2023-02-13 19:30:00+00:00,166.87,170.18,165.74,168.27,61633.0,AAPL
2023-02-13 19:30:00+00:00,189.62,193.08,187.6,191.19,127301.0,MSFT
2023-02-13 19:30:00+00:00,512.52,517.45,502.94,506.21,32328.0,SPY
2023-02-13 20:30:00+00:00,168.23,173.5,166.68,170.71,45736.0,AAPL
2023-02-13 20:30:00+00:00,191.13,191.53,190.3,190.69,35833.0,MSFT
2023-02-13 20:30:00+00:00,507.5,515.51,491.7,498.74,21528.0,SPY
2023-02-13 21:30:00+00:00,171.16,174.28,170.25,173.17,31422.0,AAPL
2023-02-13 21:30:00+00:00,190.92,195.56,189.85,193.43,30761.0,MSFT
2023-02-13 21:30:00+00:00,499.1,503.72,489.11,493.9,54810.0,SPY
2023-02-13 22:30:00+00:00,172.9,176.11,171.77,174.73,52654.0,AAPL
2023-02-13 22:30:00+00:00,193.58,194.7,189.49,191.18,70447.0,MSFT
2023-02-13 22:30:00+00:00,493.88,502.05,476.04,483.35,84860.0,SPY
2023-02-13 23:30:00+00:00,174.57,178.75,173.37,176.72,18606.0,AAPL
2023-02-13 23:30:00+00:00,190.92,192.23,187.53,189.32,76318.0,MSFT
2023-02-13 23:30:00+00:00,483.11,487.88,475.53,478.34,55857.0,SPY
2023-02-14 00:30:00+00:00,176.7,178.05,172.23,174.3,50214.0,AAPL
2023-02-14 00:30:00+00:00,189.03,191.5,188.18,190.54,39635.0,MSFT
2023-02-14 00:30:00+00:00,478.4,485.31,460.47,469.36,61430.0,SPY
2023-02-14 01:30:00+00:00,174.34,176.94,173.27,175.8,42363.0,AAPL
2023-02-14 01:30:00+00:00,190.85,192.88,187.55,188.63,18470.0,MSFT
2023-02-14 01:30:00+00:00,468.59,478.01,463.54,474.53,60903.0,SPY
2023-02-14 02:30:00+00:00,175.53,178.45,168.05,171.05,36637.0,AAPL
2023-02-14 02:30:00+00:00,188.78,191.21,187.86,190.33,58087.0,MSFT
2023-02-14 02:30:00+00:00,474.73,498.67,460.39,492.39,49330.0,SPY
2023-02-14 03:30:00+00:00,170.63,171.98,169.88,171.19,34207.0,AAPL
2023-02-14 03:30:00+00:00,189.66,191.58,184.58,186.93,59738.0,MSFT
2023-02-14 03:30:00+00:00,493.0,510.57,486.49,503.78,21144.0,SPY
2023-02-14 04:30:00+00:00,171.31,172.09,170.8,171.46,55679.0,AAPL
2023-02-14 04:30:00+00:00,186.88,187.98,186.26,187.08,21612.0,MSFT
2023-02-14 04:30:00+00:00,504.29,511.49,487.17,495.53,49738.0,SPY
2023-02-14 05:30:00+00:00,171.28,172.12,168.53,169.48,107574.0,AAPL
2023-02-14 05:30:00+00:00,186.69,187.31,185.24,186.06,63810.0,MSFT
2023-02-14 05:30:00+00:00,496.18,496.67,495.23,495.77,24292.0,SPY
2023-02-14 06:30:00+00:00,169.12,170.02,168.55,169.62,51007.0,AAPL
2023-02-14 06:30:00+00:00,185.94,188.72,181.62,183.42,75769.0,MSFT
2023-02-14 06:30:00+00:00,495.86,499.92,488.14,492.91,28692.0,SPY
2023-02-14 07:30:00+00:00,169.91,172.91,162.31,165.14,88759.0,AAPL
2023-02-14 07:30:00+00:00,183.44,186.53,182.39,185.38,26710.0,MSFT
2023-02-14 07:30:00+00:00,493.45,497.05,490.67,494.3,80352.0,SPY
2023-02-14 08:30:00+00:00,165.59,167.69,159.38,161.23,57516.0,AAPL
2023-02-14 08:30:00+00:00,185.2,188.13,184.41,186.3,45187.0,MSFT
2023-02-14 08:30:00+00:00,494.07,507.25,486.02,501.86,141605.0,SPY
2023-02-14 09:30:00+00:00,161.13,164.44,154.26,157.6,51355.0,AAPL
2023-02-14 09:30:00+00:00,186.21,188.76,181.2,183.42,39301.0,MSFT
2023-02-14 09:30:00+00:00,502.97,505.96,500.84,504.19,25648.0,SPY
2023-02-14 10:30:00+00:00,157.83,160.25,156.24,159.2,55532.0,AAPL
2023-02-14 10:30:00+00:00,183.39,184.48,178.94,180.53,59141.0,MSFT
2023-02-14 10:30:00+00:00,504.74,516.77,499.9,511.97,28616.0,SPY
2023-02-14 11:30:00+00:00,159.14,161.56,157.62,160.33,81865.0,AAPL
2023-02-14 11:30:00+00:00,180.74,184.77,178.46,183.52,89155.0,MSFT
2023-02-14 11:30:00+00:00,512.3,517.8,485.88,497.41,69372.0,SPY
2023-02-14 12:30:00+00:00,159.8,161.1,159.09,160.37,50577.0,AAPL
2023-02-14 12:30:00+00:00,183.22,184.33,180.27,181.89,89830.0,MSFT
2023-02-14 12:30:00+00:00,497.3,502.4,487.76,491.98,28103.0,SPY
2023-02-14 13:30:00+00:00,160.58,164.41,159.71,162.74,24976.0,AAPL
2023-02-14 13:30:00+00:00,181.34,182.47,178.76,179.8,45488.0,MSFT
2023-02-14 13:30:00+00:00,491.82,493.71,482.52,486.97,57778.0,SPY
2023-02-14 14:30:00+00:00,163.17,165.24,161.78,164.37,61058.0,AAPL
2023-02-14 14:30:00+00:00,179.95,182.89,179.2,181.26,20367.0,MSFT
2023-02-14 14:30:00+00:00,487.92,495.83,466.36,476.67,98117.0,SPY
2023-02-14 15:30:00+00:00,164.44,166.73,155.23,159.39,55857.0,AAPL
2023-02-14 15:30:00+00:00,181.23,190.31,176.56,186.95,41258.0,MSFT
2023-02-14 15:30:00+00:00,477.79,481.35,461.94,468.07,52508.0,SPY
2023-02-14 16:30:00+00:00,159.15,163.55,157.99,161.76,82299.0,AAPL
2023-02-14 16:30:00+00:00,187.16,188.2,185.34,186.35,23924.0,MSFT
2023-02-14 16:30:00+00:00,467.74,470.98,461.47,464.43,74657.0,SPY
2023-02-14 17:30:00+00:00,161.53,162.54,160.86,161.36,69026.0,AAPL
2023-02-14 17:30:00+00:00,186.29,190.49,185.29,188.27,29522.0,MSFT
2023-02-14 17:30:00+00:00,464.11,469.86,460.92,468.0,52155.0,SPY
2023-02-14 18:30:00+00:00,161.05,163.95,156.49,157.81,48341.0,AAPL
2023-02-14 18:30:00+00:00,188.71,195.15,185.75,192.33,74948.0,MSFT
2023-02-14 18:30:00+00:00,468.45,474.09,466.14,470.92,43524.0,SPY
2023-02-14 19:30:00+00:00,157.99,159.34,157.4,158.75,46839.0,AAPL
2023-02-14 19:30:00+00:00,192.1,193.2,187.05,189.93,39593.0,MSFT
2023-02-14 19:30:00+00:00,471.75,475.6,460.9,466.43,55902.0,SPY
2023-02-14 20:30:00+00:00,159.02,159.7,158.16,158.48,62944.0,AAPL
2023-02-14 20:30:00+00:00,190.1,195.56,187.48,193.31,26897.0,MSFT
2023-02-14 20:30:00+00:00,465.33,475.66,459.68,471.16,46492.0,SPY
2023-02-14 21:30:00+00:00,158.02,169.53,154.1,164.2,57371.0,AAPL
2023-02-14 21:30:00+00:00,193.47,194.5,192.44,193.26,37848.0,MSFT
2023-02-14 21:30:00+00:00,471.8,477.78,469.99,474.46,87506.0,SPY
2023-02-14 22:30:00+00:00,163.89,166.76,162.21,165.33,43612.0,AAPL
2023-02-14 22:30:00+00:00,193.25,194.37,191.69,192.31,32648.0,MSFT
2023-02-14 22:30:00+00:00,475.21,482.16,447.72,460.13,129144.0,SPY
2023-02-14 23:30:00+00:00,165.31,169.5,164.16,167.9,55596.0,AAPL
2023-02-14 23:30:00+00:00,192.52,194.04,191.35,193.3,88485.0,MSFT
2023-02-14 23:30:00+00:00,459.39,463.83,449.0,452.97,58631.0,SPY
2023-02-15 00:30:00+00:00,167.9,169.07,167.36,168.47,34712.0,AAPL
2023-02-15 00:30:00+00:00,193.56,195.17,192.92,194.34,144015.0,MSFT
2023-02-15 00:30:00+00:00,452.05,456.09,434.52,441.57,20102.0,SPY
2023-02-15 01:30:00+00:00,168.75,170.01,167.93,169.17,42944.0,AAPL
2023-02-15 01:30:00+00:00,194.42,195.33,193.24,194.67,102321.0,MSFT
2023-02-15 01:30:00+00:00,441.48,444.2,434.21,437.87,72929.0,SPY
2023-02-15 02:30:00+00:00,168.82,176.9,165.29,173.19,47437.0,AAPL
2023-02-15 02:30:00+00:00,195.19,197.82,188.87,192.14,72532.0,MSFT
2023-02-15 02:30:00+00:00,437.69,439.05,436.37,437.94,36458.0,SPY
2023-02-15 03:30:00+00:00,173.08,173.98,171.21,171.94,29423.0,AAPL
2023-02-15 03:30:00+00:00,191.88,194.06,189.1,190.25,52802.0,MSFT
2023-02-15 03:30:00+00:00,436.92,437.8,435.26,436.87,146445.0,SPY
2023-02-15 04:30:00+00:00,171.56,173.06,167.8,169.94,32541.0,AAPL
2023-02-15 04:30:00+00:00,189.95,191.9,184.81,186.45,24073.0,MSFT
2023-02-15 04:30:00+00:00,436.78,439.21,432.91,434.77,40173.0,SPY
2023-02-15 05:30:00+00:00,169.83,170.83,167.72,169.2,58603.0,AAPL
2023-02-15 05:30:00+00:00,185.81,187.36,182.08,183.94,48698.0,MSFT
2023-02-15 05:30:00+00:00,434.28,443.34,428.32,440.54,107330.0,SPY
2023-02-15 06:30:00+00:00,169.2,170.88,166.06,167.47,38186.0,AAPL
2023-02-15 06:30:00+00:00,184.38,186.56,178.4,181.57,61969.0,MSFT
2023-02-15 06:30:00+00:00,441.53,445.78,432.89,436.13,50656.0,SPY
2023-02-15 07:30:00+00:00,167.26,170.17,162.7,164.45,53238.0,AAPL
2023-02-15 07:30:00+00:00,181.31,182.34,178.17,179.63,49228.0,MSFT
2023-02-15 07:30:00+00:00,437.13,439.38,434.02,435.89,102490.0,SPY
2023-02-15 08:30:00+00:00,164.57,167.29,163.6,165.93,37423.0,AAPL
2023-02-15 08:30:00+00:00,179.36,182.92,178.17,180.86,50370.0,MSFT
2023-02-15 08:30:00+00:00,435.37,448.36,431.58,443.3,75313.0,SPY
2023-02-15 09:30:00+00:00,165.97,170.54,164.62,168.96,47553.0,AAPL
2023-02-15 09:30:00+00:00,180.79,181.97,178.58,179.97,96733.0,MSFT
2023-02-15 09:30:00+00:00,442.97,449.76,440.28,445.88,56614.0,SPY
2023-02-15 10:30:00+00:00,168.6,178.83,166.01,174.15,24447.0,AAPL
2023-02-15 10:30:00+00:00,179.79,180.38,177.97,179.21,60968.0,MSFT
2023-02-15 10:30:00+00:00,444.37,448.15,437.42,440.47,47280.0,SPY
2023-02-15 11:30:00+00:00,174.09,177.54,172.91,175.94,38421.0,AAPL
2023-02-15 11:30:00+00:00,179.13,179.53,178.0,178.81,75613.0,MSFT
2023-02-15 11:30:00+00:00,441.24,446.37,439.11,444.24,48836.0,SPY
2023-02-15 12:30:00+00:00,175.48,177.72,174.27,176.75,38799.0,AAPL
2023-02-15 12:30:00+00:00,179.13,181.68,173.72,176.18,39801.0,MSFT
2023-02-15 12:30:00+00:00,444.43,449.85,442.5,447.33,48424.0,SPY
2023-02-15 13:30:00+00:00,176.87,178.13,175.27,175.84,74363.0,AAPL
2023-02-15 13:30:00+00:00,176.18,180.49,174.85,178.6,29361.0,MSFT
2023-02-15 13:30:00+00:00,447.52,455.09,444.41,452.34,20624.0,SPY
2023-02-15 14:30:00+00:00,176.07,177.09,174.21,175.23,36519.0,AAPL
2023-02-15 14:30:00+00:00,178.51,180.61,173.37,175.67,35967.0,MSFT
2023-02-15 14:30:00+00:00,452.0,453.13,450.52,451.23,46374.0,SPY
2023-02-15 15:30:00+00:00,175.12,178.0,168.45,171.56,126085.0,AAPL
2023-02-15 15:30:00+00:00,175.45,183.35,172.8,179.72,52066.0,MSFT
2023-02-15 15:30:00+00:00,451.54,455.7,438.1,444.2,23494.0,SPY
2023-02-15 16:30:00+00:00,170.96,171.83,170.51,171.38,215126.0,AAPL
2023-02-15 16:30:00+00:00,179.81,181.84,178.79,180.76,68803.0,MSFT
2023-02-15 16:30:00+00:00,445.31,446.33,444.33,445.61,28056.0,SPY
2023-02-15 17:30:00+00:00,171.66,172.35,170.28,171.26,43919.0,AAPL
2023-02-15 17:30:00+00:00,180.67,187.12,178.85,183.88,37634.0,MSFT
2023-02-15 17:30:00+00:00,444.28,451.86,441.77,448.79,112416.0,SPY
2023-02-15 18:30:00+00:00,170.81,174.08,165.66,167.24,177060.0,AAPL
2023-02-15 18:30:00+00:00,184.13,191.42,180.86,188.58,14858.0,MSFT
2023-02-15 18:30:00+00:00,449.04,450.3,446.16,448.66,25826.0,SPY
2023-02-15 19:30:00+00:00,167.07,168.83,161.96,163.97,28850.0,AAPL
2023-02-15 19:30:00+00:00,188.22,191.83,186.43,190.03,46947.0,MSFT
2023-02-15 19:30:00+00:00,448.98,457.13,432.33,437.85,61680.0,SPY
2023-02-15 20:30:00+00:00,164.34,165.28,163.05,163.49,46382.0,AAPL
2023-02-15 20:30:00+00:00,189.85,192.37,185.12,186.92,36139.0,MSFT
2023-02-15 20:30:00+00:00,437.19,439.11,432.43,434.45,65797.0,SPY
2023-02-15 21:30:00+00:00,163.33,164.09,162.19,162.78,39177.0,AAPL
2023-02-15 21:30:00+00:00,187.68,189.96,181.84,184.42,53091.0,MSFT
2023-02-15 21:30:00+00:00,435.22,444.27,431.73,439.41,15121.0,SPY
2023-02-15 22:30:00+00:00,162.72,164.46,161.71,163.43,41019.0,AAPL
2023-02-15 22:30:00+00:00,184.42,185.95,183.31,185.02,50857.0,MSFT
2023-02-15 22:30:00+00:00,439.52,441.11,438.55,439.92,34443.0,SPY
2023-02-15 23:30:00+00:00,163.34,164.46,161.14,162.48,53339.0,AAPL
2023-02-15 23:30:00+00:00,184.88,186.28,184.39,185.54,24646.0,MSFT
2023-02-15 23:30:00+00:00,439.51,440.83,438.53,440.16,32045.0,SPY
2023-02-16 00:30:00+00:00,162.05,162.75,160.39,161.12,118200.0,AAPL
2023-02-16 00:30:00+00:00,185.25,188.29,176.35,180.03,14237.0,MSFT
2023-02-16 00:30:00+00:00,439.32,441.36,432.03,435.59,56518.0,SPY
2023-02-16 01:30:00+00:00,160.9,167.26,159.33,164.45,157482.0,AAPL
2023-02-16 01:30:00+00:00,179.92,181.65,178.91,180.55,49346.0,MSFT
2023-02-16 01:30:00+00:00,434.89,440.69,422.36,428.53,108432.0,SPY
2023-02-16 02:30:00+00:00,164.54,165.54,163.2,163.78,72710.0,AAPL
2023-02-16 02:30:00+00:00,180.4,183.51,174.2,176.06,39974.0,MSFT
2023-02-16 02:30:00+00:00,429.1,430.36,428.17,429.06,55288.0,SPY
2023-02-16 03:30:00+00:00,163.77,164.33,163.4,163.95,41672.0,AAPL
2023-02-16 03:30:00+00:00,176.11,176.78,175.21,175.51,39793.0,MSFT
2023-02-16 03:30:00+00:00,429.87,440.39,425.76,436.85,82906.0,SPY
2023-02-16 04:30:00+00:00,164.47,167.4,155.33,159.3,41567.0,AAPL
2023-02-16 04:30:00+00:00,175.68,178.9,169.92,172.62,129313.0,MSFT
2023-02-16 04:30:00+00:00,437.2,452.92,431.73,447.07,71526.0,SPY
2023-02-16 05:30:00+00:00,159.62,160.81,158.51,159.12,49264.0,AAPL
2023-02-16 05:30:00+00:00,172.92,175.21,171.92,173.94,94519.0,MSFT
2023-02-16 05:30:00+00:00,447.28,452.23,433.27,440.29,39893.0,SPY
2023-02-16 06:30:00+00:00,158.67,159.76,154.77,155.99,163688.0,AAPL
2023-02-16 06:30:00+00:00,174.05,176.19,168.43,170.29,62204.0,MSFT
2023-02-16 06:30:00+00:00,439.87,455.13,434.42,450.71,72139.0,SPY
2023-02-16 07:30:00+00:00,155.94,157.56,155.07,157.09,83350.0,AAPL
2023-02-16 07:30:00+00:00,170.42,177.94,166.34,174.48,51970.0,MSFT
2023-02-16 07:30:00+00:00,450.26,459.34,446.22,456.51,72678.0,SPY
2023-02-16 08:30:00+00:00,157.05,158.28,154.66,156.18,20283.0,AAPL
2023-02-16 08:30:00+00:00,174.48,175.26,173.98,174.69,52259.0,MSFT
2023-02-16 08:30:00+00:00,456.38,468.56,426.87,439.93,47909.0,SPY
2023-02-16 09:30:00+00:00,155.84,162.17,152.65,160.18,29581.0,AAPL
2023-02-16 09:30:00+00:00,174.55,186.94,169.78,183.59,70081.0,MSFT
2023-02-16 09:30:00+00:00,440.5,442.55,434.14,436.95,26553.0,SPY
2023-02-16 10:30:00+00:00,160.35,161.05,159.63,160.32,32605.0,AAPL
2023-02-16 10:30:00+00:00,183.78,186.14,182.51,184.63,105368.0,MSFT
2023-02-16 10:30:00+00:00,436.64,440.06,434.98,437.22,173902.0,SPY
2023-02-16 11:30:00+00:00,160.54,163.1,158.57,162.13,92877.0,AAPL
2023-02-16 11:30:00+00:00,185.05,185.93,184.27,184.86,166182.0,MSFT
2023-02-16 11:30:00+00:00,438.04,442.05,436.13,439.93,47886.0,SPY
2023-02-16 12:30:00+00:00,162.37,163.41,157.64,160.18,40651.0,AAPL
2023-02-16 12:30:00+00:00,184.52,185.84,181.98,182.87,47488.0,MSFT
2023-02-16 12:30:00+00:00,439.83,467.4,430.94,453.91,94363.0,SPY
2023-02-16 13:30:00+00:00,159.85,160.9,158.15,158.7,28396.0,AAPL
2023-02-16 13:30:00+00:00,182.58,185.65,173.96,177.95,97567.0,MSFT
2023-02-16 13:30:00+00:00,453.81,469.91,448.56,462.55,46676.0,SPY
2023-02-16 14:30:00+00:00,158.22,158.78,156.85,157.44,67712.0,AAPL
2023-02-16 14:30:00+00:00,177.86,178.48,177.15,177.63,74354.0,MSFT
2023-02-16 14:30:00+00:00,463.12,469.31,451.04,457.07,100845.0,SPY
2023-02-16 15:30:00+00:00,157.46,158.6,153.82,155.03,31606.0,AAPL
2023-02-16 15:30:00+00:00,177.6,179.73,176.99,178.65,42380.0,MSFT
2023-02-16 15:30:00+00:00,457.41,461.15,453.51,455.38,51281.0,SPY
2023-02-16 16:30:00+00:00,155.34,156.64,153.31,154.13,66990.0,AAPL
2023-02-16 16:30:00+00:00,178.51,182.96,176.19,180.65,55814.0,MSFT
2023-02-16 16:30:00+00:00,454.25,458.39,440.5,447.85,56363.0,SPY
2023-02-16 17:30:00+00:00,153.79,154.25,153.3,153.8,14719.0,AAPL
2023-02-16 17:30:00+00:00,180.41,183.34,174.0,177.04,83745.0,MSFT
2023-02-16 17:30:00+00:00,448.72,453.55,425.88,435.47,39947.0,SPY
2023-02-16 18:30:00+00:00,153.64,158.68,151.66,156.55,14161.0,AAPL
2023-02-16 18:30:00+00:00,176.61,183.35,174.15,180.74,40104.0,MSFT
2023-02-16 18:30:00+00:00,434.73,446.29,428.12,442.33,36856.0,SPY
2023-02-16 19:30:00+00:00,156.86,158.21,156.47,157.4,85700.0,AAPL
2023-02-16 19:30:00+00:00,180.88,181.77,180.14,181.27,59806.0,MSFT
2023-02-16 19:30:00+00:00,441.94,445.17,439.99,442.92,52500.0,SPY
2023-02-16 20:30:00+00:00,157.4,159.27,156.52,158.54,35455.0,AAPL
2023-02-16 20:30:00+00:00,181.73,183.06,180.93,182.31,45973.0,MSFT
2023-02-16 20:30:00+00:00,443.48,459.92,438.44,452.61,57865.0,SPY
2023-02-16 21:30:00+00:00,159.21,166.01,155.81,162.88,53149.0,AAPL
2023-02-16 21:30:00+00:00,182.09,185.36,180.17,183.79,23026.0,MSFT
2023-02-16 21:30:00+00:00,451.77,454.94,448.33,449.84,76121.0,SPY
2023-02-16 22:30:00+00:00,162.86,164.91,161.53,163.6,32296.0,AAPL
2023-02-16 22:30:00+00:00,184.13,184.68,182.28,183.4,32754.0,MSFT
2023-02-16 22:30:00+00:00,449.59,459.41,444.97,454.25,92931.0,SPY
2023-02-16 23:30:00+00:00,163.8,166.29,162.6,165.48,53586.0,AAPL
2023-02-16 23:30:00+00:00,183.62,187.65,181.39,185.98,35211.0,MSFT
2023-02-16 23:30:00+00:00,453.83,466.11,448.24,460.14,16418.0,SPY
2023-02-17 00:30:00+00:00,165.33,168.27,164.31,166.74,32576.0,AAPL
2023-02-17 00:30:00+00:00,185.74,188.41,180.85,182.28,90871.0,MSFT
2023-02-17 00:30:00+00:00,459.69,460.94,458.22,460.05,30168.0,SPY
2023-02-17 01:30:00+00:00,167.04,167.21,166.87,167.06,18206.0,AAPL
2023-02-17 01:30:00+00:00,182.33,183.5,179.72,180.86,53063.0,MSFT
2023-02-17 01:30:00+00:00,460.38,462.97,459.39,460.58,39938.0,SPY
2023-02-17 02:30:00+00:00,167.42,170.3,161.79,164.38,48639.0,AAPL
2023-02-17 02:30:00+00:00,181.0,183.41,180.06,182.47,96815.0,MSFT
2023-02-17 02:30:00+00:00,460.64,463.29,456.93,459.83,62105.0,SPY
2023-02-17 03:30:00+00:00,164.23,168.89,162.67,166.84,69569.0,AAPL
2023-02-17 03:30:00+00:00,182.01,185.21,180.98,183.68,16785.0,MSFT
2023-02-17 03:30:00+00:00,459.71,466.32,446.69,450.36,39849.0,SPY
2023-02-17 04:30:00+00:00,166.94,169.22,161.96,164.45,124774.0,AAPL
2023-02-17 04:30:00+00:00,183.43,185.13,182.74,183.98,49461.0,MSFT
2023-02-17 04:30:00+00:00,450.85,452.7,450.05,450.96,61695.0,SPY
2023-02-17 05:30:00+00:00,164.59,167.0,158.74,161.11,62957.0,AAPL
2023-02-17 05:30:00+00:00,183.57,186.77,182.15,185.4,55745.0,MSFT
2023-02-17 05:30:00+00:00,451.06,461.14,447.69,456.74,49265.0,SPY
2023-02-17 06:30:00+00:00,161.07,161.58,159.33,160.29,35853.0,AAPL
2023-02-17 06:30:00+00:00,185.35,193.45,180.87,190.09,36430.0,MSFT
2023-02-17 06:30:00+00:00,457.08,465.42,437.44,445.03,30596.0,SPY
2023-02-17 07:30:00+00:00,160.25,161.31,158.24,159.45,21681.0,AAPL
2023-02-17 07:30:00+00:00,189.57,190.51,188.73,189.71,73152.0,MSFT
2023-02-17 07:30:00+00:00,444.71,453.2,430.07,434.1,34144.0,SPY
2023-02-17 08:30:00+00:00,159.24,159.53,158.32,158.97,81290.0,AAPL
2023-02-17 08:30:00+00:00,189.75,190.11,189.55,189.77,58169.0,MSFT
2023-02-17 08:30:00+00:00,433.31,444.68,427.51,439.38,52857.0,SPY
2023-02-17 09:30:00+00:00,159.02,162.07,157.88,161.19,81299.0,AAPL
2023-02-17 09:30:00+00:00,189.8,192.99,188.33,191.66,124068.0,MSFT
2023-02-17 09:30:00+00:00,440.36,441.92,433.42,436.61,39858.0,SPY
2023-02-17 10:30:00+00:00,161.15,166.56,158.45,164.23,90684.0,AAPL
2023-02-17 10:30:00+00:00,192.26,194.56,190.44,193.86,37445.0,MSFT
2023-02-17 10:30:00+00:00,436.24,449.84,429.0,443.97,60209.0,SPY
2023-02-17 11:30:00+00:00,164.41,165.5,159.87,162.19,24107.0,AAPL
2023-02-17 11:30:00+00:00,193.93,195.35,190.58,192.4,68678.0,MSFT
2023-02-17 11:30:00+00:00,444.14,446.21,438.26,441.01,27811.0,SPY
2023-02-17 12:30:00+00:00,162.1,164.77,160.72,163.72,48807.0,AAPL
2023-02-17 12:30:00+00:00,192.03,193.52,191.32,192.52,60949.0,MSFT
2023-02-17 12:30:00+00:00,440.91,460.44,430.94,453.07,55419.0,SPY
2023-02-17 13:30:00+00:00,163.51,166.25,157.89,160.72,34905.0,AAPL
2023-02-17 13:30:00+00:00,192.81,196.04,190.84,194.75,37167.0,MSFT
2023-02-17 13:30:00+00:00,453.66,460.61,450.48,457.39,24736.0,SPY
2023-02-17 14:30:00+00:00,160.85,161.79,159.42,160.31,33255.0,AAPL
2023-02-17 14:30:00+00:00,194.15,195.35,190.47,192.52,51363.0,MSFT
2023-02-17 14:30:00+00:00,458.46,461.45,452.25,454.47,104321.0,SPY
2023-02-17 15:30:00+00:00,160.34,162.57,156.84,157.98,80712.0,AAPL
2023-02-17 15:30:00+00:00,192.37,199.59,189.15,196.13,17384.0,MSFT
2023-02-17 15:30:00+00:00,454.47,465.15,436.11,442.84,76302.0,SPY
2023-02-17 16:30:00+00:00,157.89,158.72,155.51,156.62,27090.0,AAPL
2023-02-17 16:30:00+00:00,196.09,197.47,192.94,194.25,121574.0,MSFT
2023-02-17 16:30:00+00:00,441.64,443.83,436.69,439.37,53619.0,SPY
2023-02-17 17:30:00+00:00,156.81,160.32,155.42,159.11,226818.0,AAPL
2023-02-17 17:30:00+00:00,194.16,194.86,192.59,193.33,71423.0,MSFT
2023-02-17 17:30:00+00:00,439.04,449.06,437.01,444.4,63657.0,SPY
2023-02-17 18:30:00+00:00,159.21,160.49,156.81,157.71,68488.0,AAPL
2023-02-17 18:30:00+00:00,193.59,198.5,192.36,196.61,47468.0,MSFT
2023-02-17 18:30:00+00:00,444.52,464.53,436.65,454.45,62148.0,SPY
2023-02-17 19:30:00+00:00,157.66,159.71,157.04,158.56,50082.0,AAPL
2023-02-17 19:30:00+00:00,197.04,203.88,194.93,200.65,33691.0,MSFT
2023-02-17 19:30:00+00:00,453.85,458.12,451.84,455.24,23417.0,SPY
2023-02-17 20:30:00+00:00,158.2,159.54,154.44,156.0,83844.0,AAPL
2023-02-17 20:30:00+00:00,200.46,203.51,199.28,202.38,29923.0,MSFT
2023-02-17 20:30:00+00:00,455.96,460.21,446.87,450.08,42590.0,SPY
2023-02-17 21:30:00+00:00,156.12,156.87,155.77,156.51,79669.0,AAPL
2023-02-17 21:30:00+00:00,201.94,203.64,196.09,198.94,16607.0,MSFT
2023-02-17 21:30:00+00:00,449.65,455.58,435.98,442.01,17844.0,SPY
2023-02-17 22:30:00+00:00,156.25,169.57,150.48,163.27,54462.0,AAPL
2023-02-17 22:30:00+00:00,199.52,203.18,194.6,196.21,21436.0,MSFT
2023-02-17 22:30:00+00:00,442.65,446.91,440.82,444.99,77712.0,SPY
2023-02-17 23:30:00+00:00,163.38,164.95,159.42,160.71,44198.0,AAPL
2023-02-17 23:30:00+00:00,196.21,198.09,190.66,193.37,67285.0,MSFT
2023-02-17 23:30:00+00:00,444.67,462.97,440.92,454.81,49998.0,SPY
2023-02-18 00:30:00+00:00,160.79,162.27,159.84,161.44,54032.0,AAPL
2023-02-18 00:30:00+00:00,193.84,194.14,193.45,193.81,103663.0,MSFT
2023-02-18 00:30:00+00:00,454.05,468.28,448.44,461.94,58239.0,SPY
2023-02-18 01:30:00+00:00,161.27,161.58,160.99,161.16,84171.0,AAPL
2023-02-18 01:30:00+00:00,194.11,197.14,192.66,195.65,80818.0,MSFT
2023-02-18 01:30:00+00:00,462.49,472.2,458.09,467.24,24790.0,SPY
2023-02-18 02:30:00+00:00,161.01,166.0,158.68,164.26,45716.0,AAPL
2023-02-18 02:30:00+00:00,195.38,197.11,191.77,193.62,20538.0,MSFT
2023-02-18 02:30:00+00:00,466.86,469.56,465.11,467.58,42128.0,SPY
2023-02-18 03:30:00+00:00,164.01,171.85,159.65,169.59,94923.0,AAPL
2023-02-18 03:30:00+00:00,193.35,198.7,191.79,195.78,42439.0,MSFT
2023-02-18 03:30:00+00:00,468.18,478.73,465.63,474.18,47175.0,SPY
2023-02-18 04:30:00+00:00,169.99,171.07,169.4,170.5,51997.0,AAPL
2023-02-18 04:30:00+00:00,195.9,198.12,195.34,197.07,38610.0,MSFT
2023-02-18 04:30:00+00:00,474.18,480.97,451.19,460.3,33764.0,SPY
2023-02-18 05:30:00+00:00,170.3,173.18,168.47,171.89,36417.0,AAPL
2023-02-18 05:30:00+00:00,197.0,197.4,196.43,197.16,49965.0,MSFT
2023-02-18 05:30:00+00:00,460.19,465.2,449.81,454.46,42590.0,SPY
2023-02-18 06:30:00+00:00,171.61,173.56,170.96,172.33,106435.0,AAPL
2023-02-18 06:30:00+00:00,196.8,197.36,196.11,196.67,64559.0,MSFT
2023-02-18 06:30:00+00:00,454.41,465.06,452.04,460.02,131910.0,SPY
2023-02-18 07:30:00+00:00,172.57,175.06,171.74,173.97,51977.0,AAPL
2023-02-18 07:30:00+00:00,196.63,199.04,185.34,190.46,87715.0,MSFT
2023-02-18 07:30:00+00:00,460.94,476.81,455.06,471.33,26715.0,SPY
2023-02-18 08:30:00+00:00,173.86,174.81,173.31,174.06,33868.0,AAPL
2023-02-18 08:30:00+00:00,190.63,191.8,186.98,189.12,102015.0,MSFT
2023-02-18 08:30:00+00:00,471.92,473.48,467.56,469.83,28218.0,SPY
2023-02-18 09:30:00+00:00,173.59,174.92,173.13,174.08,58722.0,AAPL
2023-02-18 09:30:00+00:00,189.45,192.17,188.67,190.88,40562.0,MSFT
2023-02-18 09:30:00+00:00,470.72,472.58,466.18,468.25,50444.0,SPY
2023-02-18 10:30:00+00:00,173.88,175.46,170.34,171.85,76227.0,AAPL
2023-02-18 10:30:00+00:00,191.22,194.2,186.06,187.7,34732.0,MSFT
2023-02-18 10:30:00+00:00,467.3,471.87,464.91,469.41,38114.0,SPY
2023-02-18 11:30:00+00:00,172.08,173.06,171.64,172.53,72516.0,AAPL
2023-02-18 11:30:00+00:00,187.51,191.06,180.23,182.66,46537.0,MSFT
2023-02-18 11:30:00+00:00,468.7,472.42,467.01,470.78,27023.0,SPY
2023-02-18 12:30:00+00:00,172.27,174.22,167.88,169.46,71231.0,AAPL
2023-02-18 12:30:00+00:00,182.33,185.78,180.2,184.71,31073.0,MSFT
2023-02-18 12:30:00+00:00,471.23,483.65,468.37,477.66,25115.0,SPY
2023-02-18 13:30:00+00:00,169.83,170.72,168.18,169.09,29393.0,AAPL
2023-02-18 13:30:00+00:00,184.1,186.11,180.69,182.36,52474.0,MSFT
2023-02-18 13:30:00+00:00,476.84,489.77,471.67,483.48,92454.0,SPY
2023-02-18 14:30:00+00:00,169.11,172.38,167.23,170.94,20115.0,AAPL
2023-02-18 14:30:00+00:00,182.09,183.0,181.06,181.74,55146.0,MSFT
2023-02-18 14:30:00+00:00,483.4,487.91,481.61,485.29,72360.0,SPY
2023-02-18 15:30:00+00:00,170.58,174.82,168.15,173.09,94044.0,AAPL
2023-02-18 15:30:00+00:00,181.99,184.82,176.01,178.66,85142.0,MSFT
2023-02-18 15:30:00+00:00,485.08,488.71,483.81,486.6,62165.0,SPY
2023-02-18 16:30:00+00:00,173.07,177.68,171.84,175.36,41145.0,AAPL
2023-02-18 16:30:00+00:00,178.53,180.32,177.49,179.47,57502.0,MSFT
2023-02-18 16:30:00+00:00,486.5,503.17,477.25,498.5,54177.0,SPY
2023-02-18 17:30:00+00:00,175.68,175.89,175.2,175.55,36782.0,AAPL
2023-02-18 17:30:00+00:00,179.24,181.7,177.21,180.81,75896.0,MSFT
2023-02-18 17:30:00+00:00,498.03,504.84,487.93,492.9,35363.0,SPY
2023-02-18 18:30:00+00:00,175.94,180.0,174.5,178.19,55938.0,AAPL
2023-02-18 18:30:00+00:00,180.58,185.9,177.4,183.92,77309.0,MSFT
2023-02-18 18:30:00+00:00,493.4,499.18,491.17,497.5,122449.0,SPY
2023-02-18 19:30:00+00:00,178.17,180.33,173.7,175.39,40545.0,AAPL
2023-02-18 19:30:00+00:00,184.07,185.92,181.06,182.27,46884.0,MSFT
2023-02-18 19:30:00+00:00,495.99,505.25,493.86,500.45,34196.0,SPY
2023-02-18 20:30:00+00:00,175.14,178.03,174.26,176.45,29267.0,AAPL
2023-02-18 20:30:00+00:00,182.43,190.14,178.76,187.03,26433.0,MSFT
2023-02-18 20:30:00+00:00,500.11,511.32,495.83,507.45,45085.0,SPY
2023-02-18 21:30:00+00:00,176.56,177.01,176.15,176.51,37538.0,AAPL
2023-02-18 21:30:00+00:00,186.96,189.63,175.68,181.08,59796.0,MSFT
2023-02-18 21:30:00+00:00,507.84,510.48,506.52,508.51,25891.0,SPY
2023-02-18 22:30:00+00:00,176.25,185.26,173.83,181.68,82444.0,AAPL
2023-02-18 22:30:00+00:00,181.1,183.48,179.55,182.3,73905.0,MSFT
2023-02-18 22:30:00+00:00,508.68,516.85,505.12,512.44,13733.0,SPY
2023-02-18 23:30:00+00:00,181.29,184.16,180.46,182.51,30452.0,AAPL
2023-02-18 23:30:00+00:00,182.41,183.28,182.11,182.59,27317.0,MSFT
2023-02-18 23:30:00+00:00,512.54,517.6,511.2,514.51,53248.0,SPY
2023-02-19 00:30:00+00:00,182.74,186.13,177.11,179.07,60131.0,AAPL
2023-02-19 00:30:00+00:00,182.58,184.93,177.69,179.19,41276.0,MSFT
2023-02-19 00:30:00+00:00,514.23,533.26,510.43,524.37,58098.0,SPY
2023-02-19 01:30:00+00:00,178.76,179.17,178.22,178.51,31467.0,AAPL
2023-02-19 01:30:00+00:00,179.06,183.3,177.6,181.4,57795.0,MSFT
2023-02-19 01:30:00+00:00,524.09,526.36,519.35,521.13,40183.0,SPY
2023-02-19 02:30:00+00:00,179.12,182.17,178.03,180.82,63307.0,AAPL
2023-02-19 02:30:00+00:00,181.16,184.04,176.74,178.13,47867.0,MSFT
2023-02-19 02:30:00+00:00,521.04,526.28,508.38,514.43,54931.0,SPY
2023-02-19 03:30:00+00:00,180.68,181.88,176.62,178.61,80516.0,AAPL
2023-02-19 03:30:00+00:00,178.35,180.35,177.68,179.02,57255.0,MSFT
2023-02-19 03:30:00+00:00,514.8,524.37,509.33,521.37,33728.0,SPY
2023-02-19 04:30:00+00:00,178.61,184.32,175.61,182.04,45336.0,AAPL
2023-02-19 04:30:00+00:00,178.87,181.92,177.51,180.12,61571.0,MSFT
2023-02-19 04:30:00+00:00,521.16,533.28,515.78,529.16,26818.0,SPY
2023-02-19 05:30:00+00:00,182.13,184.7,176.75,179.1,48940.0,AAPL
2023-02-19 05:30:00+00:00,179.75,183.57,177.44,182.34,142548.0,MSFT
2023-02-19 05:30:00+00:00,529.72,541.56,508.68,516.47,34257.0,SPY
2023-02-19 06:30:00+00:00,179.44,181.57,178.42,180.91,45712.0,AAPL
2023-02-19 06:30:00+00:00,182.65,185.75,181.23,184.27,30388.0,MSFT
2023-02-19 06:30:00+00:00,514.77,519.25,500.25,506.73,92448.0,SPY
2023-02-19 07:30:00+00:00,181.31,183.23,180.47,182.05,27531.0,AAPL
2023-02-19 07:30:00+00:00,184.88,187.93,174.98,178.76,90629.0,MSFT
2023-02-19 07:30:00+00:00,505.36,515.38,500.87,511.03,52743.0,SPY
2023-02-19 08:30:00+00:00,182.1,185.5,180.89,184.05,55414.0,AAPL
2023-02-19 08:30:00+00:00,179.09,181.15,173.55,176.11,151118.0,MSFT
2023-02-19 08:30:00+00:00,512.93,515.1,506.92,510.55,39355.0,SPY
2023-02-19 09:30:00+00:00,183.5,185.4,180.68,181.75,19310.0,AAPL
2023-02-19 09:30:00+00:00,175.92,177.33,174.55,176.65,107281.0,MSFT
2023-02-19 09:30:00+00:00,510.66,525.89,506.08,518.36,49479.0,SPY
2023-02-19 10:30:00+00:00,181.44,182.12,179.85,180.56,71110.0,AAPL
2023-02-19 10:30:00+00:00,176.5,179.56,169.07,171.7,37498.0,MSFT
2023-02-19 10:30:00+00:00,519.39,525.55,496.99,506.22,19818.0,SPY
2023-02-19 11:30:00+00:00,180.78,181.7,180.26,181.03,45309.0,AAPL
2023-02-19 11:30:00+00:00,171.55,177.64,169.45,174.61,37664.0,MSFT
2023-02-19 11:30:00+00:00,505.65,507.25,503.09,504.07,89007.0,SPY
2023-02-19 12:30:00+00:00,180.87,183.43,176.83,178.41,120492.0,AAPL
2023-02-19 12:30:00+00:00,174.63,177.07,173.36,175.94,62494.0,MSFT
2023-02-19 12:30:00+00:00,504.44,507.73,502.62,506.25,44165.0,SPY
2023-02-19 13:30:00+00:00,178.45,181.27,172.85,175.21,36271.0,AAPL
2023-02-19 13:30:00+00:00,176.13,181.62,174.05,178.97,101553.0,MSFT
2023-02-19 13:30:00+00:00,504.98,507.26,500.88,503.46,23282.0,SPY
2023-02-19 14:30:00+00:00,175.59,176.55,175.32,175.95,47549.0,AAPL
2023-02-19 14:30:00+00:00,178.82,181.94,177.69,180.25,35238.0,MSFT
2023-02-19 14:30:00+00:00,503.05,521.39,497.11,514.73,58066.0,SPY
2023-02-19 15:30:00+00:00,176.16,177.37,173.23,174.53,117619.0,AAPL
2023-02-19 15:30:00+00:00,180.09,189.06,177.24,184.95,47363.0,MSFT
2023-02-19 15:30:00+00:00,515.56,522.15,496.85,505.73,65714.0,SPY
2023-02-19 16:30:00+00:00,174.56,186.92,170.67,182.47,43352.0,AAPL
2023-02-19 16:30:00+00:00,185.04,186.9,182.24,183.27,77700.0,MSFT
2023-02-19 16:30:00+00:00,506.27,510.7,494.38,500.0,76674.0,SPY
2023-02-19 17:30:00+00:00,182.63,185.77,176.8,179.68,14049.0,AAPL
2023-02-19 17:30:00+00:00,183.53,188.27,181.12,185.89,32237.0,MSFT
2023-02-19 17:30:00+00:00,499.93,512.73,491.61,508.61,48438.0,SPY
2023-02-19 18:30:00+00:00,179.52,179.96,178.88,179.58,53297.0,AAPL
2023-02-19 18:30:00+00:00,185.64,191.74,183.71,189.39,56101.0,MSFT
2023-02-19 18:30:00+00:00,507.42,517.14,480.8,491.79,35186.0,SPY
2023-02-19 19:30:00+00:00,179.41,182.73,176.97,181.38,24191.0,AAPL
2023-02-19 19:30:00+00:00,189.6,191.04,184.74,186.33,127603.0,MSFT
2023-02-19 19:30:00+00:00,491.53,493.38,487.08,490.54,23972.0,SPY
2023-02-19 20:30:00+00:00,181.04,186.04,178.33,183.38,45924.0,AAPL
2023-02-19 20:30:00+00:00,186.05,197.36,182.81,192.17,121714.0,MSFT
2023-02-19 20:30:00+00:00,490.21,491.57,487.04,489.92,93289.0,SPY
2023-02-19 21:30:00+00:00,183.32,191.77,178.46,188.34,43864.0,AAPL
2023-02-19 21:30:00+00:00,192.49,195.92,190.68,194.74,36141.0,MSFT
2023-02-19 21:30:00+00:00,490.28,492.19,482.57,485.36,59989.0,SPY
2023-02-19 22:30:00+00:00,188.24,190.73,186.93,189.51,65343.0,AAPL
2023-02-19 22:30:00+00:00,194.98,196.14,193.21,194.48,66539.0,MSFT
2023-02-19 22:30:00+00:00,485.04,486.91,481.39,483.12,61382.0,SPY
2023-02-19 23:30:00+00:00,189.58,198.1,186.41,193.99,28686.0,AAPL
2023-02-19 23:30:00+00:00,194.13,195.47,191.99,193.37,38819.0,MSFT
2023-02-19 23:30:00+00:00,484.4,485.6,482.47,483.4,52658.0,SPY
2023-02-20 00:30:00+00:00,193.44,194.41,189.74,191.59,99787.0,AAPL
2023-02-20 00:30:00+00:00,193.55,196.93,192.41,195.78,22060.0,MSFT
2023-02-20 00:30:00+00:00,482.86,489.07,458.23,467.32,72723.0,SPY
2023-02-20 01:30:00+00:00,191.79,192.66,189.23,190.71,54735.0,AAPL
2023-02-20 01:30:00+00:00,195.25,199.24,192.5,197.88,79415.0,MSFT
2023-02-20 01:30:00+00:00,466.25,467.27,465.35,466.6,28519.0,SPY
2023-02-20 02:30:00+00:00,190.85,192.34,190.29,191.53,35203.0,AAPL
2023-02-20 02:30:00+00:00,197.56,201.45,187.17,191.12,34866.0,MSFT
2023-02-20 02:30:00+00:00,467.5,470.53,462.76,465.53,57238.0,SPY
2023-02-20 03:30:00+00:00,191.69,195.82,189.08,194.26,47983.0,AAPL
2023-02-20 03:30:00+00:00,190.75,194.44,188.43,192.46,29105.0,MSFT
2023-02-20 03:30:00+00:00,465.46,470.81,452.83,457.86,53833.0,SPY
2023-02-20 04:30:00+00:00,194.46,197.49,192.85,196.39,57966.0,AAPL
2023-02-20 04:30:00+00:00,192.95,194.01,190.67,191.43,65280.0,MSFT
2023-02-20 04:30:00+00:00,458.15,460.21,451.71,454.94,39118.0,SPY
2023-02-20 05:30:00+00:00,196.22,198.48,191.47,193.02,95433.0,AAPL
2023-02-20 05:30:00+00:00,191.21,191.99,190.08,190.69,32853.0,MSFT
2023-02-20 05:30:00+00:00,455.13,464.06,451.99,461.25,37128.0,SPY
2023-02-20 06:30:00+00:00,193.41,196.41,192.26,195.19,28635.0,AAPL
2023-02-20 06:30:00+00:00,190.34,194.36,178.95,184.38,32340.0,MSFT
2023-02-20 06:30:00+00:00,461.87,463.62,460.49,462.57,57234.0,SPY
2023-02-20 07:30:00+00:00,195.54,198.26,194.52,197.03,44057.0,AAPL
2023-02-20 07:30:00+00:00,184.4,187.26,182.63,185.59,52755.0,MSFT
2023-02-20 07:30:00+00:00,463.54,470.21,454.52,458.23,54411.0,SPY
2023-02-20 08:30:00+00:00,196.91,199.8,195.76,198.38,49973.0,AAPL
2023-02-20 08:30:00+00:00,185.68,189.71,184.56,187.9,56197.0,MSFT
2023-02-20 08:30:00+00:00,459.57,470.49,455.06,465.51,34397.0,SPY
2023-02-20 09:30:00+00:00,198.49,202.68,197.02,200.98,40292.0,AAPL
2023-02-20 09:30:00+00:00,187.68,190.66,185.56,189.6,26583.0,MSFT
2023-02-20 09:30:00+00:00,465.46,481.91,457.7,477.1,30599.0,SPY
2023-02-20 10:30:00+00:00,201.23,202.19,199.68,200.61,61842.0,AAPL
2023-02-20 10:30:00+00:00,189.11,192.49,187.59,190.97,48167.0,MSFT
2023-02-20 10:30:00+00:00,477.37,482.27,468.72,472.68,87232.0,SPY
2023-02-20 11:30:00+00:00,200.3,201.81,196.38,198.12,48597.0,AAPL
2023-02-20 11:30:00+00:00,191.5,192.87,186.88,188.85,46773.0,MSFT
2023-02-20 11:30:00+00:00,471.64,474.16,465.0,468.01,44276.0,SPY
2023-02-20 12:30:00+00:00,198.22,199.7,197.67,198.98,94133.0,AAPL
2023-02-20 12:30:00+00:00,188.7,191.44,186.6,190.29,72869.0,MSFT
2023-02-20 12:30:00+00:00,468.44,471.93,460.8,465.04,41476.0,SPY
2023-02-20 13:30:00+00:00,199.25,203.34,197.53,201.47,112563.0,AAPL
2023-02-20 13:30:00+00:00,190.36,191.84,186.68,188.59,80472.0,MSFT
2023-02-20 13:30:00+00:00,465.06,466.82,461.77,463.03,90211.0,SPY
2023-02-20 14:30:00+00:00,201.41,202.26,199.33,200.14,56482.0,AAPL
2023-02-20 14:30:00+00:00,188.56,190.58,186.88,189.66,39029.0,MSFT
2023-02-20 14:30:00+00:00,462.53,463.81,461.13,462.23,29857.0,SPY
2023-02-20 15:30:00+00:00,200.15,202.28,199.16,201.39,102508.0,AAPL
2023-02-20 15:30:00+00:00,189.69,192.41,188.18,191.05,64191.0,MSFT
2023-02-20 15:30:00+00:00,461.41,476.03,453.71,471.08,52113.0,SPY
2023-02-20 16:30:00+00:00,201.58,202.33,201.31,201.74,121431.0,AAPL
2023-02-20 16:30:00+00:00,190.91,192.61,190.48,191.54,31654.0,MSFT
2023-02-20 16:30:00+00:00,470.93,482.6,467.74,477.45,105130.0,SPY
2023-02-20 17:30:00+00:00,201.5,203.31,199.68,202.42,38923.0,AAPL
2023-02-20 17:30:00+00:00,191.75,198.03,188.29,196.11,30304.0,MSFT
2023-02-20 17:30:00+00:00,477.56,482.16,468.95,473.97,154398.0,SPY
2023-02-20 18:30:00+00:00,202.49,203.88,201.83,202.91,27870.0,AAPL
2023-02-20 18:30:00+00:00,196.61,198.76,191.98,193.35,43593.0,MSFT
2023-02-20 18:30:00+00:00,474.07,479.47,471.94,476.81,50303.0,SPY
2023-02-20 19:30:00+00:00,202.57,203.78,201.44,203.29,56020.0,AAPL
2023-02-20 19:30:00+00:00,193.43,197.19,185.04,188.41,62152.0,MSFT
2023-02-20 19:30:00+00:00,476.6,479.8,468.06,472.04,94075.0,SPY
2023-02-20 20:30:00+00:00,203.3,207.99,201.98,205.63,41833.0,AAPL
2023-02-20 20:30:00+00:00,188.04,194.32,184.89,191.04,47826.0,MSFT
2023-02-20 20:30:00+00:00,471.39,480.76,466.48,477.19,46922.0,SPY
2023-02-20 21:30:00+00:00,205.38,206.15,204.23,205.56,101774.0,AAPL
2023-02-20 21:30:00+00:00,190.98,192.62,187.31,189.09,71978.0,MSFT
2023-02-20 21:30:00+00:00,477.25,483.72,458.84,466.66,49835.0,SPY
2023-02-20 22:30:00+00:00,205.51,207.36,197.5,201.09,72834.0,AAPL
2023-02-20 22:30:00+00:00,188.81,190.83,182.38,185.68,39223.0,MSFT
2023-02-20 22:30:00+00:00,466.98,473.51,455.09,459.52,25577.0,SPY
2023-02-20 23:30:00+00:00,200.69,206.18,197.54,204.31,131977.0,AAPL
2023-02-20 23:30:00+00:00,185.78,188.28,184.97,187.21,54447.0,MSFT
2023-02-20 23:30:00+00:00,459.17,460.47,457.07,458.45,30962.0,SPY
2023-02-21 00:30:00+00:00,204.16,207.37,192.8,197.78,41524.0,AAPL
2023-02-21 00:30:00+00:00,186.8,190.19,185.93,188.85,41043.0,MSFT
2023-02-21 00:30:00+00:00,458.93,467.38,442.97,448.41,50056.0,SPY
2023-02-21 01:30:00+00:00,198.02,202.21,188.72,192.11,42390.0,AAPL
2023-02-21 01:30:00+00:00,188.88,192.28,182.34,184.58,43389.0,MSFT
2023-02-21 01:30:00+00:00,448.1,475.02,435.31,462.7,119330.0,SPY
2023-02-21 02:30:00+00:00,191.78,196.58,190.08,193.92,90711.0,AAPL
2023-02-21 02:30:00+00:00,184.64,185.76,182.5,183.75,34773.0,MSFT
2023-02-21 02:30:00+00:00,461.55,465.45,459.89,463.49,35355.0,SPY
2023-02-21 03:30:00+00:00,193.62,203.08,191.64,199.15,36136.0,AAPL
2023-02-21 03:30:00+00:00,183.85,187.89,181.61,186.37,107848.0,MSFT
2023-02-21 03:30:00+00:00,464.02,466.43,453.73,458.42,108526.0,SPY
2023-02-21 04:30:00+00:00,199.21,200.07,197.23,198.05,39996.0,AAPL
2023-02-21 04:30:00+00:00,186.08,196.52,183.1,192.44,68466.0,MSFT
2023-02-21 04:30:00+00:00,457.52,466.13,454.45,462.98,51000.0,SPY
2023-02-21 05:30:00+00:00,197.92,200.86,196.75,199.8,15969.0,AAPL
2023-02-21 05:30:00+00:00,192.37,194.38,189.26,191.22,28476.0,MSFT
2023-02-21 05:30:00+00:00,461.5,462.67,459.95,461.67,148355.0,SPY
2023-02-21 06:30:00+00:00,199.72,200.38,198.88,199.94,56726.0,AAPL
2023-02-21 06:30:00+00:00,191.58,198.65,189.02,195.91,48720.0,MSFT
2023-02-21 06:30:00+00:00,462.79,464.9,457.77,459.73,91146.0,SPY
2023-02-21 07:30:00+00:00,199.95,201.46,197.69,198.87,40159.0,AAPL
2023-02-21 07:30:00+00:00,195.36,199.21,193.56,197.8,68028.0,MSFT
2023-02-21 07:30:00+00:00,459.86,477.69,450.28,471.46,104583.0,SPY
2023-02-21 08:30:00+00:00,198.97,200.78,198.4,199.69,92374.0,AAPL
2023-02-21 08:30:00+00:00,198.0,199.57,196.13,196.87,50747.0,MSFT
2023-02-21 08:30:00+00:00,471.02,480.39,466.54,475.73,37762.0,SPY
2023-02-21 09:30:00+00:00,199.84,206.16,196.51,203.67,39788.0,AAPL
2023-02-21 09:30:00+00:00,197.08,201.46,188.1,191.87,97034.0,MSFT
2023-02-21 09:30:00+00:00,474.27,480.56,469.77,478.31,54384.0,SPY
2023-02-21 10:30:00+00:00,204.05,205.35,202.37,202.93,60606.0,AAPL
2023-02-21 10:30:00+00:00,191.77,192.6,190.18,191.06,61875.0,MSFT
2023-02-21 10:30:00+00:00,479.2,484.38,470.88,474.55,44406.0,SPY
2023-02-21 11:30:00+00:00,202.46,203.72,200.06,201.07,26062.0,AAPL
2023-02-21 11:30:00+00:00,191.5,192.78,189.06,190.57,65772.0,MSFT
2023-02-21 11:30:00+00:00,474.32,475.86,471.31,473.34,61399.0,SPY
2023-02-21 12:30:00+00:00,200.81,202.13,197.74,198.9,51484.0,AAPL
2023-02-21 12:30:00+00:00,191.3,193.84,189.84,192.43,90266.0,MSFT
2023-02-21 12:30:00+00:00,473.44,478.16,471.48,476.26,35141.0,SPY
2023-02-21 13:30:00+00:00,199.44,204.8,197.63,203.25,72200.0,AAPL
2023-02-21 13:30:00+00:00,191.94,192.89,189.83,190.88,22813.0,MSFT
2023-02-21 13:30:00+00:00,477.15,483.33,472.94,480.1,83482.0,SPY
2023-02-21 14:30:00+00:00,203.26,203.74,202.03,202.95,20752.0,AAPL
2023-02-21 14:30:00+00:00,190.63,191.94,189.79,191.15,37408.0,MSFT
2023-02-21 14:30:00+00:00,480.57,487.83,476.24,484.69,58018.0,SPY
2023-02-21 15:30:00+00:00,202.36,203.49,199.66,200.74,40567.0,AAPL
2023-02-21 15:30:00+00:00,190.89,196.61,188.94,194.67,61065.0,MSFT
2023-02-21 15:30:00+00:00,484.4,492.4,480.28,488.09,166348.0,SPY
2023-02-21 16:30:00+00:00,200.88,205.06,193.55,196.2,82624.0,AAPL
2023-02-21 16:30:00+00:00,194.69,202.52,191.11,199.44,48646.0,MSFT
2023-02-21 16:30:00+00:00,487.97,508.12,480.77,498.64,53442.0,SPY
2023-02-21 17:30:00+00:00,196.14,197.04,195.04,195.77,63602.0,AAPL
2023-02-21 17:30:00+00:00,199.54,204.14,191.26,193.73,31948.0,MSFT
2023-02-21 17:30:00+00:00,497.66,502.67,483.91,488.57,37310.0,SPY
2023-02-21 18:30:00+00:00,195.51,196.52,194.35,195.41,46078.0,AAPL
2023-02-21 18:30:00+00:00,193.75,196.12,183.79,188.43,32007.0,MSFT
2023-02-21 18:30:00+00:00,488.88,506.59,484.14,498.58,82265.0,SPY
2023-02-21 19:30:00+00:00,195.49,202.23,193.1,200.25,26012.0,AAPL
2023-02-21 19:30:00+00:00,188.37,190.04,184.93,186.5,62503.0,MSFT
2023-02-21 19:30:00+00:00,499.5,511.89,492.01,507.39,67307.0,SPY
2023-02-21 20:30:00+00:00,200.0,201.79,198.79,200.89,34973.0,AAPL
2023-02-21 20:30:00+00:00,186.84,187.28,186.16,186.7,148899.0,MSFT
2023-02-21 20:30:00+00:00,507.24,528.62,502.17,519.54,42023.0,SPY
2023-02-21 21:30:00+00:00,201.05,204.49,194.68,197.47,29528.0,AAPL
2023-02-21 21:30:00+00:00,186.5,194.33,184.67,190.77,23841.0,MSFT
2023-02-21 21:30:00+00:00,518.94,524.0,515.62,522.48,40261.0,SPY
2023-02-21 22:30:00+00:00,196.89,203.94,194.46,201.09,25865.0,AAPL
2023-02-21 22:30:00+00:00,190.83,194.47,180.7,183.97,83121.0,MSFT
2023-02-21 22:30:00+00:00,520.97,535.24,512.49,530.24,32934.0,SPY
2023-02-21 23:30:00+00:00,200.84,202.49,197.72,198.85,49085.0,AAPL
2023-02-21 23:30:00+00:00,183.68,184.88,179.78,180.9,54536.0,MSFT
2023-02-21 23:30:00+00:00,531.19,535.85,529.14,533.62,57675.0,SPY
2023-02-22 00:30:00+00:00,198.82,200.07,198.16,199.67,35445.0,AAPL
2023-02-22 00:30:00+00:00,180.73,182.36,179.2,181.43,168822.0,MSFT
2023-02-22 00:30:00+00:00,531.79,555.09,524.81,548.02,36807.0,SPY
2023-02-22 01:30:00+00:00,199.78,204.94,196.37,202.64,26594.0,AAPL
2023-02-22 01:30:00+00:00,181.31,183.03,178.2,179.91,102825.0,MSFT
2023-02-22 01:30:00+00:00,548.66,555.26,537.56,542.18,24700.0,SPY
2023-02-22 02:30:00+00:00,203.02,205.37,201.92,203.71,41023.0,AAPL
2023-02-22 02:30:00+00:00,180.08,182.28,178.44,181.51,34652.0,MSFT
2023-02-22 02:30:00+00:00,543.35,545.92,538.05,541.45,51352.0,SPY
2023-02-22 03:30:00+00:00,204.37,208.14,196.39,198.81,14969.0,AAPL
2023-02-22 03:30:00+00:00,181.57,184.0,180.38,182.45,58392.0,MSFT
2023-02-22 03:30:00+00:00,540.59,545.6,524.96,533.02,56264.0,SPY
2023-02-22 04:30:00+00:00,198.45,203.31,197.09,200.93,47387.0,AAPL
2023-02-22 04:30:00+00:00,182.44,190.86,180.3,187.56,52493.0,MSFT
2023-02-22 04:30:00+00:00,532.98,535.66,530.31,534.08,24314.0,SPY
2023-02-22 05:30:00+00:00,201.57,204.19,194.81,197.63,26215.0,AAPL
2023-02-22 05:30:00+00:00,187.91,189.76,184.9,186.16,87879.0,MSFT
2023-02-22 05:30:00+00:00,534.06,556.43,524.24,548.07,50921.0,SPY
2023-02-22 06:30:00+00:00,198.0,199.62,191.93,195.21,48001.0,AAPL
2023-02-22 06:30:00+00:00,186.2,187.37,184.36,185.29,13039.0,MSFT
2023-02-22 06:30:00+00:00,548.12,551.48,542.46,545.0,73924.0,SPY
2023-02-22 07:30:00+00:00,195.05,196.34,194.52,195.57,50078.0,AAPL
2023-02-22 07:30:00+00:00,185.93,187.17,184.66,186.45,37520.0,MSFT
2023-02-22 07:30:00+00:00,544.55,549.78,542.85,547.05,74654.0,SPY
2023-02-22 08:30:00+00:00,195.75,197.93,189.91,191.6,71674.0,AAPL
2023-02-22 08:30:00+00:00,186.58,187.99,184.44,185.74,16650.0,MSFT
2023-02-22 08:30:00+00:00,546.95,556.25,542.99,553.08,27794.0,SPY
2023-02-22 09:30:00+00:00,192.1,194.75,184.99,187.34,72660.0,AAPL
2023-02-22 09:30:00+00:00,185.86,188.63,185.14,187.13,70557.0,MSFT
2023-02-22 09:30:00+00:00,554.33,571.95,548.62,563.36,74016.0,SPY
2023-02-22 10:30:00+00:00,187.19,192.59,185.71,190.72,105632.0,AAPL
2023-02-22 10:30:00+00:00,187.46,189.74,184.15,185.4,27177.0,MSFT
2023-02-22 10:30:00+00:00,561.72,566.53,545.07,550.47,53453.0,SPY
2023-02-22 11:30:00+00:00,191.1,195.02,182.19,184.51,45285.0,AAPL
2023-02-22 11:30:00+00:00,185.56,191.26,183.55,188.96,52663.0,MSFT
2023-02-22 11:30:00+00:00,550.64,557.76,532.54,539.15,118863.0,SPY
2023-02-22 12:30:00+00:00,184.59,189.37,183.31,187.41,61939.0,AAPL
2023-02-22 12:30:00+00:00,188.88,191.52,186.64,190.52,34074.0,MSFT
2023-02-22 12:30:00+00:00,538.65,543.15,519.75,529.03,24349.0,SPY
2023-02-22 13:30:00+00:00,188.09,189.41,187.63,188.61,50076.0,AAPL
2023-02-22 13:30:00+00:00,190.81,191.76,190.3,191.21,64020.0,MSFT
2023-02-22 13:30:00+00:00,528.72,543.32,520.37,537.33,20706.0,SPY
2023-02-22 14:30:00+00:00,188.53,189.92,186.76,187.67,70687.0,AAPL
2023-02-22 14:30:00+00:00,191.37,192.61,190.37,191.07,20849.0,MSFT
2023-02-22 14:30:00+00:00,536.91,544.7,526.11,529.58,79101.0,SPY
2023-02-22 15:30:00+00:00,187.66,189.35,186.5,188.75,33924.0,AAPL
2023-02-22 15:30:00+00:00,190.74,193.92,184.4,187.48,28115.0,MSFT
2023-02-22 15:30:00+00:00,531.28,539.2,528.88,534.47,27267.0,SPY
2023-02-22 16:30:00+00:00,188.83,193.45,187.13,192.06,39572.0,AAPL
2023-02-22 16:30:00+00:00,187.88,188.72,187.26,188.36,91245.0,MSFT
2023-02-22 16:30:00+00:00,533.99,550.21,525.21,544.39,48265.0,SPY
2023-02-22 17:30:00+00:00,191.94,193.95,186.41,187.98,51091.0,AAPL
2023-02-22 17:30:00+00:00,188.6,188.85,188.09,188.46,66420.0,MSFT
2023-02-22 17:30:00+00:00,542.13,548.42,529.54,534.46,39176.0,SPY
2023-02-22 18:30:00+00:00,187.76,188.62,186.92,187.49,55570.0,AAPL
2023-02-22 18:30:00+00:00,188.53,189.58,183.97,186.08,61047.0,MSFT
2023-02-22 18:30:00+00:00,534.49,538.69,533.09,536.39,96575.0,SPY
2023-02-22 19:30:00+00:00,187.4,188.56,184.37,186.14,45782.0,AAPL
2023-02-22 19:30:00+00:00,185.76,190.05,184.31,187.92,18700.0,MSFT
2023-02-22 19:30:00+00:00,536.97,539.61,530.66,533.68,59679.0,SPY
2023-02-22 20:30:00+00:00,185.93,192.86,184.56,189.28,60141.0,AAPL
2023-02-22 20:30:00+00:00,188.12,188.52,187.36,188.07,41153.0,MSFT
2023-02-22 20:30:00+00:00,535.32,539.85,529.46,532.91,62332.0,SPY
2023-02-22 21:30:00+00:00,188.9,196.56,184.78,194.42,58734.0,AAPL
2023-02-22 21:30:00+00:00,188.14,196.06,184.45,192.29,44929.0,MSFT
2023-02-22 21:30:00+00:00,534.33,542.17,530.12,538.47,40719.0,SPY
2023-02-22 22:30:00+00:00,194.08,198.94,192.21,196.63,33163.0,AAPL
2023-02-22 22:30:00+00:00,192.27,197.83,190.33,194.69,19373.0,MSFT
2023-02-22 22:30:00+00:00,537.67,542.65,534.0,540.52,58677.0,SPY
2023-02-22 23:30:00+00:00,196.82,198.94,192.0,194.17,55513.0,AAPL
2023-02-22 23:30:00+00:00,194.98,196.39,190.03,192.31,13185.0,MSFT
2023-02-22 23:30:00+00:00,541.25,544.63,538.38,542.59,56181.0,SPY
2023-02-23 00:30:00+00:00,194.48,194.95,193.6,194.22,119794.0,AAPL
2023-02-23 00:30:00+00:00,192.17,192.97,191.29,192.54,36407.0,MSFT
2023-02-23 00:30:00+00:00,541.74,551.16,513.91,527.06,59735.0,SPY
2023-02-23 01:30:00+00:00,194.16,200.47,192.01,198.03,41467.0,AAPL
2023-02-23 01:30:00+00:00,192.64,199.49,188.95,197.05,54553.0,MSFT
2023-02-23 01:30:00+00:00,527.28,529.65,522.94,525.49,73861.0,SPY
2023-02-23 02:30:00+00:00,198.11,201.46,195.78,199.82,41840.0,AAPL
2023-02-23 02:30:00+00:00,196.47,198.74,195.62,197.5,76199.0,MSFT
2023-02-23 02:30:00+00:00,524.33,528.55,517.03,519.56,23116.0,SPY
2023-02-23 03:30:00+00:00,199.16,200.07,196.96,197.78,66156.0,AAPL
2023-02-23 03:30:00+00:00,197.41,199.68,196.14,198.38,23760.0,MSFT
2023-02-23 03:30:00+00:00,517.54,524.32,501.61,506.89,52695.0,SPY
2023-02-23 04:30:00+00:00,197.58,200.09,195.85,198.9,73316.0,AAPL
2023-02-23 04:30:00+00:00,198.45,207.14,194.36,203.02,92330.0,MSFT
2023-02-23 04:30:00+00:00,507.04,510.47,503.0,504.46,63854.0,SPY
2023-02-23 05:30:00+00:00,198.8,204.29,195.84,201.36,75659.0,AAPL
2023-02-23 05:30:00+00:00,202.26,205.3,196.65,199.23,48276.0,MSFT
2023-02-23 05:30:00+00:00,504.16,507.76,488.03,494.95,63333.0,SPY
2023-02-23 06:30:00+00:00,201.02,202.9,200.44,201.72,69024.0,AAPL
2023-02-23 06:30:00+00:00,199.23,201.29,194.83,196.26,28642.0,MSFT
2023-02-23 06:30:00+00:00,496.39,498.16,493.21,494.77,69939.0,SPY
2023-02-23 07:30:00+00:00,201.59,203.46,194.38,198.0,55787.0,AAPL
2023-02-23 07:30:00+00:00,196.42,199.38,195.27,197.85,24314.0,MSFT
2023-02-23 07:30:00+00:00,493.33,497.27,484.85,488.23,34771.0,SPY
2023-02-23 08:30:00+00:00,197.57,208.51,191.82,203.73,45043.0,AAPL
2023-02-23 08:30:00+00:00,197.96,198.62,197.44,198.01,59943.0,MSFT
2023-02-23 08:30:00+00:00,487.75,502.24,482.37,495.44,22669.0,SPY
2023-02-23 09:30:00+00:00,203.88,204.45,201.49,202.75,57929.0,AAPL
2023-02-23 09:30:00+00:00,198.08,203.71,195.35,202.17,59102.0,MSFT
2023-02-23 09:30:00+00:00,496.18,504.33,490.14,501.62,35415.0,SPY
2023-02-23 10:30:00+00:00,202.63,203.13,201.63,202.13,40981.0,AAPL
2023-02-23 10:30:00+00:00,201.69,203.6,198.05,199.18,51391.0,MSFT
2023-02-23 10:30:00+00:00,501.46,503.33,498.69,501.06,78155.0,SPY
2023-02-23 11:30:00+00:00,202.34,205.52,196.32,199.46,89121.0,AAPL
2023-02-23 11:30:00+00:00,198.94,200.88,193.54,196.12,51452.0,MSFT
2023-02-23 11:30:00+00:00,499.78,504.46,492.88,496.13,98728.0,SPY
2023-02-23 12:30:00+00:00,198.87,201.14,195.85,197.43,41335.0,AAPL
2023-02-23 12:30:00+00:00,195.76,200.08,187.04,191.55,26334.0,MSFT
2023-02-23 12:30:00+00:00,494.82,511.6,487.82,506.33,39071.0,SPY
2023-02-23 13:30:00+00:00,197.75,199.38,193.42,195.29,21419.0,AAPL
2023-02-23 13:30:00+00:00,191.34,194.59,189.99,193.33,117819.0,MSFT
2023-02-23 13:30:00+00:00,507.02,511.43,489.23,496.5,31590.0,SPY
2023-02-23 14:30:00+00:00,195.73,200.65,193.67,198.47,69843.0,AAPL
2023-02-23 14:30:00+00:00,192.72,206.83,184.56,201.61,101075.0,MSFT
2023-02-23 14:30:00+00:00,496.29,506.87,490.74,502.99,24408.0,SPY
2023-02-23 15:30:00+00:00,198.42,199.5,194.96,196.78,11761.0,AAPL
2023-02-23 15:30:00+00:00,202.16,204.62,200.61,203.91,57334.0,MSFT
2023-02-23 15:30:00+00:00,502.43,504.71,495.22,498.99,13555.0,SPY
2023-02-23 16:30:00+00:00,197.43,199.49,196.3,198.49,65695.0,AAPL
2023-02-23 16:30:00+00:00,203.9,216.06,199.38,210.44,48618.0,MSFT
2023-02-23 16:30:00+00:00,498.64,502.52,489.38,493.85,30775.0,SPY
2023-02-23 17:30:00+00:00,198.92,199.65,198.56,199.27,39143.0,AAPL
2023-02-23 17:30:00+00:00,210.38,211.58,208.81,209.82,38606.0,MSFT
2023-02-23 17:30:00+00:00,494.18,497.14,490.29,492.82,30641.0,SPY
2023-02-23 18:30:00+00:00,199.69,201.04,195.4,197.46,61618.0,AAPL
2023-02-23 18:30:00+00:00,209.52,211.28,205.48,206.94,20778.0,MSFT
2023-02-23 18:30:00+00:00,491.65,497.28,489.67,494.96,44567.0,SPY
2023-02-23 19:30:00+00:00,197.53,204.85,195.17,202.19,84273.0,AAPL
2023-02-23 19:30:00+00:00,206.88,218.15,201.33,213.54,66700.0,MSFT
2023-02-23 19:30:00+00:00,496.1,498.16,489.91,492.28,27008.0,SPY
2023-02-23 20:30:00+00:00,201.82,207.57,198.82,205.37,35582.0,AAPL
2023-02-23 20:30:00+00:00,213.58,214.87,212.63,214.16,63600.0,MSFT
2023-02-23 20:30:00+00:00,491.53,523.46,484.62,507.99,24892.0,SPY
2023-02-23 21:30:00+00:00,205.31,205.93,203.84,205.06,49864.0,AAPL
2023-02-23 21:30:00+00:00,213.89,215.64,212.5,214.83,52364.0,MSFT
2023-02-23 21:30:00+00:00,506.86,525.33,495.42,517.47,96853.0,SPY
2023-02-23 22:30:00+00:00,204.99,208.14,197.04,200.74,44552.0,AAPL
2023-02-23 22:30:00+00:00,214.97,218.26,213.89,217.19,58254.0,MSFT
2023-02-23 22:30:00+00:00,517.35,531.94,511.8,524.14,58213.0,SPY
2023-02-23 23:30:00+00:00,200.62,204.65,193.01,196.21,67232.0,AAPL
2023-02-23 23:30:00+00:00,217.2,222.21,214.63,220.06,30663.0,MSFT
2023-02-23 23:30:00+00:00,524.26,534.91,518.29,531.04,42404.0,SPY
2023-02-24 00:30:00+00:00,196.29,197.58,192.26,194.08,25771.0,AAPL
2023-02-24 00:30:00+00:00,219.61,220.71,219.1,220.23,34968.0,MSFT
2023-02-24 00:30:00+00:00,531.22,532.92,524.85,527.34,32885.0,SPY
2023-02-24 01:30:00+00:00,194.03,194.5,193.36,193.66,81709.0,AAPL
2023-02-24 01:30:00+00:00,220.37,224.26,219.19,222.34,95512.0,MSFT
2023-02-24 01:30:00+00:00,527.96,538.52,522.41,532.61,67743.0,SPY
2023-02-24 02:30:00+00:00,193.86,198.06,191.7,195.9,32202.0,AAPL
2023-02-24 02:30:00+00:00,222.0,222.78,220.71,221.5,24876.0,MSFT
2023-02-24 02:30:00+00:00,533.86,544.96,529.91,539.1,83803.0,SPY
2023-02-24 03:30:00+00:00,195.92,197.2,195.39,196.04,32997.0,AAPL
2023-02-24 03:30:00+00:00,221.66,225.97,213.64,217.6,35951.0,MSFT
2023-02-24 03:30:00+00:00,540.08,544.74,533.92,536.53,32534.0,SPY
2023-02-24 04:30:00+00:00,196.24,198.71,195.49,197.7,36436.0,AAPL
2023-02-24 04:30:00+00:00,218.08,220.26,216.79,219.27,35258.0,MSFT
2023-02-24 04:30:00+00:00,536.67,542.49,532.81,540.25,67174.0,SPY
2023-02-24 05:30:00+00:00,197.82,198.12,197.42,197.68,159102.0,AAPL
2023-02-24 05:30:00+00:00,219.35,221.09,214.6,217.05,27634.0,MSFT
2023-02-24 05:30:00+00:00,540.45,549.53,523.64,531.21,58495.0,SPY
2023-02-24 06:30:00+00:00,197.34,203.99,194.24,201.41,31904.0,AAPL
2023-02-24 06:30:00+00:00,216.67,220.78,214.66,218.81,35340.0,MSFT
2023-02-24 06:30:00+00:00,531.81,539.57,527.97,534.67,21280.0,SPY
2023-02-24 07:30:00+00:00,201.59,202.86,199.88,201.29,82709.0,AAPL
2023-02-24 07:30:00+00:00,218.82,221.22,210.58,214.55,131239.0,MSFT
2023-02-24 07:30:00+00:00,534.86,539.08,526.69,529.9,23234.0,SPY
2023-02-24 08:30:00+00:00,201.09,203.11,197.25,198.62,51377.0,AAPL
2023-02-24 08:30:00+00:00,214.24,216.0,210.4,211.75,58624.0,MSFT
2023-02-24 08:30:00+00:00,529.69,530.77,527.31,528.37,57063.0,SPY
2023-02-24 09:30:00+00:00,198.47,204.0,195.74,201.26,38993.0,AAPL
2023-02-24 09:30:00+00:00,211.55,213.98,206.09,208.11,29462.0,MSFT
2023-02-24 09:30:00+00:00,529.52,537.62,513.9,517.97,35016.0,SPY
2023-02-24 10:30:00+00:00,200.75,205.49,198.71,203.15,89296.0,AAPL
2023-02-24 10:30:00+00:00,207.97,212.16,206.19,210.84,42585.0,MSFT
2023-02-24 10:30:00+00:00,516.94,523.21,513.59,519.82,78912.0,SPY
2023-02-24 11:30:00+00:00,203.1,207.11,201.76,205.1,51023.0,AAPL
2023-02-24 11:30:00+00:00,210.86,213.09,209.02,212.32,60723.0,MSFT
2023-02-24 11:30:00+00:00,519.98,529.94,514.58,526.74,39398.0,SPY
2023-02-24 12:30:00+00:00,204.81,207.73,204.06,206.6,49196.0,AAPL
2023-02-24 12:30:00+00:00,211.72,213.96,208.92,209.95,67269.0,MSFT
2023-02-24 12:30:00+00:00,524.78,532.49,520.27,529.7,40178.0,SPY
2023-02-24 13:30:00+00:00,206.51,208.45,197.19,201.65,19978.0,AAPL
2023-02-24 13:30:00+00:00,209.88,210.53,208.65,209.54,50500.0,MSFT
2023-02-24 13:30:00+00:00,530.55,535.36,523.5,527.98,90197.0,SPY
2023-02-24 14:30:00+00:00,200.96,202.78,199.89,202.03,36212.0,AAPL
2023-02-24 14:30:00+00:00,209.4,210.43,208.87,209.53,43499.0,MSFT
2023-02-24 14:30:00+00:00,529.15,530.25,528.5,529.5,25957.0,SPY
2023-02-24 15:30:00+00:00,202.1,205.04,201.0,204.0,198339.0,AAPL
2023-02-24 15:30:00+00:00,210.2,218.76,206.26,215.77,61647.0,MSFT
2023-02-24 15:30:00+00:00,529.34,532.78,517.64,523.74,32237.0,SPY
2023-02-24 16:30:00+00:00,204.55,208.44,196.39,200.2,70775.0,AAPL
2023-02-24 16:30:00+00:00,216.34,217.54,211.86,214.1,55959.0,MSFT
2023-02-24 16:30:00+00:00,523.67,527.8,512.41,517.59,62909.0,SPY
2023-02-24 17:30:00+00:00,200.28,201.89,199.24,200.89,98566.0,AAPL
2023-02-24 17:30:00+00:00,213.55,217.15,208.91,210.41,69152.0,MSFT
2023-02-24 17:30:00+00:00,517.45,519.67,516.18,517.7,20011.0,SPY
2023-02-24 18:30:00+00:00,200.94,203.86,191.47,195.92,52191.0,AAPL
2023-02-24 18:30:00+00:00,210.27,213.87,208.93,211.85,48891.0,MSFT
2023-02-24 18:30:00+00:00,516.03,522.1,498.66,504.05,30067.0,SPY
2023-02-24 19:30:00+00:00,195.76,198.34,190.14,192.21,41305.0,AAPL
2023-02-24 19:30:00+00:00,212.29,218.15,202.6,205.49,73630.0,MSFT
2023-02-24 19:30:00+00:00,505.31,507.45,501.78,503.62,55973.0,SPY
2023-02-24 20:30:00+00:00,192.24,193.91,191.47,193.05,27059.0,AAPL
2023-02-24 20:30:00+00:00,206.08,207.0,205.71,206.29,191632.0,MSFT
2023-02-24 20:30:00+00:00,504.64,511.48,485.72,495.61,72804.0,SPY
2023-02-24 21:30:00+00:00,192.67,198.27,182.99,185.79,55424.0,AAPL
2023-02-24 21:30:00+00:00,205.87,206.17,205.71,205.9,43379.0,MSFT
2023-02-24 21:30:00+00:00,495.11,497.82,487.92,489.95,38025.0,SPY
2023-02-24 22:30:00+00:00,185.68,188.16,177.23,180.96,13441.0,AAPL
2023-02-24 22:30:00+00:00,205.98,208.48,195.69,199.16,63729.0,MSFT
2023-02-24 22:30:00+00:00,489.72,495.48,487.9,492.37,52279.0,SPY
2023-02-24 23:30:00+00:00,180.76,181.98,177.48,178.69,186539.0,AAPL
2023-02-24 23:30:00+00:00,199.19,201.81,192.15,195.41,61347.0,MSFT
2023-02-24 23:30:00+00:00,492.95,506.53,488.83,501.68,80455.0,SPY
2023-02-25 00:30:00+00:00,178.73,179.19,178.32,178.95,30404.0,AAPL
2023-02-25 00:30:00+00:00,195.54,199.7,194.04,198.33,55685.0,MSFT
2023-02-25 00:30:00+00:00,501.83,509.46,489.14,494.86,56179.0,SPY
2023-02-25 01:30:00+00:00,178.97,179.47,178.54,178.83,90337.0,AAPL
2023-02-25 01:30:00+00:00,198.71,203.01,197.8,201.17,32396.0,MSFT
2023-02-25 01:30:00+00:00,494.04,495.89,489.67,492.14,114346.0,SPY
2023-02-25 02:30:00+00:00,178.53,181.97,177.21,179.96,22342.0,AAPL
2023-02-25 02:30:00+00:00,201.37,205.31,200.01,203.53,104435.0,MSFT
2023-02-25 02:30:00+00:00,492.66,504.43,485.78,499.22,130523.0,SPY
2023-02-25 03:30:00+00:00,179.52,184.23,170.24,173.92,94439.0,AAPL
2023-02-25 03:30:00+00:00,203.09,204.98,197.76,200.36,61411.0,MSFT
2023-02-25 03:30:00+00:00,499.07,501.96,497.74,500.53,24244.0,SPY
2023-02-25 04:30:00+00:00,173.52,176.99,172.16,175.76,83456.0,AAPL
2023-02-25 04:30:00+00:00,200.52,200.93,199.31,199.95,102336.0,MSFT
2023-02-25 04:30:00+00:00,501.08,526.91,491.73,516.38,26851.0,SPY
2023-02-25 05:30:00+00:00,175.54,177.54,170.42,172.64,129368.0,AAPL
2023-02-25 05:30:00+00:00,199.76,203.6,193.44,195.86,46754.0,MSFT
2023-02-25 05:30:00+00:00,515.34,517.93,507.24,511.08,24619.0,SPY
2023-02-25 06:30:00+00:00,172.95,173.47,172.72,173.18,72310.0,AAPL
2023-02-25 06:30:00+00:00,195.81,200.18,193.55,198.66,73802.0,MSFT
2023-02-25 06:30:00+00:00,511.58,523.28,491.13,497.18,29236.0,SPY
2023-02-25 07:30:00+00:00,172.93,174.86,168.83,170.41,50326.0,AAPL
2023-02-25 07:30:00+00:00,198.95,202.55,191.87,194.73,43404.0,MSFT
2023-02-25 07:30:00+00:00,497.02,507.26,492.59,502.63,45247.0,SPY
2023-02-25 08:30:00+00:00,170.43,171.01,169.05,169.68,90857.0,AAPL
2023-02-25 08:30:00+00:00,194.77,195.77,193.67,195.03,41607.0,MSFT
2023-02-25 08:30:00+00:00,503.16,507.42,490.22,495.44,46341.0,SPY
2023-02-25 09:30:00+00:00,169.81,170.13,169.36,169.72,119485.0,AAPL
2023-02-25 09:30:00+00:00,195.53,199.13,193.57,197.1,34212.0,MSFT
2023-02-25 09:30:00+00:00,495.14,498.28,489.19,492.91,38463.0,SPY
2023-02-25 10:30:00+00:00,170.1,173.04,169.21,171.85,98398.0,AAPL
2023-02-25 10:30:00+00:00,197.43,203.98,194.46,201.1,45967.0,MSFT
2023-02-25 10:30:00+00:00,493.62,503.71,472.01,482.73,17833.0,SPY
2023-02-25 11:30:00+00:00,171.46,175.39,169.77,173.67,26853.0,AAPL
2023-02-25 11:30:00+00:00,201.27,203.41,200.31,202.29,31065.0,MSFT
2023-02-25 11:30:00+00:00,483.47,485.22,479.4,481.71,76471.0,SPY
2023-02-25 12:30:00+00:00,173.7,180.33,171.26,177.26,24481.0,AAPL
2023-02-25 12:30:00+00:00,202.85,208.6,200.41,205.76,134125.0,MSFT
2023-02-25 12:30:00+00:00,481.3,484.97,477.63,480.26,28559.0,SPY
2023-02-25 13:30:00+00:00,177.52,178.42,175.68,176.52,111953.0,AAPL
2023-02-25 13:30:00+00:00,205.8,212.06,203.35,208.81,142059.0,MSFT
2023-02-25 13:30:00+00:00,480.48,484.64,471.29,475.69,29440.0,SPY
2023-02-25 14:30:00+00:00,175.96,178.17,170.51,173.09,110272.0,AAPL
2023-02-25 14:30:00+00:00,208.99,210.15,204.83,207.08,20326.0,MSFT
2023-02-25 14:30:00+00:00,474.61,479.54,459.54,465.89,46045.0,SPY
2023-02-25 15:30:00+00:00,172.97,174.38,166.49,169.33,90318.0,AAPL
2023-02-25 15:30:00+00:00,206.49,209.02,202.02,203.72,31305.0,MSFT
2023-02-25 15:30:00+00:00,466.14,472.33,455.79,460.75,29400.0,SPY
2023-02-25 16:30:00+00:00,169.39,182.49,166.83,176.19,81367.0,AAPL
2023-02-25 16:30:00+00:00,203.59,205.14,198.92,200.52,42183.0,MSFT
2023-02-25 16:30:00+00:00,458.87,461.71,455.57,456.76,24178.0,SPY
2023-02-25 17:30:00+00:00,175.91,179.17,174.78,177.29,41911.0,AAPL
2023-02-25 17:30:00+00:00,200.31,201.67,199.69,200.94,35142.0,MSFT
2023-02-25 17:30:00+00:00,456.87,480.37,451.97,469.76,38490.0,SPY
2023-02-25 18:30:00+00:00,177.56,178.78,176.12,176.86,67945.0,AAPL
2023-02-25 18:30:00+00:00,200.55,206.2,188.11,193.64,56511.0,MSFT
2023-02-25 18:30:00+00:00,470.0,476.78,466.99,472.64,35928.0,SPY
2023-02-25 19:30:00+00:00,177.0,179.63,175.75,178.56,27693.0,AAPL
2023-02-25 19:30:00+00:00,193.96,205.34,190.43,201.63,36517.0,MSFT
2023-02-25 19:30:00+00:00,471.49,477.6,468.14,474.52,30759.0,SPY
2023-02-25 20:30:00+00:00,178.1,180.86,173.21,175.2,37679.0,AAPL
2023-02-25 20:30:00+00:00,201.53,206.09,200.46,203.66,87220.0,MSFT
2023-02-25 20:30:00+00:00,474.72,484.71,469.71,479.75,76629.0,SPY
2023-02-25 21:30:00+00:00,175.32,176.52,174.63,175.88,20997.0,AAPL
2023-02-25 21:30:00+00:00,203.74,207.06,202.11,205.16,43077.0,MSFT
2023-02-25 21:30:00+00:00,479.56,490.71,476.06,485.42,21359.0,SPY
2023-02-25 22:30:00+00:00,175.63,186.16,171.03,182.3,25111.0,AAPL
2023-02-25 22:30:00+00:00,205.38,206.3,203.27,204.41,60571.0,MSFT
2023-02-25 22:30:00+00:00,485.44,488.12,478.88,481.36,78139.0,SPY
2023-02-25 23:30:00+00:00,182.25,183.37,178.86,180.6,58302.0,AAPL
2023-02-25 23:30:00+00:00,204.7,205.38,203.89,204.87,70778.0,MSFT
2023-02-25 23:30:00+00:00,481.84,488.91,478.91,486.87,40376.0,SPY
2023-02-26 00:30:00+00:00,180.56,185.97,166.64,172.72,46752.0,AAPL
2023-02-26 00:30:00+00:00,204.82,210.85,202.28,207.75,99632.0,MSFT
2023-02-26 00:30:00+00:00,487.24,499.81,464.8,474.53,59929.0,SPY
2023-02-26 01:30:00+00:00,172.93,177.07,164.92,168.52,76688.0,AAPL
2023-02-26 01:30:00+00:00,207.12,207.86,206.56,207.4,49665.0,MSFT
2023-02-26 01:30:00+00:00,474.03,497.8,468.81,485.58,50805.0,SPY
2023-02-26 02:30:00+00:00,168.38,170.78,167.09,169.34,37597.0,AAPL
2023-02-26 02:30:00+00:00,207.44,209.43,203.39,204.6,33803.0,MSFT
2023-02-26 02:30:00+00:00,485.79,507.41,475.79,498.74,28470.0,SPY
2023-02-26 03:30:00+00:00,169.39,171.99,167.66,170.9,53329.0,AAPL
2023-02-26 03:30:00+00:00,204.41,211.24,200.49,209.11,24081.0,MSFT
2023-02-26 03:30:00+00:00,499.63,520.16,493.81,509.81,66585.0,SPY
2023-02-26 04:30:00+00:00,171.31,171.66,170.98,171.35,49853.0,AAPL
2023-02-26 04:30:00+00:00,208.98,209.84,207.24,207.83,33242.0,MSFT
2023-02-26 04:30:00+00:00,510.46,513.25,504.96,507.97,37901.0,SPY
2023-02-26 05:30:00+00:00,171.37,172.95,170.02,171.83,40015.0,AAPL
2023-02-26 05:30:00+00:00,207.96,211.99,206.92,210.07,59621.0,MSFT
2023-02-26 05:30:00+00:00,508.78,526.73,503.04,520.26,48313.0,SPY
2023-02-26 06:30:00+00:00,171.83,172.03,171.2,171.64,24898.0,AAPL
2023-02-26 06:30:00+00:00,209.87,211.35,208.7,210.2,89917.0,MSFT
2023-02-26 06:30:00+00:00,520.21,524.02,514.19,518.45,57558.0,SPY
2023-02-26 07:30:00+00:00,172.04,175.12,164.32,167.83,54423.0,AAPL
2023-02-26 07:30:00+00:00,210.22,211.82,206.9,208.37,35821.0,MSFT
2023-02-26 07:30:00+00:00,517.84,521.36,512.61,516.21,74594.0,SPY
2023-02-26 08:30:00+00:00,167.38,168.75,163.86,165.45,33692.0,AAPL
2023-02-26 08:30:00+00:00,207.97,211.96,198.4,200.99,21780.0,MSFT
2023-02-26 08:30:00+00:00,516.2,530.05,487.37,498.08,39406.0,SPY
2023-02-26 09:30:00+00:00,165.37,166.6,161.64,163.26,27098.0,AAPL
2023-02-26 09:30:00+00:00,200.74,207.84,198.89,204.78,105387.0,MSFT
2023-02-26 09:30:00+00:00,498.39,503.64,486.24,491.78,96120.0,SPY
2023-02-26 10:30:00+00:00,163.39,164.65,160.37,161.5,79393.0,AAPL
2023-02-26 10:30:00+00:00,204.64,206.65,199.96,201.34,93929.0,MSFT
2023-02-26 10:30:00+00:00,492.22,495.67,491.11,494.14,49549.0,SPY
2023-02-26 11:30:00+00:00,161.39,162.32,158.93,160.26,48280.0,AAPL
2023-02-26 11:30:00+00:00,201.16,204.38,200.15,202.63,50678.0,MSFT
2023-02-26 11:30:00+00:00,493.2,510.46,484.4,501.19,21921.0,SPY
2023-02-26 12:30:00+00:00,160.01,163.98,152.28,155.46,22762.0,AAPL
2023-02-26 12:30:00+00:00,202.46,204.06,199.03,200.61,128673.0,MSFT
2023-02-26 12:30:00+00:00,500.79,510.55,495.1,505.9,44070.0,SPY
2023-02-26 13:30:00+00:00,155.26,155.75,154.0,154.43,102500.0,AAPL
2023-02-26 13:30:00+00:00,200.99,206.59,198.79,203.93,46020.0,MSFT
2023-02-26 13:30:00+00:00,503.98,524.03,496.38,516.11,91240.0,SPY
2023-02-26 14:30:00+00:00,154.09,154.84,151.96,152.96,38671.0,AAPL
2023-02-26 14:30:00+00:00,204.41,205.42,203.86,204.85,42539.0,MSFT
2023-02-26 14:30:00+00:00,517.03,523.12,514.91,520.55,100971.0,SPY
2023-02-26 15:30:00+00:00,152.94,153.66,151.85,152.5,18515.0,AAPL
2023-02-26 15:30:00+00:00,204.58,207.44,197.08,200.92,61508.0,MSFT
2023-02-26 15:30:00+00:00,521.95,525.49,507.89,515.64,70610.0,SPY
2023-02-26 16:30:00+00:00,152.41,159.16,150.62,156.43,79259.0,AAPL
2023-02-26 16:30:00+00:00,200.74,202.22,199.0,200.13,67078.0,MSFT
2023-02-26 16:30:00+00:00,515.74,525.99,498.94,504.01,54186.0,SPY
2023-02-26 17:30:00+00:00,156.56,158.23,152.63,154.01,39404.0,AAPL
2023-02-26 17:30:00+00:00,200.39,207.43,198.63,205.69,185282.0,MSFT
2023-02-26 17:30:00+00:00,503.43,504.86,499.84,502.03,67329.0,SPY
2023-02-26 18:30:00+00:00,153.95,158.45,152.1,156.06,67515.0,AAPL
2023-02-26 18:30:00+00:00,205.56,209.36,203.38,207.21,47626.0,MSFT
2023-02-26 18:30:00+00:00,501.71,505.34,499.97,502.38,57587.0,SPY
2023-02-26 19:30:00+00:00,156.15,165.86,151.03,161.44,48100.0,AAPL
2023-02-26 19:30:00+00:00,207.34,214.44,202.99,212.11,33952.0,MSFT
2023-02-26 19:30:00+00:00,502.4,519.19,498.3,511.81,50982.0,SPY
2023-02-26 20:30:00+00:00,161.6,165.15,153.64,156.54,27678.0,AAPL
2023-02-26 20:30:00+00:00,212.3,214.18,210.64,213.23,34248.0,MSFT
2023-02-26 20:30:00+00:00,511.3,521.21,508.63,516.0,37392.0,SPY
2023-02-26 21:30:00+00:00,156.73,161.54,155.59,159.86,52263.0,AAPL
2023-02-26 21:30:00+00:00,213.99,222.32,210.29,219.29,65081.0,MSFT
2023-02-26 21:30:00+00:00,516.68,547.0,508.06,537.57,20563.0,SPY
2023-02-26 22:30:00+00:00,159.92,164.58,158.51,162.35,60353.0,AAPL
2023-02-26 22:30:00+00:00,219.13,221.01,213.15,216.24,36030.0,MSFT
2023-02-26 22:30:00+00:00,538.68,541.52,525.09,531.57,49576.0,SPY
2023-02-26 23:30:00+00:00,162.54,163.13,161.76,162.73,24985.0,AAPL
2023-02-26 23:30:00+00:00,216.02,222.29,213.78,219.14,60663.0,MSFT
2023-02-26 23:30:00+00:00,531.14,537.32,521.38,525.31,11195.0,SPY
2023-02-27 00:30:00+00:00,162.85,163.37,162.27,163.03,38547.0,AAPL
2023-02-27 00:30:00+00:00,219.92,220.66,218.63,219.77,36870.0,MSFT
2023-02-27 00:30:00+00:00,524.39,527.04,522.77,524.14,79221.0,SPY
2023-02-27 01:30:00+00:00,162.87,167.19,161.74,165.99,34513.0,AAPL
2023-02-27 01:30:00+00:00,220.07,220.73,218.69,219.32,17386.0,MSFT
2023-02-27 01:30:00+00:00,525.13,535.8,497.73,509.39,17335.0,SPY
2023-02-27 02:30:00+00:00,166.32,174.52,162.82,170.94,32918.0,AAPL
2023-02-27 02:30:00+00:00,219.53,222.08,212.32,215.74,38621.0,MSFT
2023-02-27 02:30:00+00:00,508.48,519.74,503.2,516.61,64330.0,SPY
2023-02-27 03:30:00+00:00,171.08,171.94,169.71,170.71,24928.0,AAPL
2023-02-27 03:30:00+00:00,215.56,218.86,203.75,209.15,74956.0,MSFT
2023-02-27 03:30:00+00:00,517.76,518.78,514.89,516.12,47037.0,SPY
2023-02-27 04:30:00+00:00,170.56,172.55,169.36,171.59,30089.0,AAPL
2023-02-27 04:30:00+00:00,208.88,211.32,207.86,210.33,51339.0,MSFT
2023-02-27 04:30:00+00:00,514.69,530.38,508.86,523.42,48777.0,SPY
2023-02-27 05:30:00+00:00,171.78,172.77,169.95,170.72,47522.0,AAPL
2023-02-27 05:30:00+00:00,210.35,212.54,209.6,211.33,50356.0,MSFT
2023-02-27 05:30:00+00:00,522.85,528.65,520.53,525.58,22567.0,SPY
2023-02-27 06:30:00+00:00,171.04,172.35,167.44,168.67,56120.0,AAPL
2023-02-27 06:30:00+00:00,211.26,213.48,202.97,206.68,26782.0,MSFT
2023-02-27 06:30:00+00:00,525.02,527.29,520.58,523.27,62472.0,SPY
2023-02-27 07:30:00+00:00,168.99,169.7,167.61,168.06,37564.0,AAPL
2023-02-27 07:30:00+00:00,206.41,207.49,204.25,205.31,24734.0,MSFT
2023-02-27 07:30:00+00:00,522.45,525.51,516.72,519.19,72846.0,SPY
2023-02-27 08:30:00+00:00,168.06,169.1,165.94,167.15,22074.0,AAPL
2023-02-27 08:30:00+00:00,205.14,206.32,204.35,205.43,58568.0,MSFT
2023-02-27 08:30:00+00:00,518.76,551.61,511.16,536.23,72557.0,SPY
2023-02-27 09:30:00+00:00,166.82,168.44,166.12,167.47,42408.0,AAPL
2023-02-27 09:30:00+00:00,205.44,208.42,203.8,206.82,27708.0,MSFT
2023-02-27 09:30:00+00:00,537.0,538.26,532.13,534.59,70555.0,SPY
2023-02-27 10:30:00+00:00,167.42,168.98,164.78,166.05,62662.0,AAPL
2023-02-27 10:30:00+00:00,207.02,208.32,203.94,205.05,47878.0,MSFT
2023-02-27 10:30:00+00:00,535.04,539.2,532.08,536.2,78468.0,SPY
2023-02-27 11:30:00+00:00,166.14,170.85,164.82,168.85,53675.0,AAPL
2023-02-27 11:30:00+00:00,205.14,206.2,202.41,203.7,49387.0,MSFT
2023-02-27 11:30:00+00:00,536.19,538.73,534.06,536.78,50560.0,SPY
2023-02-27 12:30:00+00:00,169.34,170.35,167.57,168.79,55434.0,AAPL
2023-02-27 12:30:00+00:00,203.79,205.43,202.85,204.7,163723.0,MSFT
2023-02-27 12:30:00+00:00,537.58,541.35,531.63,534.74,54516.0,SPY
2023-02-27 13:30:00+00:00,168.8,169.99,168.06,168.93,73598.0,AAPL
2023-02-27 13:30:00+00:00,205.0,205.61,204.16,204.76,33597.0,MSFT
2023-02-27 13:30:00+00:00,534.4,543.79,529.67,540.53,67205.0,SPY
2023-02-27 14:30:00+00:00,168.98,169.69,167.89,168.58,19980.0,AAPL
2023-02-27 14:30:00+00:00,204.69,207.58,198.58,201.03,20246.0,MSFT
2023-02-27 14:30:00+00:00,539.73,555.41,535.29,546.73,58949.0,SPY
2023-02-27 15:30:00+00:00,168.99,174.06,167.28,172.22,45658.0,AAPL
2023-02-27 15:30:00+00:00,201.03,203.86,199.96,202.89,51666.0,MSFT
2023-02-27 15:30:00+00:00,547.99,559.45,525.3,534.26,49664.0,SPY
2023-02-27 16:30:00+00:00,172.4,173.35,170.92,171.77,104712.0,AAPL
2023-02-27 16:30:00+00:00,202.98,204.74,199.19,201.49,53568.0,MSFT
2023-02-27 16:30:00+00:00,534.12,550.21,525.19,543.95,35524.0,SPY
2023-02-27 17:30:00+00:00,171.89,174.63,170.18,173.29,213777.0,AAPL
2023-02-27 17:30:00+00:00,201.19,204.14,199.75,202.67,29730.0,MSFT
2023-02-27 17:30:00+00:00,543.45,544.18,541.96,543.25,15269.0,SPY
2023-02-27 18:30:00+00:00,173.1,173.82,171.92,172.82,41801.0,AAPL
2023-02-27 18:30:00+00:00,202.97,205.18,202.16,203.99,28415.0,MSFT
2023-02-27 18:30:00+00:00,544.22,546.78,542.28,545.54,21598.0,SPY
2023-02-27 19:30:00+00:00,172.54,181.73,169.94,177.85,35225.0,AAPL
2023-02-27 19:30:00+00:00,203.45,207.95,201.97,205.94,82998.0,MSFT
2023-02-27 19:30:00+00:00,546.1,551.02,539.21,542.42,50640.0,SPY
2023-02-27 20:30:00+00:00,177.57,178.17,176.17,177.17,30449.0,AAPL
2023-02-27 20:30:00+00:00,205.93,208.28,201.96,203.81,42987.0,MSFT
2023-02-27 20:30:00+00:00,541.69,551.95,537.32,546.87,166068.0,SPY
2023-02-27 21:30:00+00:00,177.02,182.2,174.77,179.49,36518.0,AAPL
2023-02-27 21:30:00+00:00,204.22,205.26,202.8,203.43,17520.0,MSFT
2023-02-27 21:30:00+00:00,544.61,563.99,540.2,555.16,94124.0,SPY
2023-02-27 22:30:00+00:00,179.31,182.84,176.82,181.66,93839.0,AAPL
2023-02-27 22:30:00+00:00,203.28,208.58,200.52,206.27,43522.0,MSFT
2023-02-27 22:30:00+00:00,555.77,557.42,553.78,556.13,50292.0,SPY
2023-02-27 23:30:00+00:00,181.37,182.27,181.01,181.56,60952.0,AAPL
2023-02-27 23:30:00+00:00,206.0,211.84,192.59,197.81,26723.0,MSFT
2023-02-27 23:30:00+00:00,556.53,562.9,546.8,549.51,73438.0,SPY
2023-02-28 00:30:00+00:00,181.54,186.58,178.75,184.23,79757.0,AAPL
2023-02-28 00:30:00+00:00,197.8,199.26,194.47,195.74,25140.0,MSFT
2023-02-28 00:30:00+00:00,548.72,551.23,544.25,547.94,45536.0,SPY
2023-02-28 01:30:00+00:00,184.15,185.37,183.72,184.54,44306.0,AAPL
2023-02-28 01:30:00+00:00,195.77,199.02,185.95,190.01,79546.0,MSFT
2023-02-28 01:30:00+00:00,546.85,550.93,545.26,549.73,117443.0,SPY
2023-02-28 02:30:00+00:00,184.32,185.39,182.46,183.27,52569.0,AAPL
2023-02-28 02:30:00+00:00,190.25,191.73,188.5,189.22,48909.0,MSFT
2023-02-28 02:30:00+00:00,549.07,559.99,527.41,533.6,92942.0,SPY
2023-02-28 03:30:00+00:00,183.68,188.9,172.15,177.48,43745.0,AAPL
2023-02-28 03:30:00+00:00,189.82,191.48,186.95,188.51,32615.0,MSFT
2023-02-28 03:30:00+00:00,532.37,535.95,521.31,524.98,68461.0,SPY
2023-02-28 04:30:00+00:00,177.49,179.37,173.05,174.64,75483.0,AAPL
2023-02-28 04:30:00+00:00,188.24,191.81,186.94,190.24,43038.0,MSFT
2023-02-28 04:30:00+00:00,524.61,526.37,521.93,523.72,43607.0,SPY
2023-02-28 05:30:00+00:00,174.7,176.47,172.78,173.59,28096.0,AAPL
2023-02-28 05:30:00+00:00,190.64,195.9,188.52,194.03,34497.0,MSFT
2023-02-28 05:30:00+00:00,523.44,528.81,503.26,512.87,52268.0,SPY
2023-02-28 06:30:00+00:00,173.33,175.02,169.95,171.95,42987.0,AAPL
2023-02-28 06:30:00+00:00,193.4,194.25,192.01,193.2,45218.0,MSFT
2023-02-28 06:30:00+00:00,512.3,520.93,480.89,490.56,101711.0,SPY
2023-02-28 07:30:00+00:00,172.16,173.88,171.45,173.15,39235.0,AAPL
2023-02-28 07:30:00+00:00,193.44,200.36,190.23,197.42,75852.0,MSFT
2023-02-28 07:30:00+00:00,490.4,494.02,484.98,487.42,20377.0,SPY
2023-02-28 08:30:00+00:00,173.08,174.15,170.48,171.75,74020.0,AAPL
2023-02-28 08:30:00+00:00,197.34,198.7,191.39,194.36,49799.0,MSFT
2023-02-28 08:30:00+00:00,488.52,492.1,478.9,483.15,49447.0,SPY
2023-02-28 09:30:00+00:00,171.4,174.07,170.47,172.66,32693.0,AAPL
2023-02-28 09:30:00+00:00,193.93,196.64,192.35,195.63,51273.0,MSFT
2023-02-28 09:30:00+00:00,483.04,489.83,478.62,487.42,64833.0,SPY
2023-02-28 10:30:00+00:00,172.22,177.92,170.66,175.38,97702.0,AAPL
2023-02-28 10:30:00+00:00,196.15,199.74,194.45,197.94,41041.0,MSFT
2023-02-28 10:30:00+00:00,488.04,491.51,481.07,484.56,38667.0,SPY
2023-02-28 11:30:00+00:00,175.63,176.43,173.83,175.02,50253.0,AAPL
2023-02-28 11:30:00+00:00,198.01,203.15,195.45,201.48,76701.0,MSFT
2023-02-28 11:30:00+00:00,484.65,485.64,483.31,484.58,82210.0,SPY
2023-02-28 12:30:00+00:00,175.14,179.61,166.39,168.81,42188.0,AAPL
2023-02-28 12:30:00+00:00,201.21,206.72,191.23,194.7,88979.0,MSFT
2023-02-28 12:30:00+00:00,485.77,498.58,446.03,463.47,87511.0,SPY
2023-02-28 13:30:00+00:00,168.79,172.89,166.83,170.93,128519.0,AAPL
2023-02-28 13:30:00+00:00,195.04,201.37,192.9,198.97,50382.0,MSFT
2023-02-28 13:30:00+00:00,463.59,468.46,454.59,459.52,42164.0,SPY
2023-02-28 14:30:00+00:00,170.99,171.63,170.15,170.57,70358.0,AAPL
2023-02-28 14:30:00+00:00,198.6,204.03,195.11,202.12,41663.0,MSFT
2023-02-28 14:30:00+00:00,459.39,460.78,457.48,459.76,42412.0,SPY
2023-02-28 15:30:00+00:00,170.77,172.4,168.57,169.47,48166.0,AAPL
2023-02-28 15:30:00+00:00,202.38,203.64,198.31,199.67,46246.0,MSFT
2023-02-28 15:30:00+00:00,460.13,475.5,455.64,468.55,46648.0,SPY
2023-02-28 16:30:00+00:00,169.34,170.68,168.56,170.19,83209.0,AAPL
2023-02-28 16:30:00+00:00,199.59,200.74,197.0,197.95,37105.0,MSFT
2023-02-28 16:30:00+00:00,467.7,484.05,463.9,477.04,118571.0,SPY
2023-02-28 17:30:00+00:00,169.93,178.45,166.5,174.28,73074.0,AAPL
2023-02-28 17:30:00+00:00,198.56,200.38,191.45,194.83,102435.0,MSFT
2023-02-28 17:30:00+00:00,477.66,482.54,471.19,473.99,62995.0,SPY
2023-02-28 18:30:00+00:00,174.69,177.32,173.87,176.17,73954.0,AAPL
2023-02-28 18:30:00+00:00,194.05,196.42,189.89,191.5,75620.0,MSFT
2023-02-28 18:30:00+00:00,474.35,476.37,468.76,471.82,128991.0,SPY
2023-02-28 19:30:00+00:00,176.49,180.29,165.86,170.55,68021.0,AAPL
2023-02-28 19:30:00+00:00,191.92,196.78,189.35,194.55,81569.0,MSFT
2023-02-28 19:30:00+00:00,472.55,477.47,470.31,475.19,61588.0,SPY
2023-02-28 20:30:00+00:00,170.26,172.39,164.59,167.33,52675.0,AAPL
2023-02-28 20:30:00+00:00,194.43,196.57,188.72,191.41,61963.0,MSFT
2023-02-28 20:30:00+00:00,475.38,482.19,472.93,479.28,56799.0,SPY
2023-02-28 21:30:00+00:00,167.47,168.32,165.95,166.64,40015.0,AAPL
2023-02-28 21:30:00+00:00,191.62,194.39,186.29,188.29,13573.0,MSFT
2023-02-28 21:30:00+00:00,479.1,487.85,477.22,483.93,88158.0,SPY
2023-02-28 22:30:00+00:00,166.58,167.09,165.75,166.16,113144.0,AAPL
2023-02-28 22:30:00+00:00,188.35,190.41,187.71,189.57,42985.0,MSFT
2023-02-28 22:30:00+00:00,483.65,502.77,475.78,493.62,35516.0,SPY
2023-02-28 23:30:00+00:00,165.87,170.96,163.76,168.5,51043.0,AAPL
2023-02-28 23:30:00+00:00,190.02,190.73,188.66,189.64,51965.0,MSFT
2023-02-28 23:30:00+00:00,493.58,497.89,483.99,487.11,53448.0,SPY
2023-03-01 00:30:00+00:00,168.87,172.98,166.69,171.27,43603.0,AAPL
2023-03-01 00:30:00+00:00,189.45,198.79,186.43,194.2,55428.0,MSFT
2023-03-01 00:30:00+00:00,487.65,496.83,482.0,491.29,106575.0,SPY
2023-03-01 01:30:00+00:00,171.1,177.22,167.66,174.67,30397.0,AAPL
2023-03-01 01:30:00+00:00,194.48,195.28,192.04,193.45,49221.0,MSFT
2023-03-01 01:30:00+00:00,490.66,510.75,480.47,503.14,32196.0,SPY
2023-03-01 02:30:00+00:00,174.77,177.85,169.25,170.99,182530.0,AAPL
2023-03-01 02:30:00+00:00,193.5,197.98,191.33,195.89,87128.0,MSFT
2023-03-01 02:30:00+00:00,501.3,510.44,498.85,506.61,52999.0,SPY
2023-03-01 03:30:00+00:00,171.5,172.63,167.61,168.84,50298.0,AAPL
2023-03-01 03:30:00+00:00,195.61,196.41,195.13,195.95,93944.0,MSFT
2023-03-01 03:30:00+00:00,506.42,510.56,504.96,508.28,83769.0,SPY
2023-03-01 04:30:00+00:00,169.11,171.67,167.53,170.56,87514.0,AAPL
2023-03-01 04:30:00+00:00,195.88,204.31,193.81,200.6,36451.0,MSFT
2023-03-01 04:30:00+00:00,508.11,509.5,506.12,507.88,44597.0,SPY
2023-03-01 05:30:00+00:00,170.67,172.12,167.84,168.93,25328.0,AAPL
2023-03-01 05:30:00+00:00,201.08,203.47,199.62,202.31,14566.0,MSFT
2023-03-01 05:30:00+00:00,508.25,510.85,503.31,506.29,42573.0,SPY
2023-03-01 06:30:00+00:00,168.52,173.23,166.77,171.57,54009.0,AAPL
2023-03-01 06:30:00+00:00,201.87,207.55,198.31,205.9,51287.0,MSFT
2023-03-01 06:30:00+00:00,505.75,518.99,502.69,512.35,36028.0,SPY
2023-03-01 07:30:00+00:00,171.6,176.85,168.73,174.64,68284.0,AAPL
2023-03-01 07:30:00+00:00,205.64,206.06,205.46,205.67,64045.0,MSFT
2023-03-01 07:30:00+00:00,512.2,516.4,509.5,513.84,37938.0,SPY
2023-03-01 08:30:00+00:00,174.77,175.3,173.42,174.03,51148.0,AAPL
2023-03-01 08:30:00+00:00,205.31,206.26,203.81,204.78,31826.0,MSFT
2023-03-01 08:30:00+00:00,512.43,521.14,508.44,516.74,72882.0,SPY
2023-03-01 09:30:00+00:00,174.05,174.57,173.55,174.09,48228.0,AAPL
2023-03-01 09:30:00+00:00,204.92,207.77,195.13,199.42,114928.0,MSFT
2023-03-01 09:30:00+00:00,516.42,526.19,511.91,522.04,99835.0,SPY
2023-03-01 10:30:00+00:00,174.04,177.7,172.23,176.27,33105.0,AAPL
2023-03-01 10:30:00+00:00,199.55,203.55,197.31,202.19,48443.0,MSFT
2023-03-01 10:30:00+00:00,520.05,534.13,511.9,529.73,82622.0,SPY
2023-03-01 11:30:00+00:00,176.18,179.55,175.11,178.21,52807.0,AAPL
2023-03-01 11:30:00+00:00,202.01,204.09,198.78,200.59,52431.0,MSFT
2023-03-01 11:30:00+00:00,528.47,531.08,524.23,526.11,25809.0,SPY
2023-03-01 12:30:00+00:00,178.51,185.31,176.38,182.09,131063.0,AAPL
2023-03-01 12:30:00+00:00,200.65,201.88,199.48,200.58,42682.0,MSFT
2023-03-01 12:30:00+00:00,526.45,538.37,518.21,534.69,35266.0,SPY
2023-03-01 13:30:00+00:00,182.3,184.51,180.94,183.86,58743.0,AAPL
2023-03-01 13:30:00+00:00,200.3,207.19,198.35,204.75,40039.0,MSFT
2023-03-01 13:30:00+00:00,535.42,537.23,529.5,532.73,170881.0,SPY
2023-03-01 14:30:00+00:00,183.6,184.89,181.92,182.9,72545.0,AAPL
2023-03-01 14:30:00+00:00,204.91,205.85,201.68,203.62,25514.0,MSFT
2023-03-01 14:30:00+00:00,532.74,533.92,531.26,532.5,65487.0,SPY
2023-03-01 15:30:00+00:00,182.61,183.93,181.85,183.08,68453.0,AAPL
2023-03-01 15:30:00+00:00,203.94,205.0,200.09,201.93,32472.0,MSFT
2023-03-01 15:30:00+00:00,532.05,537.19,520.76,525.27,67533.0,SPY
2023-03-01 16:30:00+00:00,183.19,186.05,175.84,178.52,62829.0,AAPL
2023-03-01 16:30:00+00:00,202.22,205.37,197.2,198.89,63138.0,MSFT
2023-03-01 16:30:00+00:00,525.52,537.66,522.58,531.22,43126.0,SPY
2023-03-01 17:30:00+00:00,178.53,183.37,175.19,181.62,42585.0,AAPL
2023-03-01 17:30:00+00:00,199.04,205.96,196.34,202.77,31049.0,MSFT
2023-03-01 17:30:00+00:00,530.74,543.37,526.64,537.8,45923.0,SPY
2023-03-01 18:30:00+00:00,181.91,184.93,180.91,183.34,88968.0,AAPL
2023-03-01 18:30:00+00:00,203.16,205.01,201.91,204.09,51094.0,MSFT
2023-03-01 18:30:00+00:00,538.61,556.64,499.96,517.48,24862.0,SPY
2023-03-01 19:30:00+00:00,183.31,184.79,179.15,180.96,53381.0,AAPL
2023-03-01 19:30:00+00:00,203.81,210.41,202.04,208.09,50925.0,MSFT
2023-03-01 19:30:00+00:00,516.43,520.2,510.98,513.73,100414.0,SPY
2023-03-01 20:30:00+00:00,180.61,187.7,178.73,184.52,41442.0,AAPL
2023-03-01 20:30:00+00:00,207.66,208.35,206.41,207.14,113300.0,MSFT
2023-03-01 20:30:00+00:00,514.14,518.89,496.97,502.79,60453.0,SPY
2023-03-01 21:30:00+00:00,184.19,186.37,181.38,182.52,25953.0,AAPL
2023-03-01 21:30:00+00:00,207.54,209.6,203.35,205.0,21180.0,MSFT
2023-03-01 21:30:00+00:00,502.86,509.04,498.53,506.06,86165.0,SPY
2023-03-01 22:30:00+00:00,182.52,183.32,180.35,181.28,22820.0,AAPL
2023-03-01 22:30:00+00:00,205.37,209.23,202.37,208.03,17285.0,MSFT
2023-03-01 22:30:00+00:00,505.2,506.1,502.66,503.64,46437.0,SPY
2023-03-01 23:30:00+00:00,181.17,182.41,180.22,181.83,49817.0,AAPL
2023-03-01 23:30:00+00:00,207.05,207.42,206.6,207.08,52429.0,MSFT
2023-03-01 23:30:00+00:00,502.7,522.43,491.91,513.82,36883.0,SPY
2023-03-02 00:30:00+00:00,181.69,186.6,180.54,184.86,44391.0,AAPL
2023-03-02 00:30:00+00:00,207.12,209.92,198.81,201.3,79196.0,MSFT
2023-03-02 00:30:00+00:00,512.98,518.3,510.22,515.1,62988.0,SPY
2023-03-02 01:30:00+00:00,184.53,185.26,183.88,184.29,25577.0,AAPL
2023-03-02 01:30:00+00:00,201.38,204.7,200.34,203.14,108801.0,MSFT
2023-03-02 01:30:00+00:00,514.6,522.05,493.69,500.57,58773.0,SPY
2023-03-02 02:30:00+00:00,183.9,184.85,182.64,183.6,68140.0,AAPL
2023-03-02 02:30:00+00:00,203.45,204.19,202.65,203.19,33547.0,MSFT
2023-03-02 02:30:00+00:00,501.75,505.35,489.11,496.02,23775.0,SPY
2023-03-02 03:30:00+00:00,183.87,184.84,183.31,184.27,46560.0,AAPL
2023-03-02 03:30:00+00:00,203.03,205.2,202.11,204.12,119334.0,MSFT
2023-03-02 03:30:00+00:00,496.73,506.25,479.84,487.46,103543.0,SPY
2023-03-02 04:30:00+00:00,184.19,186.16,178.49,181.06,55829.0,AAPL
2023-03-02 04:30:00+00:00,203.7,213.73,201.73,208.92,32237.0,MSFT
2023-03-02 04:30:00+00:00,487.26,506.19,478.95,496.15,42133.0,SPY
2023-03-02 05:30:00+00:00,181.08,182.61,178.79,180.0,137128.0,AAPL
2023-03-02 05:30:00+00:00,208.92,209.92,208.09,209.51,38696.0,MSFT
2023-03-02 05:30:00+00:00,496.11,498.59,486.78,491.98,29866.0,SPY
2023-03-02 06:30:00+00:00,180.24,181.1,179.73,180.52,28649.0,AAPL
2023-03-02 06:30:00+00:00,209.97,211.43,204.95,206.72,62122.0,MSFT
2023-03-02 06:30:00+00:00,491.41,494.6,480.82,484.55,59142.0,SPY
2023-03-02 07:30:00+00:00,180.88,190.64,178.21,188.02,150163.0,AAPL
2023-03-02 07:30:00+00:00,207.31,210.42,201.94,204.46,42433.0,MSFT
2023-03-02 07:30:00+00:00,483.91,496.51,477.78,489.93,35135.0,SPY
2023-03-02 08:30:00+00:00,187.91,189.16,185.43,186.84,32009.0,AAPL
2023-03-02 08:30:00+00:00,204.43,206.82,199.03,201.85,62960.0,MSFT
2023-03-02 08:30:00+00:00,488.89,494.7,485.48,492.47,43851.0,SPY
2023-03-02 09:30:00+00:00,186.45,187.33,183.06,184.7,62185.0,AAPL
2023-03-02 09:30:00+00:00,201.68,203.79,200.3,202.9,35829.0,MSFT
2023-03-02 09:30:00+00:00,491.25,492.37,490.44,491.76,59508.0,SPY
2023-03-02 10:30:00+00:00,184.81,185.96,179.8,182.12,39214.0,AAPL
2023-03-02 10:30:00+00:00,202.54,210.8,200.8,207.01,23907.0,MSFT
2023-03-02 10:30:00+00:00,491.76,495.05,490.41,492.25,33953.0,SPY
2023-03-02 11:30:00+00:00,181.85,189.58,179.15,186.28,42381.0,AAPL
2023-03-02 11:30:00+00:00,207.11,210.15,205.52,208.52,70444.0,MSFT
2023-03-02 11:30:00+00:00,492.72,495.82,482.07,488.01,68070.0,SPY
2023-03-02 12:30:00+00:00,186.34,187.66,181.43,183.65,40860.0,AAPL
2023-03-02 12:30:00+00:00,208.85,210.79,200.33,204.04,78543.0,MSFT
2023-03-02 12:30:00+00:00,487.49,489.5,486.19,487.94,23607.0,SPY
2023-03-02 13:30:00+00:00,183.87,188.71,181.57,187.26,43493.0,AAPL
2023-03-02 13:30:00+00:00,204.26,205.47,200.82,202.32,58219.0,MSFT
2023-03-02 13:30:00+00:00,487.2,490.16,476.35,481.22,114096.0,SPY
2023-03-02 14:30:00+00:00,187.18,190.93,185.76,189.37,36163.0,AAPL
2023-03-02 14:30:00+00:00,202.72,204.43,197.15,199.44,27106.0,MSFT
2023-03-02 14:30:00+00:00,482.12,483.18,479.14,480.6,27308.0,SPY
2023-03-02 15:30:00+00:00,190.03,193.92,188.57,192.11,162174.0,AAPL
2023-03-02 15:30:00+00:00,199.49,200.53,198.48,199.23,70345.0,MSFT
2023-03-02 15:30:00+00:00,480.74,489.94,475.7,484.77,23709.0,SPY
2023-03-02 16:30:00+00:00,192.29,199.15,188.45,197.18,47523.0,AAPL
2023-03-02 16:30:00+00:00,198.77,200.26,195.98,197.52,64473.0,MSFT
2023-03-02 16:30:00+00:00,484.82,492.49,474.71,478.55,38053.0,SPY
2023-03-02 17:30:00+00:00,197.11,197.52,196.03,196.57,30715.0,AAPL
2023-03-02 17:30:00+00:00,196.88,197.41,196.11,197.04,54045.0,MSFT
2023-03-02 17:30:00+00:00,478.25,491.9,456.78,462.64,26199.0,SPY
2023-03-02 18:30:00+00:00,196.17,196.74,195.78,196.22,47872.0,AAPL
2023-03-02 18:30:00+00:00,197.53,198.05,195.85,196.59,68740.0,MSFT
2023-03-02 18:30:00+00:00,462.17,475.5,455.82,470.37,126161.0,SPY
2023-03-02 19:30:00+00:00,196.73,201.16,193.76,199.89,60852.0,AAPL
2023-03-02 19:30:00+00:00,196.94,199.13,192.56,194.65,25507.0,MSFT
2023-03-02 19:30:00+00:00,470.84,476.5,461.12,463.87,80035.0,SPY
2023-03-02 20:30:00+00:00,199.77,201.4,194.85,196.41,38638.0,AAPL
2023-03-02 20:30:00+00:00,194.31,196.42,186.88,189.44,73562.0,MSFT
2023-03-02 20:30:00+00:00,463.45,473.84,460.51,468.86,85510.0,SPY
2023-03-02 21:30:00+00:00,195.72,200.07,193.77,197.92,74128.0,AAPL
2023-03-02 21:30:00+00:00,189.72,192.68,188.9,190.97,44575.0,MSFT
2023-03-02 21:30:00+00:00,469.26,475.07,458.92,463.26,85619.0,SPY
2023-03-02 22:30:00+00:00,198.29,200.4,197.13,199.47,42064.0,AAPL
2023-03-02 22:30:00+00:00,191.19,191.63,190.65,191.02,85900.0,MSFT
2023-03-02 22:30:00+00:00,462.74,469.07,458.99,465.67,38816.0,SPY
2023-03-02 23:30:00+00:00,199.15,200.85,194.46,196.28,19822.0,AAPL
2023-03-02 23:30:00+00:00,191.15,198.41,187.03,195.12,49434.0,MSFT
2023-03-02 23:30:00+00:00,466.71,469.47,459.38,462.45,37254.0,SPY
2023-03-03 00:30:00+00:00,196.17,197.46,194.62,195.44,82486.0,AAPL
2023-03-03 00:30:00+00:00,195.27,201.48,193.65,198.53,60676.0,MSFT
2023-03-03 00:30:00+00:00,461.8,465.6,455.61,458.58,44688.0,SPY
2023-03-03 01:30:00+00:00,195.42,202.88,192.36,199.35,113349.0,AAPL
2023-03-03 01:30:00+00:00,198.12,199.26,197.6,198.69,36308.0,MSFT
2023-03-03 01:30:00+00:00,458.31,461.2,449.82,453.44,57886.0,SPY
2023-03-03 02:30:00+00:00,198.94,199.84,197.74,198.93,67049.0,AAPL
2023-03-03 02:30:00+00:00,198.62,201.71,192.64,195.11,22948.0,MSFT
2023-03-03 02:30:00+00:00,453.36,463.7,447.31,459.96,46129.0,SPY
2023-03-03 03:30:00+00:00,199.5,200.44,197.02,198.51,56163.0,AAPL
2023-03-03 03:30:00+00:00,194.37,196.03,193.43,195.2,28312.0,MSFT
2023-03-03 03:30:00+00:00,459.95,471.82,456.57,466.75,41047.0,SPY
2023-03-03 04:30:00+00:00,198.9,203.98,196.05,201.58,49010.0,AAPL
2023-03-03 04:30:00+00:00,195.23,197.59,191.84,192.8,33874.0,MSFT
2023-03-03 04:30:00+00:00,466.55,479.15,459.39,474.9,62170.0,SPY
2023-03-03 05:30:00+00:00,201.7,202.47,200.08,200.94,27132.0,AAPL
2023-03-03 05:30:00+00:00,192.7,193.06,192.52,192.73,27488.0,MSFT
2023-03-03 05:30:00+00:00,475.65,482.39,472.8,478.47,52771.0,SPY
2023-03-03 06:30:00+00:00,200.7,203.24,199.54,202.31,97673.0,AAPL
2023-03-03 06:30:00+00:00,192.93,194.19,188.35,190.67,35115.0,MSFT
2023-03-03 06:30:00+00:00,478.93,479.95,476.01,477.53,81652.0,SPY
2023-03-03 07:30:00+00:00,202.1,204.04,199.74,200.76,54619.0,AAPL
2023-03-03 07:30:00+00:00,190.75,198.64,187.84,195.62,49579.0,MSFT
2023-03-03 07:30:00+00:00,477.27,484.48,460.65,465.45,29763.0,SPY
2023-03-03 08:30:00+00:00,201.17,206.18,198.95,203.99,29603.0,AAPL
2023-03-03 08:30:00+00:00,195.7,197.0,193.95,194.64,58415.0,MSFT
2023-03-03 08:30:00+00:00,466.11,468.86,456.06,460.09,41241.0,SPY
2023-03-03 09:30:00+00:00,203.57,204.19,203.02,203.33,105375.0,AAPL
2023-03-03 09:30:00+00:00,195.06,197.62,194.03,196.45,34474.0,MSFT
2023-03-03 09:30:00+00:00,460.48,467.47,456.72,462.86,39437.0,SPY
2023-03-03 10:30:00+00:00,203.37,204.43,202.25,202.81,134053.0,AAPL
2023-03-03 10:30:00+00:00,196.52,198.62,190.47,192.94,24284.0,MSFT
2023-03-03 10:30:00+00:00,462.45,466.33,454.81,459.08,40679.0,SPY
2023-03-03 11:30:00+00:00,203.09,204.51,198.77,200.46,50140.0,AAPL
2023-03-03 11:30:00+00:00,192.44,194.81,190.69,193.36,62203.0,MSFT
2023-03-03 11:30:00+00:00,457.85,459.89,450.53,453.83,86888.0,SPY
2023-03-03 12:30:00+00:00,200.23,207.59,196.71,205.02,66980.0,AAPL
2023-03-03 12:30:00+00:00,193.45,199.19,191.48,197.44,55901.0,MSFT
2023-03-03 12:30:00+00:00,453.02,461.7,448.18,457.65,53347.0,SPY
2023-03-03 13:30:00+00:00,205.06,207.8,199.51,202.24,34047.0,AAPL
2023-03-03 13:30:00+00:00,197.22,199.76,195.59,198.08,25475.0,MSFT
2023-03-03 13:30:00+00:00,456.38,457.99,453.9,455.3,24951.0,SPY
2023-03-03 14:30:00+00:00,202.54,204.7,195.88,198.73,69091.0,AAPL
2023-03-03 14:30:00+00:00,197.37,198.34,194.76,196.23,83843.0,MSFT
2023-03-03 14:30:00+00:00,456.17,462.58,453.42,458.72,53280.0,SPY
2023-03-03 15:30:00+00:00,199.0,205.52,196.12,202.47,41823.0,AAPL
2023-03-03 15:30:00+00:00,196.29,200.6,194.09,198.3,46341.0,MSFT
2023-03-03 15:30:00+00:00,458.74,460.15,457.28,458.61,52704.0,SPY
2023-03-03 16:30:00+00:00,202.68,209.9,200.11,206.53,54387.0,AAPL
2023-03-03 16:30:00+00:00,198.78,199.77,198.26,198.97,105480.0,MSFT
2023-03-03 16:30:00+00:00,458.32,462.18,446.02,451.5,134258.0,SPY
2023-03-03 17:30:00+00:00,206.01,206.66,205.44,206.16,55398.0,AAPL
2023-03-03 17:30:00+00:00,198.79,204.07,195.94,201.87,45319.0,MSFT
2023-03-03 17:30:00+00:00,451.96,454.87,446.67,450.09,74042.0,SPY
2023-03-03 18:30:00+00:00,206.54,207.34,205.85,206.62,20810.0,AAPL
2023-03-03 18:30:00+00:00,201.95,207.45,200.46,205.51,64845.0,MSFT
2023-03-03 18:30:00+00:00,449.55,452.62,442.82,445.76,102813.0,SPY
2023-03-03 19:30:00+00:00,206.8,207.88,204.33,205.68,60148.0,AAPL
2023-03-03 19:30:00+00:00,206.12,207.29,202.85,204.74,32474.0,MSFT
2023-03-03 19:30:00+00:00,445.28,446.77,441.88,443.67,28924.0,SPY
2023-03-03 20:30:00+00:00,206.03,206.98,203.99,205.16,95230.0,AAPL
2023-03-03 20:30:00+00:00,204.37,214.52,200.65,210.92,53569.0,MSFT
2023-03-03 20:30:00+00:00,443.92,449.35,441.91,446.02,19608.0,SPY
2023-03-03 21:30:00+00:00,205.54,208.63,204.47,206.74,50227.0,AAPL
2023-03-03 21:30:00+00:00,211.22,219.78,206.74,215.66,34223.0,MSFT
2023-03-03 21:30:00+00:00,446.08,453.11,442.75,450.78,50301.0,SPY
2023-03-03 22:30:00+00:00,206.22,208.3,204.8,207.34,52819.0,AAPL
2023-03-03 22:30:00+00:00,215.98,219.87,214.9,217.75,45760.0,MSFT
2023-03-03 22:30:00+00:00,451.02,455.37,449.66,452.64,42604.0,SPY
2023-03-03 23:30:00+00:00,207.13,208.56,203.61,204.94,53011.0,AAPL
2023-03-03 23:30:00+00:00,217.9,220.54,213.49,215.09,21683.0,MSFT
2023-03-03 23:30:00+00:00,453.77,459.34,445.17,447.93,94812.0,SPY
2023-03-04 00:30:00+00:00,204.93,205.89,203.77,204.72,25274.0,AAPL
2023-03-04 00:30:00+00:00,214.61,221.29,211.4,218.86,66904.0,MSFT
2023-03-04 00:30:00+00:00,446.7,466.84,440.82,457.39,67866.0,SPY
2023-03-04 01:30:00+00:00,205.28,206.75,201.1,202.93,151456.0,AAPL
2023-03-04 01:30:00+00:00,219.4,220.73,217.29,218.5,58504.0,MSFT
2023-03-04 01:30:00+00:00,458.41,466.25,455.66,463.04,45065.0,SPY
2023-03-04 02:30:00+00:00,202.66,204.87,196.06,198.29,63405.0,AAPL
2023-03-04 02:30:00+00:00,218.45,221.43,216.89,219.76,130793.0,MSFT
2023-03-04 02:30:00+00:00,462.61,464.17,460.09,461.8,75948.0,SPY
2023-03-04 03:30:00+00:00,198.24,202.84,196.69,200.7,56625.0,AAPL
2023-03-04 03:30:00+00:00,219.86,220.92,218.85,219.48,43297.0,MSFT
2023-03-04 03:30:00+00:00,461.42,463.13,459.54,460.57,40945.0,SPY
2023-03-04 04:30:00+00:00,199.93,201.14,198.84,200.21,50129.0,AAPL
2023-03-04 04:30:00+00:00,219.2,221.95,208.21,212.2,100203.0,MSFT
2023-03-04 04:30:00+00:00,460.68,464.32,451.14,454.34,20875.0,SPY
2023-03-04 05:30:00+00:00,199.79,201.54,194.39,196.09,57903.0,AAPL
2023-03-04 05:30:00+00:00,212.21,216.62,210.0,214.8,36589.0,MSFT
2023-03-04 05:30:00+00:00,453.42,454.73,452.72,453.46,35905.0,SPY
2023-03-04 06:30:00+00:00,196.2,198.85,194.78,197.76,42019.0,AAPL
2023-03-04 06:30:00+00:00,215.15,218.03,208.47,211.03,30383.0,MSFT
2023-03-04 06:30:00+00:00,453.64,455.71,450.41,452.11,78120.0,SPY
2023-03-04 07:30:00+00:00,197.24,204.3,193.55,200.92,19427.0,AAPL
2023-03-04 07:30:00+00:00,210.82,211.79,209.25,210.15,27798.0,MSFT
2023-03-04 07:30:00+00:00,452.45,454.72,450.81,452.71,34080.0,SPY
2023-03-04 08:30:00+00:00,200.92,201.52,200.45,200.94,31295.0,AAPL
2023-03-04 08:30:00+00:00,210.22,211.07,208.28,209.06,70249.0,MSFT
2023-03-04 08:30:00+00:00,452.79,455.04,448.5,450.17,91145.0,SPY
2023-03-04 09:30:00+00:00,200.85,204.41,199.89,202.35,26644.0,AAPL
2023-03-04 09:30:00+00:00,209.17,212.1,207.96,210.99,40761.0,MSFT
2023-03-04 09:30:00+00:00,449.25,453.66,440.07,443.58,54686.0,SPY
2023-03-04 10:30:00+00:00,202.48,215.64,198.34,209.32,39219.0,AAPL
2023-03-04 10:30:00+00:00,210.87,213.16,207.63,208.97,47098.0,MSFT
2023-03-04 10:30:00+00:00,444.0,446.37,439.12,442.23,39291.0,SPY
2023-03-04 11:30:00+00:00,209.49,212.89,208.45,211.72,91340.0,AAPL
2023-03-04 11:30:00+00:00,208.61,209.9,207.31,208.08,43036.0,MSFT
2023-03-04 11:30:00+00:00,443.34,446.52,442.3,445.27,26456.0,SPY
2023-03-04 12:30:00+00:00,211.96,214.86,210.09,213.14,98173.0,AAPL
2023-03-04 12:30:00+00:00,207.73,212.1,205.99,210.38,37565.0,MSFT
2023-03-04 12:30:00+00:00,446.37,449.32,439.09,441.68,41313.0,SPY
2023-03-04 13:30:00+00:00,213.39,221.82,210.19,217.8,22297.0,AAPL
2023-03-04 13:30:00+00:00,210.37,210.81,209.92,210.34,38498.0,MSFT
2023-03-04 13:30:00+00:00,441.38,442.57,440.24,441.91,74708.0,SPY
2023-03-04 14:30:00+00:00,217.51,220.59,211.86,214.16,71220.0,AAPL
2023-03-04 14:30:00+00:00,210.06,212.82,204.29,207.22,67544.0,MSFT
2023-03-04 14:30:00+00:00,440.11,442.69,438.81,440.8,39610.0,SPY
2023-03-04 15:30:00+00:00,214.57,216.52,212.59,215.57,38683.0,AAPL
2023-03-04 15:30:00+00:00,207.82,210.59,198.99,202.97,105262.0,MSFT
2023-03-04 15:30:00+00:00,439.86,455.7,433.54,448.21,56169.0,SPY
2023-03-04 16:30:00+00:00,215.05,217.83,214.08,216.73,94416.0,AAPL
2023-03-04 16:30:00+00:00,203.02,203.54,201.72,202.57,41330.0,MSFT
2023-03-04 16:30:00+00:00,448.32,452.64,445.82,450.13,44135.0,SPY
2023-03-04 17:30:00+00:00,216.74,218.9,215.02,217.88,36064.0,AAPL
2023-03-04 17:30:00+00:00,201.89,207.12,200.13,204.61,109675.0,MSFT
2023-03-04 17:30:00+00:00,449.16,465.06,440.64,459.19,70555.0,SPY
2023-03-04 18:30:00+00:00,217.56,218.62,215.63,217.02,53500.0,AAPL
2023-03-04 18:30:00+00:00,204.75,205.92,202.63,203.51,117005.0,MSFT
2023-03-04 18:30:00+00:00,458.95,470.6,454.16,465.17,50372.0,SPY
2023-03-04 19:30:00+00:00,217.28,218.88,214.84,215.93,66729.0,AAPL
2023-03-04 19:30:00+00:00,203.28,204.78,198.2,200.43,47237.0,MSFT
2023-03-04 19:30:00+00:00,464.81,484.21,456.28,477.85,50397.0,SPY
2023-03-04 20:30:00+00:00,215.58,224.97,213.48,221.04,51559.0,AAPL
2023-03-04 20:30:00+00:00,200.7,201.75,196.63,198.43,37938.0,MSFT
2023-03-04 20:30:00+00:00,477.21,482.14,473.83,479.78,30903.0,SPY
2023-03-04 21:30:00+00:00,221.29,222.04,219.19,220.45,94698.0,AAPL
2023-03-04 21:30:00+00:00,198.86,204.28,197.32,201.5,24297.0,MSFT
2023-03-04 21:30:00+00:00,479.58,485.6,454.91,466.83,108175.0,SPY
2023-03-04 22:30:00+00:00,220.55,220.99,219.96,220.28,42672.0,AAPL
2023-03-04 22:30:00+00:00,201.31,205.93,190.88,195.73,35567.0,MSFT
2023-03-04 22:30:00+00:00,466.02,467.71,460.46,463.83,59106.0,SPY
2023-03-04 23:30:00+00:00,220.42,223.85,214.41,216.45,39096.0,AAPL
2023-03-04 23:30:00+00:00,195.88,198.89,190.69,192.7,36447.0,MSFT
2023-03-04 23:30:00+00:00,465.47,470.99,451.27,458.18,85741.0,SPY
2023-03-05 00:30:00+00:00,216.82,219.44,215.72,218.07,48362.0,AAPL
2023-03-05 00:30:00+00:00,192.86,195.3,185.95,188.14,47055.0,MSFT
2023-03-05 00:30:00+00:00,457.83,461.96,454.45,460.1,63137.0,SPY
2023-03-05 01:30:00+00:00,218.52,222.22,205.32,211.41,87572.0,AAPL
2023-03-05 01:30:00+00:00,188.75,190.51,184.5,186.57,44729.0,MSFT
2023-03-05 01:30:00+00:00,460.57,468.0,456.64,463.43,95376.0,SPY
2023-03-05 02:30:00+00:00,211.18,212.32,208.52,209.95,62081.0,AAPL
2023-03-05 02:30:00+00:00,186.26,187.45,185.47,186.57,80954.0,MSFT
2023-03-05 02:30:00+00:00,464.24,471.87,453.1,456.4,22871.0,SPY
2023-03-05 03:30:00+00:00,209.97,213.54,208.89,211.81,34048.0,AAPL
2023-03-05 03:30:00+00:00,186.38,187.72,184.07,185.51,29781.0,MSFT
2023-03-05 03:30:00+00:00,455.53,460.7,447.78,450.74,52335.0,SPY
2023-03-05 04:30:00+00:00,211.46,213.42,206.34,209.04,35797.0,AAPL
2023-03-05 04:30:00+00:00,185.76,186.67,183.56,184.43,55900.0,MSFT
2023-03-05 04:30:00+00:00,451.65,458.81,435.8,443.76,33491.0,SPY
2023-03-05 05:30:00+00:00,209.15,216.33,206.69,213.18,55704.0,AAPL
2023-03-05 05:30:00+00:00,184.79,188.44,177.59,179.86,42672.0,MSFT
2023-03-05 05:30:00+00:00,444.31,454.98,441.19,450.45,22845.0,SPY
2023-03-05 06:30:00+00:00,213.27,216.45,211.88,215.3,28765.0,AAPL
2023-03-05 06:30:00+00:00,179.58,180.82,178.63,179.71,39662.0,MSFT
2023-03-05 06:30:00+00:00,450.83,456.87,440.51,444.17,56888.0,SPY
2023-03-05 07:30:00+00:00,215.38,216.91,207.11,210.92,25500.0,AAPL
2023-03-05 07:30:00+00:00,179.79,182.74,178.79,181.51,177098.0,MSFT
2023-03-05 07:30:00+00:00,443.94,445.69,441.56,443.01,44457.0,SPY
2023-03-05 08:30:00+00:00,210.99,218.56,207.05,215.48,36548.0,AAPL
2023-03-05 08:30:00+00:00,181.66,184.71,177.07,178.63,108352.0,MSFT
2023-03-05 08:30:00+00:00,443.04,451.29,441.24,447.8,28018.0,SPY
2023-03-05 09:30:00+00:00,214.79,216.04,212.79,214.12,28104.0,AAPL
2023-03-05 09:30:00+00:00,178.57,188.52,176.24,184.04,34617.0,MSFT
2023-03-05 09:30:00+00:00,448.56,457.18,446.03,452.23,27894.0,SPY
2023-03-05 10:30:00+00:00,214.02,218.09,211.83,216.35,97004.0,AAPL
2023-03-05 10:30:00+00:00,184.4,184.94,183.82,184.3,51502.0,MSFT
2023-03-05 10:30:00+00:00,451.1,459.95,445.72,457.49,51437.0,SPY
2023-03-05 11:30:00+00:00,216.75,225.54,213.03,221.23,62537.0,AAPL
2023-03-05 11:30:00+00:00,184.25,185.97,183.17,184.96,59132.0,MSFT
2023-03-05 11:30:00+00:00,457.39,463.6,445.75,451.74,33215.0,SPY
2023-03-05 12:30:00+00:00,220.78,221.5,220.39,221.08,63333.0,AAPL
2023-03-05 12:30:00+00:00,185.1,188.49,183.04,187.44,26513.0,MSFT
2023-03-05 12:30:00+00:00,452.69,454.98,448.88,450.4,50268.0,SPY
2023-03-05 13:30:00+00:00,220.87,225.67,218.21,224.05,21208.0,AAPL
2023-03-05 13:30:00+00:00,187.48,192.59,177.42,180.53,46462.0,MSFT
2023-03-05 13:30:00+00:00,449.28,461.88,443.39,455.19,69809.0,SPY
2023-03-05 14:30:00+00:00,224.17,227.14,219.57,221.01,45486.0,AAPL
2023-03-05 14:30:00+00:00,180.52,183.6,178.96,182.26,37309.0,MSFT
2023-03-05 14:30:00+00:00,454.5,456.99,453.31,455.81,35901.0,SPY
2023-03-05 15:30:00+00:00,221.38,223.76,214.99,217.76,52850.0,AAPL
2023-03-05 15:30:00+00:00,182.32,186.15,180.41,184.33,103913.0,MSFT
2023-03-05 15:30:00+00:00,455.7,474.15,450.94,466.96,49810.0,SPY
2023-03-05 16:30:00+00:00,218.27,220.66,212.25,214.51,95968.0,AAPL
2023-03-05 16:30:00+00:00,184.71,186.79,177.9,180.7,77636.0,MSFT
2023-03-05 16:30:00+00:00,468.1,483.11,459.69,475.76,80304.0,SPY
2023-03-05 17:30:00+00:00,214.81,216.41,210.98,213.21,65976.0,AAPL
2023-03-05 17:30:00+00:00,180.7,185.65,177.93,183.13,67119.0,MSFT
2023-03-05 17:30:00+00:00,475.31,496.68,464.98,489.75,42848.0,SPY
2023-03-05 18:30:00+00:00,213.21,215.57,206.98,209.38,41337.0,AAPL
2023-03-05 18:30:00+00:00,183.05,188.66,181.53,186.17,54518.0,MSFT
2023-03-05 18:30:00+00:00,490.36,493.53,488.03,490.01,54435.0,SPY
2023-03-05 19:30:00+00:00,209.25,209.87,207.32,208.36,61574.0,AAPL
2023-03-05 19:30:00+00:00,186.07,187.1,183.51,184.88,47950.0,MSFT
2023-03-05 19:30:00+00:00,490.09,495.68,468.6,478.22,50203.0,SPY
2023-03-05 20:30:00+00:00,208.17,209.3,205.05,206.88,40551.0,AAPL
2023-03-05 20:30:00+00:00,185.15,194.65,180.86,191.9,63874.0,MSFT
2023-03-05 20:30:00+00:00,477.83,482.5,466.44,470.12,110454.0,SPY
2023-03-05 21:30:00+00:00,207.07,208.73,205.36,207.59,33293.0,AAPL
2023-03-05 21:30:00+00:00,191.39,198.45,188.87,195.34,47845.0,MSFT
2023-03-05 21:30:00+00:00,470.74,474.92,460.89,465.16,67443.0,SPY
2023-03-05 22:30:00+00:00,208.01,209.05,206.75,207.24,70915.0,AAPL
2023-03-05 22:30:00+00:00,195.05,198.28,193.8,196.95,23777.0,MSFT
2023-03-05 22:30:00+00:00,464.28,477.44,458.21,470.57,14897.0,SPY
2023-03-05 23:30:00+00:00,207.24,207.43,206.99,207.22,49639.0,AAPL
2023-03-05 23:30:00+00:00,196.65,198.32,193.0,194.77,42517.0,MSFT
2023-03-05 23:30:00+00:00,470.7,475.17,468.34,473.17,61452.0,SPY
2023-03-06 00:30:00+00:00,207.21,212.77,204.77,210.33,88508.0,AAPL
2023-03-06 00:30:00+00:00,194.66,196.66,193.4,195.77,20004.0,MSFT
2023-03-06 00:30:00+00:00,473.37,479.15,471.41,476.83,62402.0,SPY
2023-03-06 01:30:00+00:00,210.76,213.5,205.15,207.26,29828.0,AAPL
2023-03-06 01:30:00+00:00,195.93,198.54,195.0,197.46,41349.0,MSFT
2023-03-06 01:30:00+00:00,477.48,478.02,477.08,477.61,90214.0,SPY
2023-03-06 02:30:00+00:00,206.6,212.69,204.24,209.73,50934.0,AAPL
2023-03-06 02:30:00+00:00,197.16,200.35,195.02,198.8,54071.0,MSFT
2023-03-06 02:30:00+00:00,477.94,486.12,473.73,482.66,46074.0,SPY
2023-03-06 03:30:00+00:00,210.24,212.78,208.88,211.59,101989.0,AAPL
2023-03-06 03:30:00+00:00,198.63,200.69,190.41,194.15,81958.0,MSFT
2023-03-06 03:30:00+00:00,482.49,489.74,480.16,486.63,56650.0,SPY
2023-03-06 04:30:00+00:00,211.69,212.38,209.91,211.11,30136.0,AAPL
2023-03-06 04:30:00+00:00,194.23,194.94,191.56,193.03,76852.0,MSFT
2023-03-06 04:30:00+00:00,486.47,497.8,482.26,492.26,32346.0,SPY
2023-03-06 05:30:00+00:00,210.95,212.02,208.73,209.98,64822.0,AAPL
2023-03-06 05:30:00+00:00,192.84,195.81,190.92,194.07,64573.0,MSFT
2023-03-06 05:30:00+00:00,492.06,495.47,483.28,487.84,50037.0,SPY
2023-03-06 06:30:00+00:00,210.42,214.07,209.06,212.69,47404.0,AAPL
2023-03-06 06:30:00+00:00,194.37,196.42,191.47,192.28,36912.0,MSFT
2023-03-06 06:30:00+00:00,488.06,501.23,484.08,495.86,44635.0,SPY
2023-03-06 07:30:00+00:00,212.91,216.31,205.97,208.65,47126.0,AAPL
2023-03-06 07:30:00+00:00,192.36,193.47,190.6,191.67,24333.0,MSFT
2023-03-06 07:30:00+00:00,496.22,499.44,481.79,489.16,39446.0,SPY
2023-03-06 08:30:00+00:00,208.66,209.03,208.24,208.54,52721.0,AAPL
2023-03-06 08:30:00+00:00,191.79,193.5,190.49,192.86,103560.0,MSFT
2023-03-06 08:30:00+00:00,489.07,495.39,471.76,481.01,34277.0,SPY
2023-03-06 09:30:00+00:00,208.74,211.33,207.32,209.75,36103.0,AAPL
2023-03-06 09:30:00+00:00,193.27,194.42,190.72,192.45,37743.0,MSFT
2023-03-06 09:30:00+00:00,481.04,487.33,475.76,484.7,51613.0,SPY
2023-03-06 10:30:00+00:00,209.69,212.55,205.98,207.23,23244.0,AAPL
2023-03-06 10:30:00+00:00,192.51,194.02,188.45,189.87,70076.0,MSFT
2023-03-06 10:30:00+00:00,484.17,509.54,475.07,500.59,70742.0,SPY
2023-03-06 11:30:00+00:00,206.97,213.79,203.67,210.58,35160.0,AAPL
2023-03-06 11:30:00+00:00,190.01,191.8,181.91,185.64,192304.0,MSFT
2023-03-06 11:30:00+00:00,501.41,508.69,469.45,483.03,82531.0,SPY
2023-03-06 12:30:00+00:00,210.28,210.87,208.6,209.61,40381.0,AAPL
2023-03-06 12:30:00+00:00,185.81,193.3,182.59,190.21,36733.0,MSFT
2023-03-06 12:30:00+00:00,482.82,483.89,480.09,481.27,84965.0,SPY
2023-03-06 13:30:00+00:00,209.63,212.0,208.33,210.84,36507.0,AAPL
2023-03-06 13:30:00+00:00,190.68,193.74,188.91,192.17,59667.0,MSFT
2023-03-06 13:30:00+00:00,482.3,484.37,480.36,482.6,30566.0,SPY
2023-03-06 14:30:00+00:00,211.16,221.71,206.19,217.94,65816.0,AAPL
2023-03-06 14:30:00+00:00,191.74,197.11,190.01,194.63,69651.0,MSFT
2023-03-06 14:30:00+00:00,483.02,490.22,479.17,486.39,45598.0,SPY
2023-03-06 15:30:00+00:00,218.09,220.33,213.95,215.77,49319.0,AAPL
2023-03-06 15:30:00+00:00,194.57,196.54,193.19,195.13,66641.0,MSFT
2023-03-06 15:30:00+00:00,486.56,512.89,479.55,502.34,56270.0,SPY
2023-03-06 16:30:00+00:00,215.69,216.41,215.35,215.75,87335.0,AAPL
2023-03-06 16:30:00+00:00,195.38,195.8,194.88,195.33,45629.0,MSFT
2023-03-06 16:30:00+00:00,502.83,508.59,491.13,496.64,164896.0,SPY
2023-03-06 17:30:00+00:00,215.68,216.73,214.29,215.17,67553.0,AAPL
2023-03-06 17:30:00+00:00,194.98,201.34,192.77,198.5,55302.0,MSFT
2023-03-06 17:30:00+00:00,496.27,498.56,493.02,494.63,105036.0,SPY
2023-03-06 18:30:00+00:00,215.53,219.69,213.28,217.77,58329.0,AAPL
2023-03-06 18:30:00+00:00,198.53,203.28,195.73,201.8,32726.0,MSFT
2023-03-06 18:30:00+00:00,494.24,499.06,492.3,496.37,83212.0,SPY
2023-03-06 19:30:00+00:00,218.26,220.23,211.61,214.49,35782.0,AAPL
2023-03-06 19:30:00+00:00,201.59,203.05,199.19,200.43,18384.0,MSFT
2023-03-06 19:30:00+00:00,496.38,500.02,488.56,492.12,51407.0,SPY
2023-03-06 20:30:00+00:00,214.56,220.38,212.85,217.82,62086.0,AAPL
2023-03-06 20:30:00+00:00,200.21,201.68,195.32,197.74,92952.0,MSFT
2023-03-06 20:30:00+00:00,492.16,500.99,486.82,498.26,65282.0,SPY
2023-03-06 21:30:00+00:00,217.32,219.04,210.28,212.85,133773.0,AAPL
2023-03-06 21:30:00+00:00,197.66,202.16,195.37,200.32,38467.0,MSFT
2023-03-06 21:30:00+00:00,498.74,505.72,482.82,487.16,71166.0,SPY
2023-03-06 22:30:00+00:00,212.97,216.91,210.28,214.87,107158.0,AAPL
2023-03-06 22:30:00+00:00,200.81,203.55,192.67,195.41,110043.0,MSFT
2023-03-06 22:30:00+00:00,487.15,500.56,482.02,493.97,62426.0,SPY
2023-03-06 23:30:00+00:00,214.35,216.09,212.36,213.26,33461.0,AAPL
2023-03-06 23:30:00+00:00,195.08,199.56,193.73,197.66,37954.0,MSFT
2023-03-06 23:30:00+00:00,494.51,496.84,492.42,494.21,68096.0,SPY
2023-03-07 00:30:00+00:00,212.39,213.11,210.2,211.02,23521.0,AAPL
2023-03-07 00:30:00+00:00,198.06,200.31,193.38,194.94,42066.0,MSFT
2023-03-07 00:30:00+00:00,493.42,509.16,489.36,501.68,73009.0,SPY
2023-03-07 01:30:00+00:00,211.23,220.96,208.41,216.36,53261.0,AAPL
2023-03-07 01:30:00+00:00,195.25,197.72,190.6,191.84,38396.0,MSFT
2023-03-07 01:30:00+00:00,500.99,508.19,467.39,483.0,78870.0,SPY
2023-03-07 02:30:00+00:00,216.41,219.63,215.29,217.82,109732.0,AAPL
2023-03-07 02:30:00+00:00,192.27,192.84,190.8,191.75,93730.0,MSFT
2023-03-07 02:30:00+00:00,484.56,489.64,481.9,486.11,43394.0,SPY
2023-03-07 03:30:00+00:00,217.59,224.06,215.45,220.93,53910.0,AAPL
2023-03-07 03:30:00+00:00,191.53,193.5,183.28,187.2,43128.0,MSFT
2023-03-07 03:30:00+00:00,485.03,500.92,478.94,493.4,110541.0,SPY
2023-03-07 04:30:00+00:00,221.19,224.03,220.04,222.77,12989.0,AAPL
2023-03-07 04:30:00+00:00,186.77,187.81,184.76,186.07,25976.0,MSFT
2023-03-07 04:30:00+00:00,493.33,496.16,491.09,494.31,49356.0,SPY
2023-03-07 05:30:00+00:00,222.28,225.62,206.53,213.38,80014.0,AAPL
2023-03-07 05:30:00+00:00,185.93,186.83,185.43,185.86,69393.0,MSFT
2023-03-07 05:30:00+00:00,493.66,514.09,483.8,504.26,31255.0,SPY
2023-03-07 06:30:00+00:00,213.7,224.4,210.68,219.35,56632.0,AAPL
2023-03-07 06:30:00+00:00,185.98,190.16,184.78,188.15,160916.0,MSFT
2023-03-07 06:30:00+00:00,504.76,507.94,501.32,505.22,25743.0,SPY
2023-03-07 07:30:00+00:00,219.74,220.92,216.12,218.04,36731.0,AAPL
2023-03-07 07:30:00+00:00,188.07,189.59,187.61,188.87,34596.0,MSFT
2023-03-07 07:30:00+00:00,506.12,520.88,497.43,515.81,44256.0,SPY
2023-03-07 08:30:00+00:00,217.89,222.12,205.18,210.65,40501.0,AAPL
2023-03-07 08:30:00+00:00,188.48,190.95,184.1,186.08,72724.0,MSFT
2023-03-07 08:30:00+00:00,515.86,517.6,514.55,515.93,44604.0,SPY
2023-03-07 09:30:00+00:00,210.79,211.98,210.01,211.41,23885.0,AAPL
2023-03-07 09:30:00+00:00,186.26,188.03,180.48,183.07,63899.0,MSFT
2023-03-07 09:30:00+00:00,515.69,519.62,513.56,517.41,52929.0,SPY
2023-03-07 10:30:00+00:00,211.76,214.29,210.55,213.28,60110.0,AAPL
2023-03-07 10:30:00+00:00,183.14,184.23,182.67,183.54,37047.0,MSFT
2023-03-07 10:30:00+00:00,516.02,517.43,514.32,516.63,186469.0,SPY
2023-03-07 11:30:00+00:00,212.72,219.67,209.91,216.79,52424.0,AAPL
2023-03-07 11:30:00+00:00,183.69,186.47,178.33,180.84,110608.0,MSFT
2023-03-07 11:30:00+00:00,517.0,526.14,512.05,520.39,45128.0,SPY
2023-03-07 12:30:00+00:00,216.94,218.16,215.25,216.11,136587.0,AAPL
2023-03-07 12:30:00+00:00,180.81,183.11,177.14,178.97,100823.0,MSFT
2023-03-07 12:30:00+00:00,520.05,557.32,499.1,545.12,25921.0,SPY
2023-03-07 13:30:00+00:00,216.41,217.14,215.36,216.16,43817.0,AAPL
2023-03-07 13:30:00+00:00,179.19,180.54,177.92,179.89,45768.0,MSFT
2023-03-07 13:30:00+00:00,545.38,552.03,532.42,539.53,63890.0,SPY
2023-03-07 14:30:00+00:00,216.41,217.6,212.67,214.6,38140.0,AAPL
2023-03-07 14:30:00+00:00,179.63,180.54,178.66,179.27,64711.0,MSFT
2023-03-07 14:30:00+00:00,539.5,543.12,524.5,530.82,46687.0,SPY
2023-03-07 15:30:00+00:00,214.68,218.01,207.59,210.86,76562.0,AAPL
2023-03-07 15:30:00+00:00,179.06,182.13,177.88,180.5,42205.0,MSFT
2023-03-07 15:30:00+00:00,529.69,540.99,526.65,535.83,55055.0,SPY
2023-03-07 16:30:00+00:00,210.8,211.77,209.99,211.05,29809.0,AAPL
2023-03-07 16:30:00+00:00,180.18,182.93,172.24,174.79,33656.0,MSFT
2023-03-07 16:30:00+00:00,535.8,541.63,529.07,531.59,20855.0,SPY
2023-03-07 17:30:00+00:00,211.28,220.73,207.57,217.42,86133.0,AAPL
2023-03-07 17:30:00+00:00,174.51,176.44,169.68,171.71,28951.0,MSFT
2023-03-07 17:30:00+00:00,530.45,545.46,507.07,515.48,24283.0,SPY
2023-03-07 18:30:00+00:00,217.18,224.36,215.31,221.3,60013.0,AAPL
2023-03-07 18:30:00+00:00,171.6,172.87,170.47,172.1,59617.0,MSFT
2023-03-07 18:30:00+00:00,514.01,517.28,507.07,510.02,22766.0,SPY
2023-03-07 19:30:00+00:00,221.62,222.99,218.11,220.2,67016.0,AAPL
2023-03-07 19:30:00+00:00,171.96,173.21,171.34,172.27,29760.0,MSFT
2023-03-07 19:30:00+00:00,510.75,514.26,504.91,507.33,36636.0,SPY
2023-03-07 20:30:00+00:00,220.56,222.34,218.83,219.78,44856.0,AAPL
2023-03-07 20:30:00+00:00,172.57,174.57,165.22,167.38,38708.0,MSFT
2023-03-07 20:30:00+00:00,507.92,509.93,503.86,506.24,27244.0,SPY
2023-03-07 21:30:00+00:00,219.97,221.81,218.3,221.12,69719.0,AAPL
2023-03-07 21:30:00+00:00,167.62,168.75,167.26,167.96,73990.0,MSFT
2023-03-07 21:30:00+00:00,507.08,517.26,504.63,512.36,64984.0,SPY
2023-03-07 22:30:00+00:00,221.05,222.17,219.13,220.2,49157.0,AAPL
2023-03-07 22:30:00+00:00,167.93,170.62,161.61,163.88,59158.0,MSFT
2023-03-07 22:30:00+00:00,513.62,515.48,508.23,510.5,98014.0,SPY
2023-03-07 23:30:00+00:00,220.46,222.93,211.89,215.21,52525.0,AAPL
2023-03-07 23:30:00+00:00,163.61,165.51,156.19,159.6,34561.0,MSFT
2023-03-07 23:30:00+00:00,510.45,546.2,502.17,531.78,36180.0,SPY
2023-03-08 00:30:00+00:00,214.79,217.45,208.92,211.11,22110.0,AAPL
2023-03-08 00:30:00+00:00,159.97,162.31,158.9,161.35,86521.0,MSFT
2023-03-08 00:30:00+00:00,533.43,536.69,526.6,531.03,38320.0,SPY
2023-03-08 01:30:00+00:00,211.51,213.38,201.78,206.45,37685.0,AAPL
2023-03-08 01:30:00+00:00,161.35,162.11,157.87,159.47,73743.0,MSFT
2023-03-08 01:30:00+00:00,532.35,542.86,528.16,538.94,28410.0,SPY
2023-03-08 02:30:00+00:00,206.38,208.34,201.5,203.54,37202.0,AAPL
2023-03-08 02:30:00+00:00,159.51,161.93,157.54,160.97,38442.0,MSFT
2023-03-08 02:30:00+00:00,538.73,547.03,519.97,527.84,36049.0,SPY
2023-03-08 03:30:00+00:00,203.86,205.29,199.26,201.82,60768.0,AAPL
2023-03-08 03:30:00+00:00,161.45,163.35,158.58,160.12,68964.0,MSFT
2023-03-08 03:30:00+00:00,527.96,533.97,507.92,518.15,55499.0,SPY
2023-03-08 04:30:00+00:00,201.99,202.57,200.39,201.11,25432.0,AAPL
2023-03-08 04:30:00+00:00,160.05,168.29,155.68,165.73,42203.0,MSFT
2023-03-08 04:30:00+00:00,518.52,519.81,515.63,518.17,52510.0,SPY
2023-03-08 05:30:00+00:00,201.1,203.84,191.08,195.63,37281.0,AAPL
2023-03-08 05:30:00+00:00,165.67,169.05,164.08,167.65,52487.0,MSFT
2023-03-08 05:30:00+00:00,517.17,520.57,513.91,515.21,38843.0,SPY
2023-03-08 06:30:00+00:00,195.82,197.55,191.43,193.52,69885.0,AAPL
2023-03-08 06:30:00+00:00,167.94,170.09,164.37,165.77,52591.0,MSFT
2023-03-08 06:30:00+00:00,514.82,521.45,497.42,503.18,24583.0,SPY
2023-03-08 07:30:00+00:00,193.37,195.2,192.26,194.52,47597.0,AAPL
2023-03-08 07:30:00+00:00,166.0,167.69,164.59,166.78,76663.0,MSFT
2023-03-08 07:30:00+00:00,503.86,505.37,501.83,503.27,49777.0,SPY
2023-03-08 08:30:00+00:00,194.4,203.42,189.66,199.88,21148.0,AAPL
2023-03-08 08:30:00+00:00,166.43,169.91,160.78,162.91,93037.0,MSFT
2023-03-08 08:30:00+00:00,504.17,507.17,496.94,499.52,60997.0,SPY
2023-03-08 09:30:00+00:00,199.58,201.9,195.03,197.04,59373.0,AAPL
2023-03-08 09:30:00+00:00,163.23,166.5,161.8,164.76,44703.0,MSFT
2023-03-08 09:30:00+00:00,499.92,502.16,497.43,498.89,30462.0,SPY
2023-03-08 10:30:00+00:00,196.87,197.44,196.31,197.18,67265.0,AAPL
2023-03-08 10:30:00+00:00,164.52,166.74,159.51,161.96,31514.0,MSFT
2023-03-08 10:30:00+00:00,499.81,506.01,494.42,502.8,100226.0,SPY
2023-03-08 11:30:00+00:00,197.21,199.01,196.64,198.17,13981.0,AAPL
2023-03-08 11:30:00+00:00,161.92,162.82,159.76,160.76,58061.0,MSFT
2023-03-08 11:30:00+00:00,502.37,504.48,500.21,502.9,79457.0,SPY
2023-03-08 12:30:00+00:00,198.02,199.22,193.07,195.82,79987.0,AAPL
2023-03-08 12:30:00+00:00,160.9,167.16,157.73,164.05,43641.0,MSFT
2023-03-08 12:30:00+00:00,502.66,506.35,494.77,499.01,30123.0,SPY
2023-03-08 13:30:00+00:00,195.62,197.37,190.71,192.23,65947.0,AAPL
2023-03-08 13:30:00+00:00,164.13,167.0,162.93,165.49,27780.0,MSFT
2023-03-08 13:30:00+00:00,498.69,500.45,496.96,498.66,20148.0,SPY
2023-03-08 14:30:00+00:00,192.8,194.5,192.15,193.8,45264.0,AAPL
2023-03-08 14:30:00+00:00,165.59,168.77,160.71,162.17,41750.0,MSFT
2023-03-08 14:30:00+00:00,498.23,518.93,489.68,508.93,149560.0,SPY
2023-03-08 15:30:00+00:00,193.86,195.32,188.19,190.84,26172.0,AAPL
2023-03-08 15:30:00+00:00,162.38,166.81,160.71,164.92,39123.0,MSFT
2023-03-08 15:30:00+00:00,508.35,515.32,504.63,512.41,31863.0,SPY
2023-03-08 16:30:00+00:00,190.4,195.37,188.84,193.89,145871.0,AAPL
2023-03-08 16:30:00+00:00,164.97,169.83,156.29,159.16,39449.0,MSFT
2023-03-08 16:30:00+00:00,512.35,525.5,507.94,521.18,54884.0,SPY
2023-03-08 17:30:00+00:00,193.86,200.35,191.81,197.91,67294.0,AAPL
2023-03-08 17:30:00+00:00,159.27,162.98,158.27,160.95,29219.0,MSFT
2023-03-08 17:30:00+00:00,522.62,526.05,517.33,519.73,27536.0,SPY
2023-03-08 18:30:00+00:00,197.73,199.48,193.66,195.36,48709.0,AAPL
2023-03-08 18:30:00+00:00,160.86,167.41,157.72,164.21,63630.0,MSFT
2023-03-08 18:30:00+00:00,518.23,530.77,513.49,525.91,140617.0,SPY
2023-03-08 19:30:00+00:00,195.0,195.94,194.03,195.53,63244.0,AAPL
2023-03-08 19:30:00+00:00,164.26,166.1,163.64,164.96,25201.0,MSFT
2023-03-08 19:30:00+00:00,526.04,537.87,520.63,532.26,67637.0,SPY
2023-03-08 20:30:00+00:00,195.93,199.54,194.54,198.06,93631.0,AAPL
2023-03-08 20:30:00+00:00,164.65,165.1,163.44,164.49,50190.0,MSFT
2023-03-08 20:30:00+00:00,532.14,537.17,522.04,526.75,33599.0,SPY
2023-03-08 21:30:00+00:00,197.97,205.13,194.62,202.49,42737.0,AAPL
2023-03-08 21:30:00+00:00,164.83,171.71,161.47,168.89,62784.0,MSFT
2023-03-08 21:30:00+00:00,526.9,532.89,507.04,515.68,75604.0,SPY
2023-03-08 22:30:00+00:00,202.11,204.31,196.98,198.82,73145.0,AAPL
2023-03-08 22:30:00+00:00,168.63,172.09,167.8,170.35,20217.0,MSFT
2023-03-08 22:30:00+00:00,515.3,524.85,512.22,520.5,33290.0,SPY
2023-03-08 23:30:00+00:00,199.19,199.93,197.81,198.8,56375.0,AAPL
2023-03-08 23:30:00+00:00,170.6,173.5,168.64,172.11,98440.0,MSFT
2023-03-08 23:30:00+00:00,520.55,530.11,489.21,504.09,47182.0,SPY
2023-03-09 00:30:00+00:00,199.17,200.25,198.0,198.55,31841.0,AAPL
2023-03-09 00:30:00+00:00,172.19,173.45,167.28,169.47,108937.0,MSFT
2023-03-09 00:30:00+00:00,503.24,506.26,498.16,501.33,137196.0,SPY
2023-03-09 01:30:00+00:00,198.41,205.63,194.65,202.96,68716.0,AAPL
2023-03-09 01:30:00+00:00,168.94,170.59,163.92,166.19,45371.0,MSFT
2023-03-09 01:30:00+00:00,501.17,503.6,498.69,500.38,26777.0,SPY
2023-03-09 02:30:00+00:00,203.15,205.07,194.71,197.99,40116.0,AAPL
2023-03-09 02:30:00+00:00,165.96,166.49,164.36,165.27,74804.0,MSFT
2023-03-09 02:30:00+00:00,500.22,505.62,489.49,494.56,40880.0,SPY
2023-03-09 03:30:00+00:00,197.91,198.67,196.42,197.3,65148.0,AAPL
2023-03-09 03:30:00+00:00,165.75,167.71,161.45,163.46,40961.0,MSFT
2023-03-09 03:30:00+00:00,495.22,502.65,491.22,499.79,49094.0,SPY
2023-03-09 04:30:00+00:00,197.23,198.64,196.59,198.18,39182.0,AAPL
2023-03-09 04:30:00+00:00,163.45,163.65,163.02,163.48,87121.0,MSFT
2023-03-09 04:30:00+00:00,497.96,502.77,493.74,499.33,45884.0,SPY
2023-03-09 05:30:00+00:00,198.01,201.49,196.09,199.87,85536.0,AAPL
2023-03-09 05:30:00+00:00,163.6,165.04,161.21,162.2,39540.0,MSFT
2023-03-09 05:30:00+00:00,497.83,517.43,488.99,511.21,20231.0,SPY
2023-03-09 06:30:00+00:00,199.87,202.36,198.49,201.05,39224.0,AAPL
2023-03-09 06:30:00+00:00,162.26,166.16,161.02,164.22,40804.0,MSFT
2023-03-09 06:30:00+00:00,509.82,532.86,503.33,522.85,53327.0,SPY
2023-03-09 07:30:00+00:00,200.28,203.85,198.96,202.0,75847.0,AAPL
2023-03-09 07:30:00+00:00,164.41,170.0,160.7,168.51,68680.0,MSFT
2023-03-09 07:30:00+00:00,523.9,531.38,518.04,528.92,86298.0,SPY
2023-03-09 08:30:00+00:00,202.28,203.0,201.19,201.74,58777.0,AAPL
2023-03-09 08:30:00+00:00,168.76,169.64,167.39,168.5,53749.0,MSFT
2023-03-09 08:30:00+00:00,528.9,531.18,526.03,529.52,14936.0,SPY
2023-03-09 09:30:00+00:00,201.43,202.27,200.45,201.35,45207.0,AAPL
2023-03-09 09:30:00+00:00,169.03,170.69,162.39,165.62,66256.0,MSFT
2023-03-09 09:30:00+00:00,529.98,534.18,527.51,532.08,73237.0,SPY
2023-03-09 10:30:00+00:00,201.17,203.0,198.47,199.81,43542.0,AAPL
2023-03-09 10:30:00+00:00,165.46,170.06,163.47,167.79,67473.0,MSFT
2023-03-09 10:30:00+00:00,532.46,534.97,530.45,533.3,133858.0,SPY
2023-03-09 11:30:00+00:00,199.52,201.34,195.97,197.59,59116.0,AAPL
2023-03-09 11:30:00+00:00,167.78,173.26,164.74,171.62,26515.0,MSFT
2023-03-09 11:30:00+00:00,534.41,551.73,528.17,546.33,27890.0,SPY
2023-03-09 12:30:00+00:00,197.27,205.3,193.31,202.87,39778.0,AAPL
2023-03-09 12:30:00+00:00,171.76,172.3,170.88,171.45,88327.0,MSFT
2023-03-09 12:30:00+00:00,546.25,565.96,537.96,558.33,33417.0,SPY
2023-03-09 13:30:00+00:00,203.06,206.21,201.88,205.01,84910.0,AAPL
2023-03-09 13:30:00+00:00,171.04,172.12,169.28,170.0,89479.0,MSFT
2023-03-09 13:30:00+00:00,558.08,566.15,532.9,543.48,32695.0,SPY
2023-03-09 14:30:00+00:00,205.49,217.7,202.51,212.94,50089.0,AAPL
2023-03-09 14:30:00+00:00,170.08,171.34,166.41,168.15,91147.0,MSFT
2023-03-09 14:30:00+00:00,543.45,552.08,540.14,548.86,66434.0,SPY
2023-03-09 15:30:00+00:00,212.76,217.97,209.43,216.2,53438.0,AAPL
2023-03-09 15:30:00+00:00,168.34,170.98,162.35,164.59,16457.0,MSFT
2023-03-09 15:30:00+00:00,549.32,551.9,544.81,548.2,28485.0,SPY
2023-03-09 16:30:00+00:00,216.18,224.77,213.89,220.73,31612.0,AAPL
2023-03-09 16:30:00+00:00,164.72,165.36,163.77,164.63,59378.0,MSFT
2023-03-09 16:30:00+00:00,549.53,559.88,522.79,534.05,29341.0,SPY
2023-03-09 17:30:00+00:00,220.59,225.32,217.77,223.79,100229.0,AAPL
2023-03-09 17:30:00+00:00,164.37,170.48,161.62,167.62,47009.0,MSFT
2023-03-09 17:30:00+00:00,534.97,542.61,531.4,539.81,17277.0,SPY
2023-03-09 18:30:00+00:00,224.4,227.99,222.4,226.43,24122.0,AAPL
2023-03-09 18:30:00+00:00,168.32,169.54,166.32,167.67,78603.0,MSFT
2023-03-09 18:30:00+00:00,538.61,574.73,525.55,558.32,74960.0,SPY
2023-03-09 19:30:00+00:00,226.4,227.29,225.77,226.85,28658.0,AAPL
2023-03-09 19:30:00+00:00,167.4,168.25,164.65,165.71,40255.0,MSFT
2023-03-09 19:30:00+00:00,557.94,559.83,553.18,556.41,97511.0,SPY
2023-03-09 20:30:00+00:00,226.97,227.55,226.55,227.01,34516.0,AAPL
2023-03-09 20:30:00+00:00,166.04,168.2,162.17,164.28,55916.0,MSFT
2023-03-09 20:30:00+00:00,558.64,575.15,554.37,567.84,73894.0,SPY
2023-03-09 21:30:00+00:00,227.13,228.22,225.84,227.2,72086.0,AAPL
2023-03-09 21:30:00+00:00,164.22,165.85,163.43,164.98,74518.0,MSFT
2023-03-09 21:30:00+00:00,569.0,576.23,552.59,560.93,74248.0,SPY
2023-03-09 22:30:00+00:00,227.07,238.55,223.76,234.3,65760.0,AAPL
2023-03-09 22:30:00+00:00,165.26,165.76,164.45,165.11,78873.0,MSFT
2023-03-09 22:30:00+00:00,562.21,567.56,560.51,565.08,35576.0,SPY
2023-03-09 23:30:00+00:00,233.64,235.71,227.18,229.96,39232.0,AAPL
2023-03-09 23:30:00+00:00,165.03,165.56,164.59,164.98,27456.0,MSFT
2023-03-09 23:30:00+00:00,565.13,567.78,559.07,562.18,80497.0,SPY
2023-03-10 00:30:00+00:00,229.7,231.25,229.02,230.19,20228.0,AAPL
2023-03-10 00:30:00+00:00,165.33,167.42,159.98,162.75,52711.0,MSFT
2023-03-10 00:30:00+00:00,562.46,566.49,543.37,551.05,30655.0,SPY
2023-03-10 01:30:00+00:00,230.09,233.79,221.32,224.28,58130.0,AAPL
2023-03-10 01:30:00+00:00,162.75,163.53,160.71,161.91,62183.0,MSFT
2023-03-10 01:30:00+00:00,551.07,553.49,545.45,549.67,31605.0,SPY
2023-03-10 02:30:00+00:00,224.49,227.72,222.16,226.1,25215.0,AAPL
2023-03-10 02:30:00+00:00,162.7,164.42,158.97,160.4,42493.0,MSFT
2023-03-10 02:30:00+00:00,551.85,566.67,547.4,560.04,29629.0,SPY
2023-03-10 03:30:00+00:00,226.21,230.82,224.9,228.41,27953.0,AAPL
2023-03-10 03:30:00+00:00,160.14,162.08,156.13,157.64,71682.0,MSFT
2023-03-10 03:30:00+00:00,561.21,568.59,538.68,546.56,61182.0,SPY
2023-03-10 04:30:00+00:00,228.94,230.11,227.09,228.31,23199.0,AAPL
2023-03-10 04:30:00+00:00,157.91,160.04,157.05,158.78,38347.0,MSFT
2023-03-10 04:30:00+00:00,545.03,546.13,542.19,543.94,35455.0,SPY
2023-03-10 05:30:00+00:00,228.59,229.99,227.55,229.37,46019.0,AAPL
2023-03-10 05:30:00+00:00,158.73,159.43,157.22,158.37,34914.0,MSFT
2023-03-10 05:30:00+00:00,543.14,562.18,537.41,554.5,22490.0,SPY
2023-03-10 06:30:00+00:00,229.34,230.94,226.08,227.15,75761.0,AAPL
2023-03-10 06:30:00+00:00,157.91,159.46,157.12,158.48,128427.0,MSFT
2023-03-10 06:30:00+00:00,553.98,557.65,546.54,550.3,44146.0,SPY
2023-03-10 07:30:00+00:00,227.47,228.23,226.49,227.12,51999.0,AAPL
2023-03-10 07:30:00+00:00,158.51,159.58,156.98,157.57,73984.0,MSFT
2023-03-10 07:30:00+00:00,549.76,569.55,544.61,560.28,55514.0,SPY
2023-03-10 08:30:00+00:00,227.21,228.93,223.06,225.3,25271.0,AAPL
2023-03-10 08:30:00+00:00,157.39,163.75,153.62,161.25,63998.0,MSFT
2023-03-10 08:30:00+00:00,558.26,560.97,550.7,555.31,30255.0,SPY
2023-03-10 09:30:00+00:00,225.88,228.05,221.75,223.6,42574.0,AAPL
2023-03-10 09:30:00+00:00,160.97,162.21,157.01,158.41,78495.0,MSFT
2023-03-10 09:30:00+00:00,555.21,558.17,548.69,551.83,112048.0,SPY
2023-03-10 10:30:00+00:00,223.86,226.9,214.84,217.95,83421.0,AAPL
2023-03-10 10:30:00+00:00,158.52,161.66,156.87,160.73,42367.0,MSFT
2023-03-10 10:30:00+00:00,552.23,556.63,549.02,554.29,108163.0,SPY
2023-03-10 11:30:00+00:00,218.12,218.83,217.57,218.21,42398.0,AAPL
2023-03-10 11:30:00+00:00,160.31,162.05,158.99,161.09,37666.0,MSFT
2023-03-10 11:30:00+00:00,553.31,561.74,540.25,544.55,34119.0,SPY
2023-03-10 12:30:00+00:00,217.74,224.47,214.44,220.95,45471.0,AAPL
2023-03-10 12:30:00+00:00,161.68,163.08,156.87,158.44,59363.0,MSFT
2023-03-10 12:30:00+00:00,544.26,550.01,533.54,539.74,66169.0,SPY
2023-03-10 13:30:00+00:00,220.6,222.83,214.88,216.7,56252.0,AAPL
2023-03-10 13:30:00+00:00,158.06,161.51,156.77,160.28,30939.0,MSFT
2023-03-10 13:30:00+00:00,541.65,553.59,537.05,547.9,63110.0,SPY
2023-03-10 14:30:00+00:00,216.86,219.1,210.11,212.56,86409.0,AAPL
2023-03-10 14:30:00+00:00,160.46,162.34,159.84,161.76,39022.0,MSFT
2023-03-10 14:30:00+00:00,546.79,550.67,542.74,545.07,69177.0,SPY
2023-03-10 15:30:00+00:00,212.31,213.64,210.13,211.3,31061.0,AAPL
2023-03-10 15:30:00+00:00,162.06,164.55,160.15,163.41,31184.0,MSFT
2023-03-10 15:30:00+00:00,544.52,546.76,542.89,545.39,51914.0,SPY
2023-03-10 16:30:00+00:00,211.19,212.35,208.28,209.62,56781.0,AAPL
2023-03-10 16:30:00+00:00,163.17,163.56,162.86,163.31,23570.0,MSFT
2023-03-10 16:30:00+00:00,544.35,558.66,538.4,553.26,69438.0,SPY
2023-03-10 17:30:00+00:00,209.26,220.12,205.5,214.83,78014.0,AAPL
2023-03-10 17:30:00+00:00,162.97,168.41,161.28,166.44,98007.0,MSFT
2023-03-10 17:30:00+00:00,554.8,556.64,552.11,553.25,37666.0,SPY
2023-03-10 18:30:00+00:00,214.79,224.8,210.6,220.27,53926.0,AAPL
2023-03-10 18:30:00+00:00,166.05,172.14,164.67,169.36,31877.0,MSFT
2023-03-10 18:30:00+00:00,552.31,588.01,539.82,571.12,59594.0,SPY
2023-03-10 19:30:00+00:00,220.51,223.5,218.44,222.64,31734.0,AAPL
2023-03-10 19:30:00+00:00,169.22,173.16,168.22,170.96,31990.0,MSFT
2023-03-10 19:30:00+00:00,571.12,578.26,568.84,574.36,60432.0,SPY
2023-03-10 20:30:00+00:00,222.59,227.7,220.27,225.88,61665.0,AAPL
2023-03-10 20:30:00+00:00,171.2,173.16,165.08,167.82,34148.0,MSFT
2023-03-10 20:30:00+00:00,573.52,601.91,558.77,591.61,52303.0,SPY
2023-03-10 21:30:00+00:00,225.7,229.71,223.72,228.45,72384.0,AAPL
2023-03-10 21:30:00+00:00,167.82,169.75,164.86,165.91,72171.0,MSFT
2023-03-10 21:30:00+00:00,591.33,599.45,586.9,594.42,76035.0,SPY
2023-03-10 22:30:00+00:00,228.42,232.76,225.31,231.38,121343.0,AAPL
2023-03-10 22:30:00+00:00,166.32,172.41,154.91,159.42,60599.0,MSFT
2023-03-10 22:30:00+00:00,594.51,601.43,582.18,586.16,29418.0,SPY
2023-03-10 23:30:00+00:00,231.51,232.12,230.72,231.62,31947.0,AAPL
2023-03-10 23:30:00+00:00,159.48,166.42,156.79,163.13,40414.0,MSFT
2023-03-10 23:30:00+00:00,587.49,589.84,581.96,585.12,18895.0,SPY
2023-03-11 00:30:00+00:00,231.79,233.89,225.59,228.46,60578.0,AAPL
2023-03-11 00:30:00+00:00,163.25,164.32,162.94,163.63,42125.0,MSFT
2023-03-11 00:30:00+00:00,586.48,610.34,577.71,600.37,35406.0,SPY
2023-03-11 01:30:00+00:00,228.27,229.75,223.46,225.37,61991.0,AAPL
2023-03-11 01:30:00+00:00,163.8,166.55,162.88,164.97,84117.0,MSFT
2023-03-11 01:30:00+00:00,599.54,606.92,595.37,603.4,139406.0,SPY
2023-03-11 02:30:00+00:00,225.15,226.51,223.57,224.46,12452.0,AAPL
2023-03-11 02:30:00+00:00,165.48,172.03,162.38,169.11,67915.0,MSFT
2023-03-11 02:30:00+00:00,602.73,605.1,597.24,599.02,55174.0,SPY
2023-03-11 03:30:00+00:00,224.23,225.61,219.26,221.58,205542.0,AAPL
2023-03-11 03:30:00+00:00,168.87,171.28,163.37,165.59,97453.0,MSFT
2023-03-11 03:30:00+00:00,598.6,607.36,595.84,604.44,32442.0,SPY
2023-03-11 04:30:00+00:00,222.03,233.63,215.51,229.42,115885.0,AAPL
2023-03-11 04:30:00+00:00,165.44,165.75,165.23,165.53,49093.0,MSFT
2023-03-11 04:30:00+00:00,603.38,619.02,595.05,612.66,56760.0,SPY
2023-03-11 05:30:00+00:00,229.24,230.18,228.8,229.67,49889.0,AAPL
2023-03-11 05:30:00+00:00,165.47,166.73,164.74,166.09,59646.0,MSFT
2023-03-11 05:30:00+00:00,612.75,615.08,610.53,613.43,67170.0,SPY
2023-03-11 06:30:00+00:00,230.15,232.62,226.34,227.55,54352.0,AAPL
2023-03-11 06:30:00+00:00,166.08,166.71,164.23,164.92,57670.0,MSFT
2023-03-11 06:30:00+00:00,611.07,614.27,608.58,612.02,40095.0,SPY
2023-03-11 07:30:00+00:00,227.57,229.41,224.38,225.85,38147.0,AAPL
2023-03-11 07:30:00+00:00,164.99,168.45,163.73,166.62,194066.0,MSFT
2023-03-11 07:30:00+00:00,610.92,613.07,605.13,607.62,56365.0,SPY
2023-03-11 08:30:00+00:00,225.55,226.96,221.73,223.6,101037.0,AAPL
2023-03-11 08:30:00+00:00,166.65,168.56,161.33,163.67,21991.0,MSFT
2023-03-11 08:30:00+00:00,606.53,613.95,602.03,609.83,70268.0,SPY
2023-03-11 09:30:00+00:00,223.23,234.39,218.0,231.38,59269.0,AAPL
2023-03-11 09:30:00+00:00,163.62,164.68,162.93,163.95,42441.0,MSFT
2023-03-11 09:30:00+00:00,609.74,621.19,604.94,617.49,42299.0,SPY
2023-03-11 10:30:00+00:00,231.23,232.54,229.67,230.61,191137.0,AAPL
2023-03-11 10:30:00+00:00,163.95,164.46,162.95,163.39,69699.0,MSFT
2023-03-11 10:30:00+00:00,615.75,624.79,589.82,599.81,55804.0,SPY
2023-03-11 11:30:00+00:00,231.1,234.13,225.27,227.89,45437.0,AAPL
2023-03-11 11:30:00+00:00,162.98,165.8,161.72,164.5,44843.0,MSFT
2023-03-11 11:30:00+00:00,599.52,601.63,597.35,598.6,54810.0,SPY
2023-03-11 12:30:00+00:00,227.81,232.09,225.79,229.95,107975.0,AAPL
2023-03-11 12:30:00+00:00,164.16,166.17,159.41,161.6,58868.0,MSFT
2023-03-11 12:30:00+00:00,598.7,604.25,589.12,594.41,119781.0,SPY
2023-03-11 13:30:00+00:00,230.07,232.94,220.98,224.48,61948.0,AAPL
2023-03-11 13:30:00+00:00,161.93,162.63,160.1,160.87,69144.0,MSFT
2023-03-11 13:30:00+00:00,594.17,602.56,572.28,582.75,57402.0,SPY
2023-03-11 14:30:00+00:00,224.37,227.8,222.48,226.47,39477.0,AAPL
2023-03-11 14:30:00+00:00,160.62,161.45,159.36,160.29,13995.0,MSFT
2023-03-11 14:30:00+00:00,582.3,609.08,566.13,599.8,24536.0,SPY
2023-03-11 15:30:00+00:00,226.95,231.93,224.59,229.46,37898.0,AAPL
2023-03-11 15:30:00+00:00,160.14,162.87,158.37,161.47,47494.0,MSFT
2023-03-11 15:30:00+00:00,600.32,605.76,597.99,603.09,111434.0,SPY
2023-03-11 16:30:00+00:00,229.35,237.31,226.29,233.86,55383.0,AAPL
2023-03-11 16:30:00+00:00,161.52,163.37,158.13,159.91,39277.0,MSFT
2023-03-11 16:30:00+00:00,602.53,616.06,597.25,611.6,41106.0,SPY
2023-03-11 17:30:00+00:00,233.7,235.23,229.22,231.54,110499.0,AAPL
2023-03-11 17:30:00+00:00,160.29,161.26,158.38,159.33,54771.0,MSFT
2023-03-11 17:30:00+00:00,612.49,615.49,609.89,613.81,55812.0,SPY
2023-03-11 18:30:00+00:00,231.95,234.44,224.82,226.89,75476.0,AAPL
2023-03-11 18:30:00+00:00,159.16,162.01,158.4,160.43,34833.0,MSFT
2023-03-11 18:30:00+00:00,613.47,616.64,607.05,609.64,26861.0,SPY
2023-03-11 19:30:00+00:00,226.47,230.45,211.81,219.07,85556.0,AAPL
2023-03-11 19:30:00+00:00,160.71,162.96,160.12,161.7,33262.0,MSFT
2023-03-11 19:30:00+00:00,609.16,617.86,578.82,592.65,52981.0,SPY
2023-03-11 20:30:00+00:00,218.93,222.62,217.2,221.32,84739.0,AAPL
2023-03-11 20:30:00+00:00,161.76,163.88,155.67,157.32,29306.0,MSFT
2023-03-11 20:30:00+00:00,594.73,598.48,592.17,596.76,40133.0,SPY
2023-03-11 21:30:00+00:00,220.71,221.97,218.25,219.51,51907.0,AAPL
2023-03-11 21:30:00+00:00,156.93,160.13,155.22,158.28,84376.0,MSFT
2023-03-11 21:30:00+00:00,596.58,605.33,565.38,580.9,61213.0,SPY
2023-03-11 22:30:00+00:00,219.6,223.44,217.97,221.57,35228.0,AAPL
2023-03-11 22:30:00+00:00,157.86,158.9,156.76,157.28,12731.0,MSFT
2023-03-11 22:30:00+00:00,582.63,584.41,578.65,581.64,98352.0,SPY
2023-03-11 23:30:00+00:00,221.81,225.56,220.56,224.38,30869.0,AAPL
2023-03-11 23:30:00+00:00,157.21,158.69,155.03,156.42,53026.0,MSFT
2023-03-11 23:30:00+00:00,580.43,587.61,567.6,572.05,29536.0,SPY
2023-03-12 00:30:00+00:00,224.73,235.03,222.09,230.49,70814.0,AAPL
2023-03-12 00:30:00+00:00,156.29,156.97,154.34,155.52,46636.0,MSFT
2023-03-12 00:30:00+00:00,572.35,582.88,550.28,559.41,51774.0,SPY
2023-03-12 01:30:00+00:00,230.34,233.16,228.47,231.42,56638.0,AAPL
2023-03-12 01:30:00+00:00,155.41,158.32,150.77,152.4,25978.0,MSFT
2023-03-12 01:30:00+00:00,558.69,560.72,556.83,557.86,73838.0,SPY
2023-03-12 02:30:00+00:00,231.19,238.05,227.95,235.05,36248.0,AAPL
2023-03-12 02:30:00+00:00,152.47,153.16,152.14,152.44,50105.0,MSFT
2023-03-12 02:30:00+00:00,558.79,565.75,541.25,548.51,31762.0,SPY
2023-03-12 03:30:00+00:00,234.52,236.66,233.25,235.71,41655.0,AAPL
2023-03-12 03:30:00+00:00,152.61,155.75,151.06,154.5,46204.0,MSFT
2023-03-12 03:30:00+00:00,546.67,551.33,545.11,549.52,78123.0,SPY
2023-03-12 04:30:00+00:00,236.06,237.37,234.22,235.29,28930.0,AAPL
2023-03-12 04:30:00+00:00,154.26,155.35,152.18,153.07,134081.0,MSFT
2023-03-12 04:30:00+00:00,549.15,553.58,546.9,551.92,73040.0,SPY
2023-03-12 05:30:00+00:00,234.86,236.79,233.02,235.89,45161.0,AAPL
2023-03-12 05:30:00+00:00,153.34,156.4,146.91,149.76,74751.0,MSFT
2023-03-12 05:30:00+00:00,552.2,555.57,550.87,552.96,40995.0,SPY
2023-03-12 06:30:00+00:00,235.65,239.85,227.85,231.23,46468.0,AAPL
2023-03-12 06:30:00+00:00,149.76,155.02,147.96,152.5,48192.0,MSFT
2023-03-12 06:30:00+00:00,552.81,560.36,546.99,557.53,59922.0,SPY
2023-03-12 07:30:00+00:00,231.29,233.93,226.57,228.06,29920.0,AAPL
2023-03-12 07:30:00+00:00,152.36,152.74,151.95,152.34,56671.0,MSFT
2023-03-12 07:30:00+00:00,558.7,573.58,550.51,567.22,35051.0,SPY
2023-03-12 08:30:00+00:00,228.59,230.24,227.86,229.57,71607.0,AAPL
2023-03-12 08:30:00+00:00,152.44,152.92,151.9,152.17,50420.0,MSFT
2023-03-12 08:30:00+00:00,566.39,577.77,563.6,572.19,77244.0,SPY
2023-03-12 09:30:00+00:00,229.38,230.97,224.53,226.89,29587.0,AAPL
2023-03-12 09:30:00+00:00,152.33,152.89,150.48,151.26,61529.0,MSFT
2023-03-12 09:30:00+00:00,572.25,575.21,568.32,570.37,41567.0,SPY
2023-03-12 10:30:00+00:00,226.73,228.88,225.53,227.79,43674.0,AAPL
2023-03-12 10:30:00+00:00,151.2,153.88,150.54,152.53,25468.0,MSFT
2023-03-12 10:30:00+00:00,570.39,581.72,566.35,577.55,45399.0,SPY
2023-03-12 11:30:00+00:00,227.69,232.42,213.59,218.55,45970.0,AAPL
2023-03-12 11:30:00+00:00,152.0,152.49,151.0,151.84,44984.0,MSFT
2023-03-12 11:30:00+00:00,576.45,581.34,572.67,578.44,26640.0,SPY
2023-03-12 12:30:00+00:00,218.53,220.35,217.34,219.43,89753.0,AAPL
2023-03-12 12:30:00+00:00,151.69,152.21,151.0,151.48,27251.0,MSFT
2023-03-12 12:30:00+00:00,579.44,584.94,576.59,583.07,52470.0,SPY
2023-03-12 13:30:00+00:00,218.91,219.77,217.52,218.6,32104.0,AAPL
2023-03-12 13:30:00+00:00,151.34,152.58,150.65,151.85,36946.0,MSFT
2023-03-12 13:30:00+00:00,582.82,588.0,578.96,585.34,41967.0,SPY
2023-03-12 14:30:00+00:00,218.97,220.28,217.98,219.51,65562.0,AAPL
2023-03-12 14:30:00+00:00,152.17,163.87,147.45,160.23,52080.0,MSFT
2023-03-12 14:30:00+00:00,585.37,592.97,555.07,567.99,23139.0,SPY
2023-03-12 15:30:00+00:00,219.73,225.11,217.61,223.02,50111.0,AAPL
2023-03-12 15:30:00+00:00,160.49,161.59,157.39,158.46,30239.0,MSFT
2023-03-12 15:30:00+00:00,567.15,575.73,553.18,560.2,35474.0,SPY
2023-03-12 16:30:00+00:00,222.9,227.59,214.81,217.78,27517.0,AAPL
2023-03-12 16:30:00+00:00,158.59,160.04,153.77,155.87,42367.0,MSFT
2023-03-12 16:30:00+00:00,560.35,578.05,550.21,572.73,34483.0,SPY
2023-03-12 17:30:00+00:00,216.93,219.12,215.68,218.21,72595.0,AAPL
2023-03-12 17:30:00+00:00,156.1,157.91,155.09,157.01,112015.0,MSFT
2023-03-12 17:30:00+00:00,571.81,579.91,567.73,576.37,26584.0,SPY
2023-03-12 18:30:00+00:00,218.17,219.31,213.49,215.73,58950.0,AAPL
2023-03-12 18:30:00+00:00,156.96,157.86,155.41,156.48,44649.0,MSFT
2023-03-12 18:30:00+00:00,576.84,581.53,567.34,571.66,57024.0,SPY
2023-03-12 19:30:00+00:00,215.76,216.53,214.61,215.25,63770.0,AAPL
2023-03-12 19:30:00+00:00,156.25,156.57,155.9,156.34,35601.0,MSFT
2023-03-12 19:30:00+00:00,571.73,574.15,569.44,572.37,48941.0,SPY
2023-03-12 20:30:00+00:00,215.37,216.41,213.26,214.04,47271.0,AAPL
2023-03-12 20:30:00+00:00,155.97,157.49,154.92,156.76,22553.0,MSFT
2023-03-12 20:30:00+00:00,570.98,578.68,568.49,574.1,135917.0,SPY
2023-03-12 21:30:00+00:00,213.84,221.72,208.97,219.5,65513.0,AAPL
2023-03-12 21:30:00+00:00,156.45,156.72,155.93,156.47,32532.0,MSFT
2023-03-12 21:30:00+00:00,573.53,584.99,551.87,559.7,30338.0,SPY
2023-03-12 22:30:00+00:00,219.31,231.47,212.63,226.28,75780.0,AAPL
2023-03-12 22:30:00+00:00,156.36,163.26,154.76,159.85,76148.0,MSFT
2023-03-12 22:30:00+00:00,558.4,577.95,549.54,571.95,31116.0,SPY
2023-03-12 23:30:00+00:00,226.12,228.2,224.25,227.04,46334.0,AAPL
2023-03-12 23:30:00+00:00,159.62,162.33,152.75,155.9,44113.0,MSFT
2023-03-12 23:30:00+00:00,571.92,574.84,568.52,570.57,184519.0,SPY
2023-03-13 00:30:00+00:00,227.47,230.6,225.36,229.19,74757.0,AAPL
2023-03-13 00:30:00+00:00,155.34,155.81,154.47,155.01,67998.0,MSFT
2023-03-13 00:30:00+00:00,571.1,576.9,555.88,561.21,62186.0,SPY
2023-03-13 01:30:00+00:00,229.47,232.87,228.32,231.74,47761.0,AAPL
2023-03-13 01:30:00+00:00,155.49,156.99,150.61,152.16,113133.0,MSFT
2023-03-13 01:30:00+00:00,562.39,577.27,555.07,570.71,59633.0,SPY
2023-03-13 02:30:00+00:00,232.08,235.83,229.11,234.15,94564.0,AAPL
2023-03-13 02:30:00+00:00,152.26,152.58,151.61,152.07,28364.0,MSFT
2023-03-13 02:30:00+00:00,571.12,582.81,565.98,577.28,48271.0,SPY
2023-03-13 03:30:00+00:00,234.31,237.64,227.09,230.88,43274.0,AAPL
2023-03-13 03:30:00+00:00,152.59,152.86,152.03,152.25,72432.0,MSFT
2023-03-13 03:30:00+00:00,577.76,598.3,570.84,589.17,74722.0,SPY
2023-03-13 04:30:00+00:00,230.41,233.21,228.8,231.74,36893.0,AAPL
2023-03-13 04:30:00+00:00,151.77,152.22,151.08,151.63,74676.0,MSFT
2023-03-13 04:30:00+00:00,590.18,592.38,585.64,587.86,84264.0,SPY
2023-03-13 05:30:00+00:00,232.1,237.41,230.89,235.38,51598.0,AAPL
2023-03-13 05:30:00+00:00,151.99,152.49,151.14,151.64,68007.0,MSFT
2023-03-13 05:30:00+00:00,587.81,596.0,559.44,572.63,64737.0,SPY
2023-03-13 06:30:00+00:00,235.63,237.62,233.43,236.6,72302.0,AAPL
2023-03-13 06:30:00+00:00,151.81,153.59,144.1,148.01,37614.0,MSFT
2023-03-13 06:30:00+00:00,572.5,579.8,558.94,563.97,28268.0,SPY
2023-03-13 07:30:00+00:00,236.28,237.32,234.92,236.15,85407.0,AAPL
2023-03-13 07:30:00+00:00,148.09,148.82,147.21,147.63,37573.0,MSFT
2023-03-13 07:30:00+00:00,563.51,564.77,561.68,563.28,26164.0,SPY
2023-03-13 08:30:00+00:00,235.97,237.44,233.36,234.27,100796.0,AAPL
2023-03-13 08:30:00+00:00,147.88,148.41,147.63,148.06,23545.0,MSFT
2023-03-13 08:30:00+00:00,562.46,564.31,559.39,561.4,60910.0,SPY
2023-03-13 09:30:00+00:00,234.39,239.6,232.88,237.44,84290.0,AAPL
2023-03-13 09:30:00+00:00,148.28,149.17,147.74,148.42,32184.0,MSFT
2023-03-13 09:30:00+00:00,563.13,564.1,561.52,562.82,41765.0,SPY
2023-03-13 10:30:00+00:00,237.44,238.19,235.13,236.59,54809.0,AAPL
2023-03-13 10:30:00+00:00,148.74,153.68,147.19,151.71,29100.0,MSFT
2023-03-13 10:30:00+00:00,562.04,565.59,556.71,559.56,28318.0,SPY
2023-03-13 11:30:00+00:00,236.39,237.42,235.51,236.89,29028.0,AAPL
2023-03-13 11:30:00+00:00,152.19,159.06,148.7,156.62,63777.0,MSFT
2023-03-13 11:30:00+00:00,560.11,579.01,550.31,573.69,62900.0,SPY
2023-03-13 12:30:00+00:00,236.2,245.92,232.64,243.17,99891.0,AAPL
2023-03-13 12:30:00+00:00,156.79,159.6,155.86,158.13,70920.0,MSFT
2023-03-13 12:30:00+00:00,572.83,599.26,561.54,591.48,21701.0,SPY
2023-03-13 13:30:00+00:00,242.88,246.99,239.89,245.62,36341.0,AAPL
2023-03-13 13:30:00+00:00,158.12,159.05,156.39,157.3,67043.0,MSFT
2023-03-13 13:30:00+00:00,590.34,602.1,584.98,598.25,34816.0,SPY
2023-03-13 14:30:00+00:00,246.08,248.71,245.1,247.01,56154.0,AAPL
2023-03-13 14:30:00+00:00,157.4,157.81,156.98,157.42,66023.0,MSFT
2023-03-13 14:30:00+00:00,598.25,603.03,594.62,600.28,91518.0,SPY
2023-03-13 15:30:00+00:00,246.78,248.33,245.11,245.78,171141.0,AAPL
2023-03-13 15:30:00+00:00,157.67,158.2,156.72,157.43,30509.0,MSFT
2023-03-13 15:30:00+00:00,599.47,603.97,597.04,601.65,46519.0,SPY
2023-03-13 16:30:00+00:00,245.55,246.77,244.45,244.96,36527.0,AAPL
2023-03-13 16:30:00+00:00,157.27,160.61,156.15,158.69,28133.0,MSFT
2023-03-13 16:30:00+00:00,601.83,605.47,590.36,594.78,67586.0,SPY
2023-03-13 17:30:00+00:00,244.86,250.2,243.29,247.62,60930.0,AAPL
2023-03-13 17:30:00+00:00,158.76,161.61,157.41,160.83,42154.0,MSFT
2023-03-13 17:30:00+00:00,593.23,601.93,586.21,598.32,30405.0,SPY
2023-03-13 18:30:00+00:00,247.49,253.73,244.59,251.14,77680.0,AAPL
2023-03-13 18:30:00+00:00,160.84,161.74,157.66,158.72,96312.0,MSFT
2023-03-13 18:30:00+00:00,597.77,615.09,588.97,610.4,50183.0,SPY
2023-03-13 19:30:00+00:00,251.57,253.7,250.89,252.17,39581.0,AAPL
2023-03-13 19:30:00+00:00,159.23,165.34,157.06,163.11,50598.0,MSFT
2023-03-13 19:30:00+00:00,610.04,613.26,600.82,605.47,83984.0,SPY
2023-03-13 20:30:00+00:00,252.36,262.12,247.9,258.42,73428.0,AAPL
2023-03-13 20:30:00+00:00,163.01,163.92,159.73,161.22,26295.0,MSFT
2023-03-13 20:30:00+00:00,604.64,616.08,583.35,591.69,28363.0,SPY
2023-03-13 21:30:00+00:00,258.02,261.02,251.11,253.45,50627.0,AAPL
2023-03-13 21:30:00+00:00,161.15,164.55,159.52,162.71,77093.0,MSFT
2023-03-13 21:30:00+00:00,591.59,602.17,554.15,570.08,43409.0,SPY
2023-03-13 22:30:00+00:00,253.11,255.1,252.21,254.27,29755.0,AAPL
2023-03-13 22:30:00+00:00,163.28,165.01,158.69,160.89,33578.0,MSFT
2023-03-13 22:30:00+00:00,569.51,572.35,565.93,567.81,69045.0,SPY
2023-03-13 23:30:00+00:00,254.03,258.05,251.57,256.63,45207.0,AAPL
2023-03-13 23:30:00+00:00,161.33,162.83,156.84,158.89,24436.0,MSFT
2023-03-13 23:30:00+00:00,567.79,572.02,564.89,570.14,76178.0,SPY
2023-03-14 00:30:00+00:00,256.88,267.89,252.16,262.92,57315.0,AAPL
2023-03-14 00:30:00+00:00,158.83,159.62,157.43,158.36,35965.0,MSFT
2023-03-14 00:30:00+00:00,570.85,582.64,564.51,576.9,75425.0,SPY
2023-03-14 01:30:00+00:00,262.62,269.17,259.26,266.25,48232.0,AAPL
2023-03-14 01:30:00+00:00,158.06,159.71,157.22,159.04,68985.0,MSFT
2023-03-14 01:30:00+00:00,576.08,591.3,571.54,586.71,106718.0,SPY
2023-03-14 02:30:00+00:00,266.39,268.79,262.19,263.97,21181.0,AAPL
2023-03-14 02:30:00+00:00,159.34,160.36,156.78,158.04,56954.0,MSFT
2023-03-14 02:30:00+00:00,585.32,591.48,577.81,581.59,18640.0,SPY
2023-03-14 03:30:00+00:00,263.24,265.59,262.46,264.74,35954.0,AAPL
2023-03-14 03:30:00+00:00,157.9,159.17,153.81,155.06,39586.0,MSFT
2023-03-14 03:30:00+00:00,580.06,589.17,575.59,585.49,132532.0,SPY
2023-03-14 04:30:00+00:00,264.86,265.88,263.0,264.61,39792.0,AAPL
2023-03-14 04:30:00+00:00,154.58,156.67,150.42,151.79,45171.0,MSFT
2023-03-14 04:30:00+00:00,585.72,592.89,581.25,590.38,72005.0,SPY
2023-03-14 05:30:00+00:00,264.25,266.56,255.59,259.33,30631.0,AAPL
2023-03-14 05:30:00+00:00,151.88,155.47,150.9,153.66,64936.0,MSFT
2023-03-14 05:30:00+00:00,591.28,592.93,588.58,590.29,30354.0,SPY
2023-03-14 06:30:00+00:00,259.68,262.46,258.23,261.03,88186.0,AAPL
2023-03-14 06:30:00+00:00,153.52,154.64,151.69,152.49,66510.0,MSFT
2023-03-14 06:30:00+00:00,589.91,592.42,582.28,585.2,32726.0,SPY
2023-03-14 07:30:00+00:00,260.82,264.18,253.35,256.27,41312.0,AAPL
2023-03-14 07:30:00+00:00,152.57,153.71,148.82,150.01,56942.0,MSFT
2023-03-14 07:30:00+00:00,586.73,590.98,574.9,578.56,61379.0,SPY
2023-03-14 08:30:00+00:00,256.61,258.97,255.61,257.74,42126.0,AAPL
2023-03-14 08:30:00+00:00,150.27,157.63,147.41,154.38,48340.0,MSFT
2023-03-14 08:30:00+00:00,579.28,589.59,574.82,583.58,29974.0,SPY
2023-03-14 09:30:00+00:00,258.33,261.5,256.8,259.5,19540.0,AAPL
2023-03-14 09:30:00+00:00,154.09,157.83,153.12,156.11,47705.0,MSFT
2023-03-14 09:30:00+00:00,582.81,589.45,579.31,585.85,70658.0,SPY
2023-03-14 10:30:00+00:00,258.81,259.55,258.46,259.18,38010.0,AAPL
2023-03-14 10:30:00+00:00,155.99,168.56,150.08,163.83,39510.0,MSFT
2023-03-14 10:30:00+00:00,586.34,587.56,584.2,585.22,45026.0,SPY
2023-03-14 11:30:00+00:00,259.89,262.04,252.15,254.19,40208.0,AAPL
2023-03-14 11:30:00+00:00,163.63,164.98,160.8,162.05,48333.0,MSFT
2023-03-14 11:30:00+00:00,584.85,588.83,582.24,586.26,60707.0,SPY
2023-03-14 12:30:00+00:00,254.05,254.88,253.7,254.34,25440.0,AAPL
2023-03-14 12:30:00+00:00,161.82,163.47,161.15,162.75,28533.0,MSFT
2023-03-14 12:30:00+00:00,585.91,588.56,577.1,579.61,50259.0,SPY
2023-03-14 13:30:00+00:00,254.83,256.07,253.85,255.17,125813.0,AAPL
2023-03-14 13:30:00+00:00,162.47,163.42,160.67,161.66,62695.0,MSFT
2023-03-14 13:30:00+00:00,579.28,600.51,568.22,590.89,59135.0,SPY
2023-03-14 14:30:00+00:00,254.87,257.61,249.64,252.45,58920.0,AAPL
2023-03-14 14:30:00+00:00,161.54,162.47,159.88,160.76,58853.0,MSFT
2023-03-14 14:30:00+00:00,592.58,598.62,574.15,581.16,28478.0,SPY
2023-03-14 15:30:00+00:00,252.37,253.99,250.9,252.94,30942.0,AAPL
2023-03-14 15:30:00+00:00,160.78,164.27,159.07,162.72,29869.0,MSFT
2023-03-14 15:30:00+00:00,581.39,583.65,575.77,578.43,42982.0,SPY
2023-03-14 16:30:00+00:00,253.28,254.67,252.09,253.17,42707.0,AAPL
2023-03-14 16:30:00+00:00,162.48,170.41,159.82,166.87,78266.0,MSFT
2023-03-14 16:30:00+00:00,578.9,583.64,576.85,580.4,86539.0,SPY
2023-03-14 17:30:00+00:00,253.48,257.53,252.02,255.58,53430.0,AAPL
2023-03-14 17:30:00+00:00,166.92,168.71,166.12,167.47,97873.0,MSFT
2023-03-14 17:30:00+00:00,581.56,586.62,573.78,577.01,19258.0,SPY
2023-03-14 18:30:00+00:00,255.91,267.83,251.63,263.68,43799.0,AAPL
2023-03-14 18:30:00+00:00,167.59,168.26,166.53,167.0,100196.0,MSFT
2023-03-14 18:30:00+00:00,575.72,577.81,569.04,572.87,46859.0,SPY
2023-03-14 19:30:00+00:00,263.89,266.66,257.73,259.85,59628.0,AAPL
2023-03-14 19:30:00+00:00,166.69,167.82,162.35,164.7,70512.0,MSFT
2023-03-14 19:30:00+00:00,572.7,576.65,571.06,574.3,32962.0,SPY
2023-03-14 20:30:00+00:00,259.81,261.53,256.7,257.89,92022.0,AAPL
2023-03-14 20:30:00+00:00,164.62,170.09,163.47,167.52,55686.0,MSFT
2023-03-14 20:30:00+00:00,574.01,594.12,569.12,585.06,49312.0,SPY
2023-03-14 21:30:00+00:00,258.02,262.19,255.83,260.54,69210.0,AAPL
2023-03-14 21:30:00+00:00,167.43,170.47,166.45,168.98,89035.0,MSFT
2023-03-14 21:30:00+00:00,585.26,588.89,572.52,579.57,34247.0,SPY
2023-03-14 22:30:00+00:00,260.91,262.29,259.59,260.56,49931.0,AAPL
2023-03-14 22:30:00+00:00,168.78,170.7,167.49,169.52,47036.0,MSFT
2023-03-14 22:30:00+00:00,580.51,583.6,576.86,579.55,40935.0,SPY
2023-03-14 23:30:00+00:00,260.49,261.54,259.23,260.28,83973.0,AAPL
2023-03-14 23:30:00+00:00,169.02,169.89,168.36,168.98,29368.0,MSFT
2023-03-14 23:30:00+00:00,578.84,591.5,574.73,585.53,102282.0,SPY
2023-03-15 00:30:00+00:00,259.65,263.63,258.31,261.86,30753.0,AAPL
2023-03-15 00:30:00+00:00,169.11,169.83,168.22,168.98,25853.0,MSFT
2023-03-15 00:30:00+00:00,585.07,587.64,583.22,586.18,26378.0,SPY
2023-03-15 01:30:00+00:00,262.35,266.75,260.39,264.68,71451.0,AAPL
2023-03-15 01:30:00+00:00,169.07,171.83,162.91,165.35,34210.0,MSFT
2023-03-15 01:30:00+00:00,586.76,602.15,556.39,569.21,48651.0,SPY
2023-03-15 02:30:00+00:00,264.58,266.31,263.49,264.93,87785.0,AAPL
2023-03-15 02:30:00+00:00,165.1,167.47,159.85,161.8,24979.0,MSFT
2023-03-15 02:30:00+00:00,569.99,579.65,542.62,549.71,52477.0,SPY
2023-03-15 03:30:00+00:00,265.12,267.92,258.55,260.82,68199.0,AAPL
2023-03-15 03:30:00+00:00,161.51,162.52,160.42,161.95,58637.0,MSFT
2023-03-15 03:30:00+00:00,549.17,567.78,543.36,559.21,52899.0,SPY
2023-03-15 04:30:00+00:00,260.94,263.4,259.15,262.1,76606.0,AAPL
2023-03-15 04:30:00+00:00,161.76,162.57,160.93,162.05,189306.0,MSFT
2023-03-15 04:30:00+00:00,560.01,564.79,550.05,553.21,74794.0,SPY
2023-03-15 05:30:00+00:00,261.89,266.7,253.67,256.62,104979.0,AAPL
2023-03-15 05:30:00+00:00,161.79,167.08,159.94,165.16,89528.0,MSFT
2023-03-15 05:30:00+00:00,553.07,555.96,542.93,549.12,49418.0,SPY
2023-03-15 06:30:00+00:00,256.57,258.39,250.94,253.3,94230.0,AAPL
2023-03-15 06:30:00+00:00,165.43,168.02,164.77,166.77,31297.0,MSFT
2023-03-15 06:30:00+00:00,550.25,559.42,528.22,537.62,143036.0,SPY
2023-03-15 07:30:00+00:00,253.65,254.68,252.3,253.69,21129.0,AAPL
2023-03-15 07:30:00+00:00,166.12,167.36,165.66,166.85,74762.0,MSFT
2023-03-15 07:30:00+00:00,536.97,541.27,534.65,539.18,32939.0,SPY
2023-03-15 08:30:00+00:00,253.86,255.08,253.37,254.46,57548.0,AAPL
2023-03-15 08:30:00+00:00,166.68,172.46,164.12,169.57,58407.0,MSFT
2023-03-15 08:30:00+00:00,539.66,545.88,535.62,542.47,36073.0,SPY
2023-03-15 09:30:00+00:00,254.77,261.31,253.16,259.17,31764.0,AAPL
2023-03-15 09:30:00+00:00,169.73,175.46,166.9,172.69,70365.0,MSFT
2023-03-15 09:30:00+00:00,543.1,544.14,542.04,543.18,44098.0,SPY
2023-03-15 10:30:00+00:00,259.18,268.78,255.87,264.35,67957.0,AAPL
2023-03-15 10:30:00+00:00,172.7,174.75,171.28,174.1,109381.0,MSFT
2023-03-15 10:30:00+00:00,543.55,546.44,539.01,542.48,69002.0,SPY
2023-03-15 11:30:00+00:00,264.92,267.96,260.25,262.24,28171.0,AAPL
2023-03-15 11:30:00+00:00,174.09,176.28,170.35,171.47,49573.0,MSFT
2023-03-15 11:30:00+00:00,541.34,543.52,539.1,540.27,40987.0,SPY
2023-03-15 12:30:00+00:00,262.18,265.11,258.36,260.34,54976.0,AAPL
2023-03-15 12:30:00+00:00,171.55,174.13,170.53,173.24,57238.0,MSFT
2023-03-15 12:30:00+00:00,539.61,555.26,534.53,548.12,110859.0,SPY
2023-03-15 13:30:00+00:00,260.43,268.42,258.14,264.91,44133.0,AAPL
2023-03-15 13:30:00+00:00,173.29,173.98,172.83,173.57,63085.0,MSFT
2023-03-15 13:30:00+00:00,547.92,557.57,529.62,536.21,30981.0,SPY
2023-03-15 14:30:00+00:00,265.08,280.27,258.25,272.88,94070.0,AAPL
2023-03-15 14:30:00+00:00,173.82,174.14,173.22,173.85,60245.0,MSFT
2023-03-15 14:30:00+00:00,535.19,542.39,524.32,528.19,31737.0,SPY
2023-03-15 15:30:00+00:00,272.96,274.66,271.32,273.92,85245.0,AAPL
2023-03-15 15:30:00+00:00,174.1,176.72,168.17,170.54,49224.0,MSFT
2023-03-15 15:30:00+00:00,528.8,532.13,524.92,526.95,82828.0,SPY
2023-03-15 16:30:00+00:00,273.22,273.92,272.24,272.8,36296.0,AAPL
2023-03-15 16:30:00+00:00,170.49,171.39,169.19,169.96,43760.0,MSFT
2023-03-15 16:30:00+00:00,524.97,530.03,515.29,520.17,64401.0,SPY
2023-03-15 17:30:00+00:00,272.81,275.23,266.26,269.78,106932.0,AAPL
2023-03-15 17:30:00+00:00,169.91,176.9,166.97,173.44,29853.0,MSFT
2023-03-15 17:30:00+00:00,520.78,532.11,514.26,528.19,25067.0,SPY
2023-03-15 18:30:00+00:00,270.62,273.76,260.45,264.36,58785.0,AAPL
2023-03-15 18:30:00+00:00,173.44,173.94,172.91,173.49,39961.0,MSFT
2023-03-15 18:30:00+00:00,528.24,538.71,520.5,534.65,42552.0,SPY
2023-03-15 19:30:00+00:00,263.63,265.22,262.67,263.88,32417.0,AAPL
2023-03-15 19:30:00+00:00,173.72,176.54,172.49,175.02,48929.0,MSFT
2023-03-15 19:30:00+00:00,534.59,551.67,526.69,547.14,62168.0,SPY
2023-03-15 20:30:00+00:00,263.51,265.84,256.78,259.89,41438.0,AAPL
2023-03-15 20:30:00+00:00,175.07,176.21,173.04,173.97,45120.0,MSFT
2023-03-15 20:30:00+00:00,547.5,557.13,542.05,552.56,44610.0,SPY
2023-03-15 21:30:00+00:00,260.58,264.01,258.7,262.18,42004.0,AAPL
2023-03-15 21:30:00+00:00,173.61,177.56,172.12,176.24,38271.0,MSFT
2023-03-15 21:30:00+00:00,552.42,555.08,548.13,550.23,43221.0,SPY
2023-03-15 22:30:00+00:00,262.16,266.73,248.19,254.09,30521.0,AAPL
2023-03-15 22:30:00+00:00,176.45,177.02,175.95,176.44,93696.0,MSFT
2023-03-15 22:30:00+00:00,551.16,555.68,537.08,544.16,47758.0,SPY
2023-03-15 23:30:00+00:00,254.28,259.2,251.91,256.68,53416.0,AAPL
2023-03-15 23:30:00+00:00,176.35,179.62,166.73,170.9,30618.0,MSFT
2023-03-15 23:30:00+00:00,544.41,553.32,541.15,548.47,30736.0,SPY
2023-03-16 00:30:00+00:00,256.93,261.41,255.32,259.7,29545.0,AAPL
2023-03-16 00:30:00+00:00,170.53,172.42,169.4,171.73,39117.0,MSFT
2023-03-16 00:30:00+00:00,548.7,557.45,546.22,553.85,69939.0,SPY
2023-03-16 01:30:00+00:00,259.14,261.27,256.92,257.77,37663.0,AAPL
2023-03-16 01:30:00+00:00,171.88,172.78,169.92,171.15,47812.0,MSFT
2023-03-16 01:30:00+00:00,553.3,564.58,534.72,541.2,78256.0,SPY
2023-03-16 02:30:00+00:00,258.28,259.19,255.02,256.89,30364.0,AAPL
2023-03-16 02:30:00+00:00,171.04,173.52,170.19,172.65,43893.0,MSFT
2023-03-16 02:30:00+00:00,541.45,544.84,526.69,533.38,30875.0,SPY
2023-03-16 03:30:00+00:00,256.92,258.5,256.06,257.45,99033.0,AAPL
2023-03-16 03:30:00+00:00,172.67,174.8,167.3,168.77,55515.0,MSFT
2023-03-16 03:30:00+00:00,533.79,545.41,529.33,541.67,11347.0,SPY
2023-03-16 04:30:00+00:00,257.94,259.83,255.54,256.53,45468.0,AAPL
2023-03-16 04:30:00+00:00,168.58,171.24,163.25,165.72,27978.0,MSFT
2023-03-16 04:30:00+00:00,541.85,554.22,518.29,526.35,13901.0,SPY
2023-03-16 05:30:00+00:00,256.95,263.13,244.71,250.94,80678.0,AAPL
2023-03-16 05:30:00+00:00,165.78,169.39,164.77,167.31,32659.0,MSFT
2023-03-16 05:30:00+00:00,526.35,532.71,511.7,518.66,47674.0,SPY
2023-03-16 06:30:00+00:00,250.26,253.69,247.91,252.42,51865.0,AAPL
2023-03-16 06:30:00+00:00,167.39,173.56,163.55,171.36,38924.0,MSFT
2023-03-16 06:30:00+00:00,517.0,521.04,511.49,514.61,52939.0,SPY
2023-03-16 07:30:00+00:00,252.49,267.93,247.75,261.36,49697.0,AAPL
2023-03-16 07:30:00+00:00,171.26,173.22,167.37,168.69,44775.0,MSFT
2023-03-16 07:30:00+00:00,515.22,517.28,513.35,515.15,70006.0,SPY
2023-03-16 08:30:00+00:00,261.68,269.94,258.31,267.45,116783.0,AAPL
2023-03-16 08:30:00+00:00,169.02,170.29,167.26,168.04,44875.0,MSFT
2023-03-16 08:30:00+00:00,514.9,516.98,510.5,512.35,33944.0,SPY
2023-03-16 09:30:00+00:00,267.4,268.63,266.59,267.49,69288.0,AAPL
2023-03-16 09:30:00+00:00,167.98,169.64,164.57,166.31,114394.0,MSFT
2023-03-16 09:30:00+00:00,511.36,513.08,506.41,508.81,13510.0,SPY
2023-03-16 10:30:00+00:00,267.56,269.37,265.68,267.21,48241.0,AAPL
2023-03-16 10:30:00+00:00,166.35,169.39,165.23,168.52,89031.0,MSFT
2023-03-16 10:30:00+00:00,508.11,514.82,494.88,499.94,39008.0,SPY
2023-03-16 11:30:00+00:00,266.47,271.96,263.43,270.18,28715.0,AAPL
2023-03-16 11:30:00+00:00,168.9,171.7,167.0,170.32,21798.0,MSFT
2023-03-16 11:30:00+00:00,498.96,514.31,493.31,507.02,22136.0,SPY
2023-03-16 12:30:00+00:00,270.38,273.59,264.26,266.5,23128.0,AAPL
2023-03-16 12:30:00+00:00,170.8,174.1,161.27,164.98,27421.0,MSFT
2023-03-16 12:30:00+00:00,507.27,509.31,498.59,502.84,34328.0,SPY
2023-03-16 13:30:00+00:00,266.76,270.64,259.66,261.65,44261.0,AAPL
2023-03-16 13:30:00+00:00,165.01,166.5,161.26,162.96,38022.0,MSFT
2023-03-16 13:30:00+00:00,502.68,509.99,498.19,506.63,58111.0,SPY
2023-03-16 14:30:00+00:00,261.38,268.9,259.14,265.34,110555.0,AAPL
2023-03-16 14:30:00+00:00,162.8,167.22,161.82,164.85,46828.0,MSFT
2023-03-16 14:30:00+00:00,506.66,517.17,499.65,512.61,46003.0,SPY
2023-03-16 15:30:00+00:00,265.06,266.15,263.49,264.6,48586.0,AAPL
2023-03-16 15:30:00+00:00,165.11,165.98,163.42,164.15,20945.0,MSFT
2023-03-16 15:30:00+00:00,511.72,513.03,509.4,511.53,38130.0,SPY
2023-03-16 16:30:00+00:00,263.82,267.02,262.54,265.06,82392.0,AAPL
2023-03-16 16:30:00+00:00,164.21,164.72,163.66,164.17,55166.0,MSFT
2023-03-16 16:30:00+00:00,511.24,513.53,508.53,511.64,28365.0,SPY
2023-03-16 17:30:00+00:00,264.9,269.03,256.1,259.61,76385.0,AAPL
2023-03-16 17:30:00+00:00,164.26,167.86,162.4,166.24,35960.0,MSFT
2023-03-16 17:30:00+00:00,512.04,515.76,498.34,502.77,54268.0,SPY
2023-03-16 18:30:00+00:00,259.54,262.15,255.74,257.82,75787.0,AAPL
2023-03-16 18:30:00+00:00,166.24,167.14,164.42,165.46,189379.0,MSFT
2023-03-16 18:30:00+00:00,503.38,509.47,486.59,493.27,38340.0,SPY
2023-03-16 19:30:00+00:00,257.93,259.54,250.46,254.15,101185.0,AAPL
2023-03-16 19:30:00+00:00,165.51,170.42,163.69,167.97,28681.0,MSFT
2023-03-16 19:30:00+00:00,493.36,509.17,487.2,501.5,220357.0,SPY
2023-03-16 20:30:00+00:00,253.75,258.4,251.18,256.6,29463.0,AAPL
2023-03-16 20:30:00+00:00,167.87,168.36,166.52,167.29,180617.0,MSFT
2023-03-16 20:30:00+00:00,501.29,505.23,497.71,500.12,45565.0,SPY
2023-03-16 21:30:00+00:00,256.0,263.05,252.38,259.51,48534.0,AAPL
2023-03-16 21:30:00+00:00,167.29,170.25,166.28,168.51,63169.0,MSFT
2023-03-16 21:30:00+00:00,499.83,503.03,493.62,497.26,42536.0,SPY
2023-03-16 22:30:00+00:00,259.38,263.79,256.99,261.34,21565.0,AAPL
2023-03-16 22:30:00+00:00,168.3,172.63,166.52,170.69,40917.0,MSFT
2023-03-16 22:30:00+00:00,496.87,504.11,491.61,500.95,62925.0,SPY
2023-03-16 23:30:00+00:00,261.29,264.84,245.43,252.21,90748.0,AAPL
2023-03-16 23:30:00+00:00,170.65,173.9,169.1,172.25,35225.0,MSFT
2023-03-16 23:30:00+00:00,499.72,503.23,488.99,493.47,128364.0,SPY
2023-03-17 00:30:00+00:00,252.34,254.16,248.97,250.46,89098.0,AAPL
2023-03-17 00:30:00+00:00,172.09,172.87,171.47,172.45,41774.0,MSFT
2023-03-17 00:30:00+00:00,494.21,506.48,486.52,501.03,47742.0,SPY
2023-03-17 01:30:00+00:00,250.74,257.99,248.99,255.73,21627.0,AAPL
2023-03-17 01:30:00+00:00,172.65,174.17,172.09,173.02,77434.0,MSFT
2023-03-17 01:30:00+00:00,501.47,532.35,492.74,519.23,40412.0,SPY
2023-03-17 02:30:00+00:00,255.9,259.48,253.42,257.61,71651.0,AAPL
2023-03-17 02:30:00+00:00,172.92,173.59,170.6,172.11,29125.0,MSFT
2023-03-17 02:30:00+00:00,519.68,534.07,513.0,528.22,36015.0,SPY
2023-03-17 03:30:00+00:00,257.07,259.76,252.12,253.66,31704.0,AAPL
2023-03-17 03:30:00+00:00,172.23,174.72,171.26,173.77,39600.0,MSFT
2023-03-17 03:30:00+00:00,528.93,533.3,527.76,530.78,55773.0,SPY
2023-03-17 04:30:00+00:00,253.63,255.42,250.8,252.64,77232.0,AAPL
2023-03-17 04:30:00+00:00,173.8,174.81,170.61,172.23,51683.0,MSFT
2023-03-17 04:30:00+00:00,531.19,537.78,517.41,522.74,73460.0,SPY
2023-03-17 05:30:00+00:00,252.92,253.32,252.32,252.99,127033.0,AAPL
2023-03-17 05:30:00+00:00,172.07,179.19,169.46,175.88,49981.0,MSFT
2023-03-17 05:30:00+00:00,522.27,526.13,515.9,518.49,37318.0,SPY
2023-03-17 06:30:00+00:00,252.69,255.13,251.42,253.95,67622.0,AAPL
2023-03-17 06:30:00+00:00,175.72,178.82,169.0,172.08,33969.0,MSFT
2023-03-17 06:30:00+00:00,517.71,522.1,500.29,508.78,116973.0,SPY
2023-03-17 07:30:00+00:00,253.68,254.91,251.01,252.36,56551.0,AAPL
2023-03-17 07:30:00+00:00,171.83,172.87,170.3,171.22,47569.0,MSFT
2023-03-17 07:30:00+00:00,508.88,516.29,489.76,496.08,71006.0,SPY
2023-03-17 08:30:00+00:00,252.73,255.49,251.63,253.51,60102.0,AAPL
2023-03-17 08:30:00+00:00,171.28,179.29,166.42,176.54,62699.0,MSFT
2023-03-17 08:30:00+00:00,496.33,499.43,489.29,492.56,49647.0,SPY
2023-03-17 09:30:00+00:00,253.67,261.74,251.53,258.32,84154.0,AAPL
2023-03-17 09:30:00+00:00,176.5,177.51,174.86,175.75,41856.0,MSFT
2023-03-17 09:30:00+00:00,491.74,525.06,478.82,511.94,53324.0,SPY
2023-03-17 10:30:00+00:00,257.84,259.2,257.24,258.05,54834.0,AAPL
2023-03-17 10:30:00+00:00,175.52,181.2,174.22,178.56,110851.0,MSFT
2023-03-17 10:30:00+00:00,512.46,515.51,511.01,514.13,78012.0,SPY
2023-03-17 11:30:00+00:00,257.83,259.97,251.12,254.57,76216.0,AAPL
2023-03-17 11:30:00+00:00,179.01,180.37,178.33,179.78,62714.0,MSFT
2023-03-17 11:30:00+00:00,513.56,517.52,505.07,508.79,45662.0,SPY
2023-03-17 12:30:00+00:00,254.31,263.93,250.53,259.9,40536.0,AAPL
2023-03-17 12:30:00+00:00,180.11,181.59,175.43,177.82,33870.0,MSFT
2023-03-17 12:30:00+00:00,508.07,515.01,505.45,512.44,25886.0,SPY
2023-03-17 13:30:00+00:00,259.55,260.61,256.15,257.72,26909.0,AAPL
2023-03-17 13:30:00+00:00,177.53,178.24,176.8,177.79,31695.0,MSFT
2023-03-17 13:30:00+00:00,512.08,542.13,503.69,532.84,60388.0,SPY
2023-03-17 14:30:00+00:00,257.02,258.14,255.78,256.95,30832.0,AAPL
2023-03-17 14:30:00+00:00,178.09,179.12,174.93,176.61,46877.0,MSFT
2023-03-17 14:30:00+00:00,533.15,551.22,529.05,543.81,29818.0,SPY
2023-03-17 15:30:00+00:00,256.86,261.97,253.96,259.5,50269.0,AAPL
2023-03-17 15:30:00+00:00,176.52,177.78,174.35,175.41,73982.0,MSFT
2023-03-17 15:30:00+00:00,544.06,549.09,533.57,538.83,30560.0,SPY
2023-03-17 16:30:00+00:00,259.33,266.76,256.25,263.69,57533.0,AAPL
2023-03-17 16:30:00+00:00,175.09,176.34,173.23,174.21,85415.0,MSFT
2023-03-17 16:30:00+00:00,538.88,554.62,531.28,548.07,35835.0,SPY
2023-03-17 17:30:00+00:00,263.99,265.67,259.18,261.38,73401.0,AAPL
2023-03-17 17:30:00+00:00,174.08,175.84,171.58,172.31,57489.0,MSFT
2023-03-17 17:30:00+00:00,546.73,557.42,540.76,551.04,77400.0,SPY
2023-03-17 18:30:00+00:00,261.42,265.15,260.36,263.21,64305.0,AAPL
2023-03-17 18:30:00+00:00,172.32,179.89,169.74,176.49,83216.0,MSFT
2023-03-17 18:30:00+00:00,552.42,557.61,547.2,549.79,28077.0,SPY
2023-03-17 19:30:00+00:00,262.81,270.52,258.67,266.25,132142.0,AAPL
2023-03-17 19:30:00+00:00,176.57,178.33,169.42,172.36,58917.0,MSFT
2023-03-17 19:30:00+00:00,550.6,563.73,546.31,558.19,26128.0,SPY
2023-03-17 20:30:00+00:00,266.06,269.08,258.63,262.53,48453.0,AAPL
2023-03-17 20:30:00+00:00,171.88,173.75,170.68,172.51,41224.0,MSFT
2023-03-17 20:30:00+00:00,559.36,559.88,557.94,559.12,88979.0,SPY
2023-03-17 21:30:00+00:00,262.54,266.48,260.34,264.91,26761.0,AAPL
2023-03-17 21:30:00+00:00,172.89,174.87,172.02,173.89,24602.0,MSFT
2023-03-17 21:30:00+00:00,558.43,560.15,555.8,557.94,22736.0,SPY
2023-03-17 22:30:00+00:00,264.39,269.33,262.11,266.42,48105.0,AAPL
2023-03-17 22:30:00+00:00,174.06,174.77,172.29,172.82,48650.0,MSFT
2023-03-17 22:30:00+00:00,557.95,560.5,554.88,558.57,66236.0,SPY
2023-03-17 23:30:00+00:00,266.14,267.92,261.79,264.1,51692.0,AAPL
2023-03-17 23:30:00+00:00,172.7,173.12,171.37,172.47,37210.0,MSFT
2023-03-17 23:30:00+00:00,557.94,568.36,555.5,562.18,62369.0,SPY
2023-03-18 00:30:00+00:00,264.32,270.71,262.33,267.51,26565.0,AAPL
2023-03-18 00:30:00+00:00,172.41,174.4,171.09,173.57,23400.0,MSFT
2023-03-18 00:30:00+00:00,560.75,580.12,555.52,572.12,114129.0,SPY
2023-03-18 01:30:00+00:00,267.65,270.61,266.09,269.26,30897.0,AAPL
2023-03-18 01:30:00+00:00,173.48,182.51,170.35,179.48,22619.0,MSFT
2023-03-18 01:30:00+00:00,571.68,591.09,562.38,582.51,55936.0,SPY
2023-03-18 02:30:00+00:00,268.66,272.07,267.8,270.36,85773.0,AAPL
2023-03-18 02:30:00+00:00,180.03,181.8,175.48,177.31,38506.0,MSFT
2023-03-18 02:30:00+00:00,581.26,588.8,556.54,567.33,32179.0,SPY
2023-03-18 03:30:00+00:00,270.26,280.26,266.16,275.78,141098.0,AAPL
2023-03-18 03:30:00+00:00,177.22,185.52,173.83,182.33,28511.0,MSFT
2023-03-18 03:30:00+00:00,567.35,569.19,566.08,568.36,66609.0,SPY
2023-03-18 04:30:00+00:00,276.23,276.99,275.2,276.32,88316.0,AAPL
2023-03-18 04:30:00+00:00,182.41,184.4,175.22,178.6,68112.0,MSFT
2023-03-18 04:30:00+00:00,568.63,582.17,547.26,554.12,27172.0,SPY
2023-03-18 05:30:00+00:00,276.14,278.97,264.8,268.9,78107.0,AAPL
2023-03-18 05:30:00+00:00,178.54,179.42,176.22,177.45,26824.0,MSFT
2023-03-18 05:30:00+00:00,554.33,559.12,544.45,549.22,49610.0,SPY
2023-03-18 06:30:00+00:00,268.39,279.93,261.74,275.22,40702.0,AAPL
2023-03-18 06:30:00+00:00,177.2,179.67,175.82,178.23,21108.0,MSFT
2023-03-18 06:30:00+00:00,548.84,555.07,539.93,543.07,86234.0,SPY
2023-03-18 07:30:00+00:00,275.37,277.18,268.52,271.76,66330.0,AAPL
2023-03-18 07:30:00+00:00,178.63,181.0,171.46,174.94,70101.0,MSFT
2023-03-18 07:30:00+00:00,544.25,556.43,525.69,530.76,34695.0,SPY
2023-03-18 08:30:00+00:00,272.19,275.41,263.98,267.99,50193.0,AAPL
2023-03-18 08:30:00+00:00,175.09,176.44,173.85,174.69,60270.0,MSFT
2023-03-18 08:30:00+00:00,531.95,537.91,510.0,519.16,42086.0,SPY
2023-03-18 09:30:00+00:00,268.19,270.08,263.69,265.48,20010.0,AAPL
2023-03-18 09:30:00+00:00,174.47,175.81,171.59,172.53,190561.0,MSFT
2023-03-18 09:30:00+00:00,519.03,523.92,516.21,520.78,33297.0,SPY
2023-03-18 10:30:00+00:00,266.33,269.43,259.74,262.69,32751.0,AAPL
2023-03-18 10:30:00+00:00,172.75,173.53,171.21,172.3,24984.0,MSFT
2023-03-18 10:30:00+00:00,521.39,533.15,513.66,527.83,37138.0,SPY
2023-03-18 11:30:00+00:00,263.28,264.18,262.05,263.36,9271.0,AAPL
2023-03-18 11:30:00+00:00,172.48,174.06,171.23,172.98,106206.0,MSFT
2023-03-18 11:30:00+00:00,528.71,564.53,521.89,548.59,30808.0,SPY
2023-03-18 12:30:00+00:00,262.58,265.81,255.46,258.58,54293.0,AAPL
2023-03-18 12:30:00+00:00,173.15,175.28,171.58,173.99,63948.0,MSFT
2023-03-18 12:30:00+00:00,548.65,553.72,545.66,550.87,19351.0,SPY
2023-03-18 13:30:00+00:00,258.75,261.48,252.81,255.58,77463.0,AAPL
2023-03-18 13:30:00+00:00,173.98,175.92,172.7,174.95,50138.0,MSFT
2023-03-18 13:30:00+00:00,552.05,554.72,540.79,545.24,22237.0,SPY
2023-03-18 14:30:00+00:00,255.67,257.78,253.59,256.9,20476.0,AAPL
2023-03-18 14:30:00+00:00,174.87,177.0,170.16,172.12,69309.0,MSFT
2023-03-18 14:30:00+00:00,544.77,557.51,537.64,553.67,76900.0,SPY
2023-03-18 15:30:00+00:00,257.81,258.57,256.83,257.91,38080.0,AAPL
2023-03-18 15:30:00+00:00,172.66,173.19,172.17,172.92,143845.0,MSFT
2023-03-18 15:30:00+00:00,554.8,582.53,542.12,572.4,120660.0,SPY
2023-03-18 16:30:00+00:00,257.81,260.19,253.43,255.55,43344.0,AAPL
2023-03-18 16:30:00+00:00,172.64,173.38,171.51,172.03,85837.0,MSFT
2023-03-18 16:30:00+00:00,573.02,577.02,561.41,566.24,29263.0,SPY
2023-03-18 17:30:00+00:00,255.92,256.46,255.08,255.75,26281.0,AAPL
2023-03-18 17:30:00+00:00,172.09,179.53,170.31,176.13,62399.0,MSFT
2023-03-18 17:30:00+00:00,564.66,581.18,533.34,541.62,33317.0,SPY
2023-03-18 18:30:00+00:00,255.95,260.31,254.95,258.07,46712.0,AAPL
2023-03-18 18:30:00+00:00,176.21,181.44,174.08,179.15,28033.0,MSFT
2023-03-18 18:30:00+00:00,541.35,560.82,531.8,552.88,39628.0,SPY
2023-03-18 19:30:00+00:00,258.15,260.89,257.1,259.11,39436.0,AAPL
2023-03-18 19:30:00+00:00,179.14,180.89,175.91,177.15,49171.0,MSFT
2023-03-18 19:30:00+00:00,553.01,558.81,541.36,547.5,58057.0,SPY
2023-03-18 20:30:00+00:00,258.95,259.61,258.09,258.82,51961.0,AAPL
2023-03-18 20:30:00+00:00,177.38,179.16,173.79,175.68,23913.0,MSFT
2023-03-18 20:30:00+00:00,547.87,554.87,533.83,540.01,62809.0,SPY
2023-03-18 21:30:00+00:00,259.01,263.21,256.76,260.97,40776.0,AAPL
2023-03-18 21:30:00+00:00,176.08,176.83,175.24,175.94,85579.0,MSFT
2023-03-18 21:30:00+00:00,540.6,546.11,532.77,536.31,25237.0,SPY
2023-03-18 22:30:00+00:00,260.38,270.43,255.7,266.92,39349.0,AAPL
2023-03-18 22:30:00+00:00,176.23,179.38,174.98,177.55,42712.0,MSFT
2023-03-18 22:30:00+00:00,537.11,548.71,531.04,542.64,42414.0,SPY
2023-03-18 23:30:00+00:00,267.56,272.4,264.89,270.87,44174.0,AAPL
2023-03-18 23:30:00+00:00,177.94,179.24,175.57,176.57,37827.0,MSFT
2023-03-18 23:30:00+00:00,543.38,547.73,541.52,544.58,26122.0,SPY
2023-03-19 00:30:00+00:00,271.68,278.82,268.37,275.35,51070.0,AAPL
2023-03-19 00:30:00+00:00,176.72,177.25,175.0,175.92,29179.0,MSFT
2023-03-19 00:30:00+00:00,543.39,548.88,525.74,535.16,40728.0,SPY
2023-03-19 01:30:00+00:00,275.49,277.37,273.53,274.57,109368.0,AAPL
2023-03-19 01:30:00+00:00,175.58,176.28,175.2,175.63,124668.0,MSFT
2023-03-19 01:30:00+00:00,534.13,537.13,525.43,528.25,63805.0,SPY
2023-03-19 02:30:00+00:00,274.52,276.68,272.72,275.89,25337.0,AAPL
2023-03-19 02:30:00+00:00,175.43,179.0,168.51,171.32,37094.0,MSFT
2023-03-19 02:30:00+00:00,528.16,542.68,523.18,537.21,64632.0,SPY
2023-03-19 03:30:00+00:00,275.94,279.75,269.18,272.68,19571.0,AAPL
2023-03-19 03:30:00+00:00,171.31,172.92,168.07,169.45,81936.0,MSFT
2023-03-19 03:30:00+00:00,537.15,541.99,535.35,538.44,39214.0,SPY
2023-03-19 04:30:00+00:00,272.5,276.47,269.15,274.75,73509.0,AAPL
2023-03-19 04:30:00+00:00,169.21,172.7,166.93,171.15,90774.0,MSFT
2023-03-19 04:30:00+00:00,538.59,544.27,535.08,542.11,23945.0,SPY
2023-03-19 05:30:00+00:00,274.55,279.55,272.92,277.32,204170.0,AAPL
2023-03-19 05:30:00+00:00,171.15,178.39,167.76,175.75,45437.0,MSFT
2023-03-19 05:30:00+00:00,543.2,552.03,540.36,548.47,115182.0,SPY
2023-03-19 06:30:00+00:00,277.38,287.97,271.66,283.53,101113.0,AAPL
2023-03-19 06:30:00+00:00,175.61,179.08,173.9,177.33,68458.0,MSFT
2023-03-19 06:30:00+00:00,548.3,558.31,543.25,554.39,22777.0,SPY
2023-03-19 07:30:00+00:00,284.23,288.82,282.32,286.59,77144.0,AAPL
2023-03-19 07:30:00+00:00,177.93,178.55,177.25,177.79,29406.0,MSFT
2023-03-19 07:30:00+00:00,555.14,559.7,537.63,546.39,60970.0,SPY
2023-03-19 08:30:00+00:00,286.38,295.07,282.64,292.59,53480.0,AAPL
2023-03-19 08:30:00+00:00,177.8,179.02,175.39,176.15,78190.0,MSFT
2023-03-19 08:30:00+00:00,545.03,553.61,540.63,549.08,17925.0,SPY
2023-03-19 09:30:00+00:00,292.52,296.27,285.94,288.6,29103.0,AAPL
2023-03-19 09:30:00+00:00,176.02,177.09,175.02,176.11,76144.0,MSFT
2023-03-19 09:30:00+00:00,549.53,560.03,542.67,556.67,54941.0,SPY
2023-03-19 10:30:00+00:00,288.87,292.78,287.29,291.18,99312.0,AAPL
2023-03-19 10:30:00+00:00,176.04,178.99,175.21,177.57,64538.0,MSFT
2023-03-19 10:30:00+00:00,557.14,563.36,553.79,560.76,39938.0,SPY
2023-03-19 11:30:00+00:00,291.03,295.25,289.96,293.14,50591.0,AAPL
2023-03-19 11:30:00+00:00,177.37,183.73,173.93,180.8,62809.0,MSFT
2023-03-19 11:30:00+00:00,560.22,571.63,557.18,566.1,72355.0,SPY
2023-03-19 12:30:00+00:00,293.01,302.06,288.68,298.74,43617.0,AAPL
2023-03-19 12:30:00+00:00,180.68,183.79,179.92,182.19,34281.0,MSFT
2023-03-19 12:30:00+00:00,566.08,589.08,561.0,578.1,79019.0,SPY
2023-03-19 13:30:00+00:00,299.14,300.88,292.39,294.77,189663.0,AAPL
2023-03-19 13:30:00+00:00,182.44,184.93,180.86,183.5,40796.0,MSFT
2023-03-19 13:30:00+00:00,578.95,589.35,575.73,583.4,68817.0,SPY
2023-03-19 14:30:00+00:00,294.41,299.61,293.06,296.79,64658.0,AAPL
2023-03-19 14:30:00+00:00,183.58,186.85,175.59,178.34,63247.0,MSFT
2023-03-19 14:30:00+00:00,583.44,617.68,565.99,605.58,68854.0,SPY
2023-03-19 15:30:00+00:00,296.58,302.52,293.86,299.06,49963.0,AAPL
2023-03-19 15:30:00+00:00,178.54,185.29,175.8,182.71,49559.0,MSFT
2023-03-19 15:30:00+00:00,606.15,616.88,600.71,613.04,83197.0,SPY
2023-03-19 16:30:00+00:00,298.35,301.13,296.98,299.6,61364.0,AAPL
2023-03-19 16:30:00+00:00,182.79,184.76,179.69,180.8,106990.0,MSFT
2023-03-19 16:30:00+00:00,613.13,615.86,610.22,612.78,60991.0,SPY
2023-03-19 17:30:00+00:00,300.1,301.1,296.53,298.27,36324.0,AAPL
2023-03-19 17:30:00+00:00,180.93,182.75,174.52,177.13,79860.0,MSFT
2023-03-19 17:30:00+00:00,612.36,639.96,593.98,632.26,24470.0,SPY
2023-03-19 18:30:00+00:00,298.25,298.89,296.86,297.83,52723.0,AAPL
2023-03-19 18:30:00+00:00,176.88,181.73,168.87,171.52,101271.0,MSFT
2023-03-19 18:30:00+00:00,633.29,660.53,622.84,647.51,59137.0,SPY
2023-03-19 19:30:00+00:00,298.1,301.44,288.35,292.43,45013.0,AAPL
2023-03-19 19:30:00+00:00,171.17,171.77,169.99,170.68,45113.0,MSFT
2023-03-19 19:30:00+00:00,646.99,650.56,640.12,642.69,54771.0,SPY
2023-03-19 20:30:00+00:00,292.26,296.76,289.7,294.38,43530.0,AAPL
2023-03-19 20:30:00+00:00,170.28,171.48,169.38,170.7,48297.0,MSFT
2023-03-19 20:30:00+00:00,642.86,648.52,640.17,645.51,56238.0,SPY
2023-03-19 21:30:00+00:00,294.18,298.79,291.67,296.79,53198.0,AAPL
2023-03-19 21:30:00+00:00,171.11,172.67,164.59,167.38,64558.0,MSFT
2023-03-19 21:30:00+00:00,647.44,649.8,644.12,647.11,66294.0,SPY
2023-03-19 22:30:00+00:00,297.4,302.61,285.85,291.54,43452.0,AAPL
2023-03-19 22:30:00+00:00,167.57,171.83,165.55,169.72,36320.0,MSFT
2023-03-19 22:30:00+00:00,647.38,655.1,643.98,651.4,44931.0,SPY
2023-03-19 23:30:00+00:00,291.89,297.99,290.4,294.81,25524.0,AAPL
2023-03-19 23:30:00+00:00,169.99,171.71,167.68,168.55,68110.0,MSFT
2023-03-19 23:30:00+00:00,650.72,676.48,638.39,665.78,42714.0,SPY
2023-03-20 00:30:00+00:00,294.78,295.3,293.44,294.25,34202.0,AAPL
2023-03-20 00:30:00+00:00,169.02,171.78,168.0,170.23,56010.0,MSFT
2023-03-20 00:30:00+00:00,666.13,668.39,662.63,664.46,48713.0,SPY
2023-03-20 01:30:00+00:00,295.0,305.4,291.4,301.65,42928.0,AAPL
2023-03-20 01:30:00+00:00,170.26,175.6,168.26,173.84,146157.0,MSFT
2023-03-20 01:30:00+00:00,665.1,690.69,655.46,678.02,62629.0,SPY
2023-03-20 02:30:00+00:00,301.54,308.69,297.87,306.43,21357.0,AAPL
2023-03-20 02:30:00+00:00,173.81,175.45,172.74,174.43,33010.0,MSFT
2023-03-20 02:30:00+00:00,676.92,683.78,661.34,669.42,34282.0,SPY
2023-03-20 03:30:00+00:00,306.44,310.08,299.27,301.68,80447.0,AAPL
2023-03-20 03:30:00+00:00,174.35,179.04,171.64,176.73,89317.0,MSFT
2023-03-20 03:30:00+00:00,669.84,687.56,659.56,681.48,52431.0,SPY
2023-03-20 04:30:00+00:00,300.95,306.09,297.84,303.27,59776.0,AAPL
2023-03-20 04:30:00+00:00,176.68,185.1,172.69,181.5,60844.0,MSFT
2023-03-20 04:30:00+00:00,681.8,701.81,673.66,694.53,20881.0,SPY
2023-03-20 05:30:00+00:00,303.1,311.12,299.61,306.61,39654.0,AAPL
2023-03-20 05:30:00+00:00,181.61,188.69,179.13,186.41,46915.0,MSFT
2023-03-20 05:30:00+00:00,693.51,697.96,692.04,695.42,38419.0,SPY
2023-03-20 06:30:00+00:00,306.47,316.77,299.36,313.56,49752.0,AAPL
2023-03-20 06:30:00+00:00,186.08,190.52,179.08,181.16,65499.0,MSFT
2023-03-20 06:30:00+00:00,694.39,713.6,684.91,705.49,38037.0,SPY
2023-03-20 07:30:00+00:00,313.2,314.77,307.33,310.68,43205.0,AAPL
2023-03-20 07:30:00+00:00,181.22,184.18,175.94,177.79,66649.0,MSFT
2023-03-20 07:30:00+00:00,705.32,720.48,695.83,714.62,35074.0,SPY
2023-03-20 08:30:00+00:00,310.23,315.72,308.09,312.47,23095.0,AAPL
2023-03-20 08:30:00+00:00,178.03,180.09,176.5,178.58,59469.0,MSFT
2023-03-20 08:30:00+00:00,715.53,717.32,713.82,715.99,29818.0,SPY
2023-03-20 09:30:00+00:00,312.37,317.92,309.23,315.21,30364.0,AAPL
2023-03-20 09:30:00+00:00,178.72,183.67,175.4,182.22,37622.0,MSFT
2023-03-20 09:30:00+00:00,714.9,720.22,711.8,716.83,43608.0,SPY
2023-03-20 10:30:00+00:00,315.22,319.51,312.53,316.57,26737.0,AAPL
2023-03-20 10:30:00+00:00,182.21,185.08,177.91,179.5,53257.0,MSFT
2023-03-20 10:30:00+00:00,718.34,746.63,700.35,738.83,56409.0,SPY
2023-03-20 11:30:00+00:00,316.91,328.68,311.41,323.16,48052.0,AAPL
2023-03-20 11:30:00+00:00,179.55,180.09,178.76,179.17,49432.0,MSFT
2023-03-20 11:30:00+00:00,738.02,747.69,720.46,729.07,49352.0,SPY
2023-03-20 12:30:00+00:00,322.51,330.98,318.13,326.28,77723.0,AAPL
2023-03-20 12:30:00+00:00,179.55,184.47,177.12,182.3,54405.0,MSFT
2023-03-20 12:30:00+00:00,730.57,735.74,716.17,722.72,38240.0,SPY
2023-03-20 13:30:00+00:00,326.76,331.53,324.01,329.2,53027.0,AAPL
2023-03-20 13:30:00+00:00,182.48,183.87,181.86,183.14,35081.0,MSFT
2023-03-20 13:30:00+00:00,723.2,733.06,697.97,709.66,38471.0,SPY
2023-03-20 14:30:00+00:00,328.49,329.34,325.5,327.15,114436.0,AAPL
2023-03-20 14:30:00+00:00,183.15,183.57,182.69,182.98,59197.0,MSFT
2023-03-20 14:30:00+00:00,709.45,739.39,695.54,725.1,20320.0,SPY
2023-03-20 15:30:00+00:00,327.49,330.8,325.31,329.04,38279.0,AAPL
2023-03-20 15:30:00+00:00,183.22,184.26,180.94,181.95,52691.0,MSFT
2023-03-20 15:30:00+00:00,723.32,729.29,696.89,709.87,28728.0,SPY
2023-03-20 16:30:00+00:00,328.42,328.84,327.38,328.25,49940.0,AAPL
2023-03-20 16:30:00+00:00,181.91,184.49,176.76,178.84,59433.0,MSFT
2023-03-20 16:30:00+00:00,710.09,719.17,706.48,713.6,29967.0,SPY
2023-03-20 17:30:00+00:00,328.61,330.81,324.2,326.32,52037.0,AAPL
2023-03-20 17:30:00+00:00,179.2,182.37,177.61,180.67,19720.0,MSFT
2023-03-20 17:30:00+00:00,713.86,726.76,680.19,694.71,67454.0,SPY
2023-03-20 18:30:00+00:00,326.14,328.77,321.53,324.6,98050.0,AAPL
2023-03-20 18:30:00+00:00,180.66,192.24,175.25,186.86,52911.0,MSFT
2023-03-20 18:30:00+00:00,695.08,699.3,687.4,690.3,56163.0,SPY
2023-03-20 19:30:00+00:00,325.28,327.76,319.48,322.81,111086.0,AAPL
2023-03-20 19:30:00+00:00,186.58,187.17,185.31,186.02,34525.0,MSFT
2023-03-20 19:30:00+00:00,690.1,696.57,686.91,693.52,23596.0,SPY
2023-03-20 20:30:00+00:00,322.85,327.66,320.35,324.78,51973.0,AAPL
2023-03-20 20:30:00+00:00,185.67,188.53,183.84,187.07,72407.0,MSFT
2023-03-20 20:30:00+00:00,694.42,701.67,689.09,697.81,53480.0,SPY
2023-03-20 21:30:00+00:00,325.0,331.65,322.65,327.94,55562.0,AAPL
2023-03-20 21:30:00+00:00,187.06,192.14,184.77,189.32,32185.0,MSFT
2023-03-20 21:30:00+00:00,696.72,705.13,667.47,680.58,58544.0,SPY
2023-03-20 22:30:00+00:00,327.35,337.8,321.78,333.26,142555.0,AAPL
2023-03-20 22:30:00+00:00,188.99,192.03,187.62,190.97,23728.0,MSFT
2023-03-20 22:30:00+00:00,680.02,688.39,663.51,670.86,39462.0,SPY
2023-03-20 23:30:00+00:00,333.22,339.74,330.92,337.3,58641.0,AAPL
2023-03-20 23:30:00+00:00,190.84,192.13,189.16,190.24,70266.0,MSFT
2023-03-20 23:30:00+00:00,671.02,679.65,668.22,675.17,45108.0,SPY
2023-03-21 00:30:00+00:00,337.29,339.3,334.38,336.59,72150.0,AAPL
2023-03-21 00:30:00+00:00,189.8,194.53,188.12,193.23,142464.0,MSFT
2023-03-21 00:30:00+00:00,675.85,683.36,661.8,667.54,23044.0,SPY
2023-03-21 01:30:00+00:00,336.86,339.43,329.78,333.06,73337.0,AAPL
2023-03-21 01:30:00+00:00,193.09,194.73,187.36,188.93,35018.0,MSFT
2023-03-21 01:30:00+00:00,666.91,673.16,665.24,670.75,67395.0,SPY
2023-03-21 02:30:00+00:00,332.53,346.08,327.0,339.96,19835.0,AAPL
2023-03-21 02:30:00+00:00,188.7,192.17,182.59,185.08,20126.0,MSFT
2023-03-21 02:30:00+00:00,671.17,678.52,656.8,663.36,45169.0,SPY
2023-03-21 03:30:00+00:00,339.59,340.91,335.91,337.96,115085.0,AAPL
2023-03-21 03:30:00+00:00,184.67,185.83,182.28,183.35,81880.0,MSFT
2023-03-21 03:30:00+00:00,664.37,669.65,649.25,657.45,92702.0,SPY
2023-03-21 04:30:00+00:00,337.9,341.06,333.55,335.08,10404.0,AAPL
2023-03-21 04:30:00+00:00,183.21,184.53,179.6,181.27,42865.0,MSFT
2023-03-21 04:30:00+00:00,657.8,658.75,655.48,657.53,29429.0,SPY
2023-03-21 05:30:00+00:00,335.64,337.29,329.85,333.12,23642.0,AAPL
2023-03-21 05:30:00+00:00,181.14,184.49,180.25,182.55,18682.0,MSFT
2023-03-21 05:30:00+00:00,656.61,688.6,643.76,675.13,34807.0,SPY
2023-03-21 06:30:00+00:00,333.12,347.65,330.28,340.54,51862.0,AAPL
2023-03-21 06:30:00+00:00,182.48,184.0,180.45,181.38,27221.0,MSFT
2023-03-21 06:30:00+00:00,675.19,686.44,668.38,682.82,65927.0,SPY
2023-03-21 07:30:00+00:00,340.88,347.25,330.49,335.14,37759.0,AAPL
2023-03-21 07:30:00+00:00,181.46,183.87,174.24,176.79,54990.0,MSFT
2023-03-21 07:30:00+00:00,684.6,703.14,677.52,697.95,46923.0,SPY
2023-03-21 08:30:00+00:00,334.83,339.27,328.77,331.7,21354.0,AAPL
2023-03-21 08:30:00+00:00,175.84,176.96,175.23,176.15,100382.0,MSFT
2023-03-21 08:30:00+00:00,698.25,702.76,690.55,693.85,101722.0,SPY
2023-03-21 09:30:00+00:00,331.42,340.37,329.55,336.27,31560.0,AAPL
2023-03-21 09:30:00+00:00,175.73,176.67,175.16,176.25,39657.0,MSFT
2023-03-21 09:30:00+00:00,693.87,724.29,677.68,714.21,70571.0,SPY
2023-03-21 10:30:00+00:00,336.67,343.67,333.71,340.53,48821.0,AAPL
2023-03-21 10:30:00+00:00,176.39,178.12,173.32,174.77,20567.0,MSFT
2023-03-21 10:30:00+00:00,716.71,727.2,689.52,702.31,50599.0,SPY
2023-03-21 11:30:00+00:00,341.01,344.13,334.8,337.75,37908.0,AAPL
2023-03-21 11:30:00+00:00,174.74,175.59,173.41,174.16,38119.0,MSFT
2023-03-21 11:30:00+00:00,701.75,717.94,697.61,708.81,38780.0,SPY
2023-03-21 12:30:00+00:00,338.37,340.77,331.37,335.17,119597.0,AAPL
2023-03-21 12:30:00+00:00,174.3,180.72,170.81,177.77,80806.0,MSFT
2023-03-21 12:30:00+00:00,708.92,711.22,706.26,708.29,29053.0,SPY
2023-03-21 13:30:00+00:00,335.04,336.27,332.93,334.69,42783.0,AAPL
2023-03-21 13:30:00+00:00,177.8,181.8,170.97,173.33,73825.0,MSFT
2023-03-21 13:30:00+00:00,708.57,719.4,703.61,714.54,65310.0,SPY
2023-03-21 14:30:00+00:00,335.62,339.08,330.07,331.93,37899.0,AAPL
2023-03-21 14:30:00+00:00,172.89,173.38,172.02,172.46,24027.0,MSFT
2023-03-21 14:30:00+00:00,714.62,727.42,706.79,722.24,51225.0,SPY
2023-03-21 15:30:00+00:00,332.02,341.55,327.01,337.96,43243.0,AAPL
2023-03-21 15:30:00+00:00,172.19,173.51,168.66,170.02,42548.0,MSFT
2023-03-21 15:30:00+00:00,722.61,726.48,714.97,720.42,79296.0,SPY
2023-03-21 16:30:00+00:00,337.32,338.83,334.83,336.59,47476.0,AAPL
2023-03-21 16:30:00+00:00,169.94,173.17,168.8,171.68,104407.0,MSFT
2023-03-21 16:30:00+00:00,719.26,725.49,715.32,720.81,32465.0,SPY
2023-03-21 17:30:00+00:00,336.49,337.63,334.32,335.44,79819.0,AAPL
2023-03-21 17:30:00+00:00,171.86,172.62,170.71,171.1,29448.0,MSFT
2023-03-21 17:30:00+00:00,719.42,721.44,717.63,719.22,51296.0,SPY
2023-03-21 18:30:00+00:00,334.8,338.93,327.94,330.38,50797.0,AAPL
2023-03-21 18:30:00+00:00,171.06,182.14,168.84,176.89,55832.0,MSFT
2023-03-21 18:30:00+00:00,719.89,748.45,705.77,735.33,35421.0,SPY
2023-03-21 19:30:00+00:00,330.01,340.68,327.63,335.4,19423.0,AAPL
2023-03-21 19:30:00+00:00,177.0,180.59,175.81,178.98,57364.0,MSFT
2023-03-21 19:30:00+00:00,734.28,756.69,721.76,749.68,49245.0,SPY
2023-03-21 20:30:00+00:00,336.46,352.87,331.02,344.5,18874.0,AAPL
2023-03-21 20:30:00+00:00,178.59,179.33,177.14,177.93,69381.0,MSFT
2023-03-21 20:30:00+00:00,750.43,758.98,733.1,740.41,167560.0,SPY
2023-03-21 21:30:00+00:00,345.33,347.44,339.31,341.62,66247.0,AAPL
2023-03-21 21:30:00+00:00,177.86,181.39,175.62,180.1,22740.0,MSFT
2023-03-21 21:30:00+00:00,742.06,754.43,708.23,716.9,47012.0,SPY
2023-03-21 22:30:00+00:00,341.19,345.54,336.25,338.2,24676.0,AAPL
2023-03-21 22:30:00+00:00,180.32,182.48,175.46,177.75,28105.0,MSFT
2023-03-21 22:30:00+00:00,717.49,721.58,709.33,713.7,36546.0,SPY
2023-03-21 23:30:00+00:00,338.93,339.82,337.38,338.37,67791.0,AAPL
2023-03-21 23:30:00+00:00,178.06,188.96,174.97,184.03,64075.0,MSFT
2023-03-21 23:30:00+00:00,712.88,721.23,693.62,702.59,46952.0,SPY
2023-03-22 00:30:00+00:00,337.95,343.57,335.03,340.89,64560.0,AAPL
2023-03-22 00:30:00+00:00,183.62,188.78,181.69,187.03,56007.0,MSFT
2023-03-22 00:30:00+00:00,703.52,727.03,696.19,715.3,42657.0,SPY
2023-03-22 01:30:00+00:00,341.14,342.69,339.54,341.05,22009.0,AAPL
2023-03-22 01:30:00+00:00,186.76,189.66,185.33,188.24,55993.0,MSFT
2023-03-22 01:30:00+00:00,715.54,733.03,668.61,687.11,44659.0,SPY
2023-03-22 02:30:00+00:00,340.04,361.08,331.38,350.82,30860.0,AAPL
2023-03-22 02:30:00+00:00,188.23,188.95,187.19,187.93,63480.0,MSFT
2023-03-22 02:30:00+00:00,688.82,691.61,683.17,686.07,33726.0,SPY
2023-03-22 03:30:00+00:00,350.42,353.14,344.46,347.14,39184.0,AAPL
2023-03-22 03:30:00+00:00,187.47,193.05,184.2,190.81,59055.0,MSFT
2023-03-22 03:30:00+00:00,686.19,696.93,665.16,672.84,33231.0,SPY
2023-03-22 04:30:00+00:00,346.89,348.65,345.88,347.7,80549.0,AAPL
2023-03-22 04:30:00+00:00,191.05,192.19,188.6,189.62,53659.0,MSFT
2023-03-22 04:30:00+00:00,671.74,707.59,661.48,691.86,35080.0,SPY
2023-03-22 05:30:00+00:00,347.62,351.33,345.28,349.54,62467.0,AAPL
2023-03-22 05:30:00+00:00,189.57,191.9,188.59,190.71,54843.0,MSFT
2023-03-22 05:30:00+00:00,691.15,696.57,672.35,682.0,26938.0,SPY
2023-03-22 06:30:00+00:00,349.31,364.83,341.04,357.74,72228.0,AAPL
2023-03-22 06:30:00+00:00,190.62,191.98,190.02,191.23,54542.0,MSFT
2023-03-22 06:30:00+00:00,682.97,688.4,680.99,686.43,79023.0,SPY
2023-03-22 07:30:00+00:00,357.81,360.55,345.69,351.83,37158.0,AAPL
2023-03-22 07:30:00+00:00,191.26,196.37,189.02,193.76,46981.0,MSFT
2023-03-22 07:30:00+00:00,687.39,694.36,676.0,682.07,27738.0,SPY
2023-03-22 08:30:00+00:00,352.81,360.82,336.75,343.36,29518.0,AAPL
2023-03-22 08:30:00+00:00,193.59,195.01,191.68,192.28,28245.0,MSFT
2023-03-22 08:30:00+00:00,681.97,692.85,659.98,667.8,66446.0,SPY
2023-03-22 09:30:00+00:00,343.12,347.95,329.65,335.82,45758.0,AAPL
2023-03-22 09:30:00+00:00,192.7,193.93,190.33,191.81,39300.0,MSFT
2023-03-22 09:30:00+00:00,669.06,670.78,668.44,669.39,70040.0,SPY
2023-03-22 10:30:00+00:00,335.52,337.41,334.54,335.77,52699.0,AAPL
2023-03-22 10:30:00+00:00,191.65,203.19,187.87,198.33,53026.0,MSFT
2023-03-22 10:30:00+00:00,670.81,671.42,670.03,670.72,31021.0,SPY
2023-03-22 11:30:00+00:00,335.6,336.83,333.48,334.8,46629.0,AAPL
2023-03-22 11:30:00+00:00,198.55,203.57,196.51,201.29,50592.0,MSFT
2023-03-22 11:30:00+00:00,670.6,678.14,657.88,661.43,53223.0,SPY
2023-03-22 12:30:00+00:00,334.04,337.02,323.06,327.29,57043.0,AAPL
2023-03-22 12:30:00+00:00,200.99,208.67,196.85,205.11,50397.0,MSFT
2023-03-22 12:30:00+00:00,661.55,690.5,648.09,676.56,32552.0,SPY
2023-03-22 13:30:00+00:00,327.0,332.56,324.82,329.51,49441.0,AAPL
2023-03-22 13:30:00+00:00,205.68,206.63,203.57,204.51,74357.0,MSFT
2023-03-22 13:30:00+00:00,677.23,679.66,674.27,678.16,56941.0,SPY
2023-03-22 14:30:00+00:00,329.85,332.01,328.79,330.03,100228.0,AAPL
2023-03-22 14:30:00+00:00,204.64,210.47,202.08,208.09,39639.0,MSFT
2023-03-22 14:30:00+00:00,677.13,677.75,675.45,677.0,54401.0,SPY
2023-03-22 15:30:00+00:00,330.73,345.6,325.37,338.4,19635.0,AAPL
2023-03-22 15:30:00+00:00,207.34,210.29,205.72,208.29,35136.0,MSFT
2023-03-22 15:30:00+00:00,677.0,680.34,670.86,674.23,32404.0,SPY
2023-03-22 16:30:00+00:00,338.67,343.02,331.32,333.77,45590.0,AAPL
2023-03-22 16:30:00+00:00,208.12,208.68,207.69,208.01,84747.0,MSFT
2023-03-22 16:30:00+00:00,675.3,677.94,669.96,674.15,28907.0,SPY
2023-03-22 17:30:00+00:00,333.93,343.42,317.78,323.11,50333.0,AAPL
2023-03-22 17:30:00+00:00,207.88,217.54,205.53,212.66,124296.0,MSFT
2023-03-22 17:30:00+00:00,671.58,696.94,655.27,688.76,60131.0,SPY
2023-03-22 18:30:00+00:00,321.68,329.19,306.29,313.73,29537.0,AAPL
2023-03-22 18:30:00+00:00,212.67,214.75,210.02,211.15,52364.0,MSFT
2023-03-22 18:30:00+00:00,688.68,697.65,671.02,677.6,44115.0,SPY
2023-03-22 19:30:00+00:00,313.7,316.04,309.59,312.22,40492.0,AAPL
2023-03-22 19:30:00+00:00,210.81,213.23,209.33,211.65,32656.0,MSFT
2023-03-22 19:30:00+00:00,678.91,685.52,675.98,682.27,45590.0,SPY
2023-03-22 20:30:00+00:00,312.3,316.66,309.45,313.84,26899.0,AAPL
2023-03-22 20:30:00+00:00,211.47,217.82,208.0,216.03,44516.0,MSFT
2023-03-22 20:30:00+00:00,681.65,688.77,667.3,671.43,64796.0,SPY
2023-03-22 21:30:00+00:00,313.3,314.56,309.83,311.18,105333.0,AAPL
2023-03-22 21:30:00+00:00,216.25,218.44,215.28,217.52,95855.0,MSFT
2023-03-22 21:30:00+00:00,670.37,688.83,660.6,680.85,42119.0,SPY
2023-03-22 22:30:00+00:00,311.01,313.46,304.84,307.85,61723.0,AAPL
2023-03-22 22:30:00+00:00,218.03,222.98,208.57,212.88,113251.0,MSFT
2023-03-22 22:30:00+00:00,680.85,683.98,669.29,673.48,36951.0,SPY
2023-03-22 23:30:00+00:00,307.79,314.59,304.6,311.76,25094.0,AAPL
2023-03-22 23:30:00+00:00,213.12,224.25,209.68,219.14,20184.0,MSFT
2023-03-22 23:30:00+00:00,673.02,681.31,669.63,677.65,32808.0,SPY
2023-03-23 00:30:00+00:00,310.67,316.24,309.24,314.39,65630.0,AAPL
2023-03-23 00:30:00+00:00,219.25,223.26,217.78,221.76,38330.0,MSFT
2023-03-23 00:30:00+00:00,676.34,693.8,667.13,686.85,72485.0,SPY
2023-03-23 01:30:00+00:00,313.95,315.6,313.24,314.68,29161.0,AAPL
2023-03-23 01:30:00+00:00,221.26,223.1,214.28,217.08,115679.0,MSFT
2023-03-23 01:30:00+00:00,686.85,695.55,679.49,692.45,53665.0,SPY
2023-03-23 02:30:00+00:00,315.02,322.0,313.23,318.14,57324.0,AAPL
2023-03-23 02:30:00+00:00,216.72,218.14,215.77,217.37,53058.0,MSFT
2023-03-23 02:30:00+00:00,692.86,721.8,678.09,709.92,36074.0,SPY
2023-03-23 03:30:00+00:00,317.7,330.3,313.33,326.55,39170.0,AAPL
2023-03-23 03:30:00+00:00,217.41,221.88,215.76,219.81,16769.0,MSFT
2023-03-23 03:30:00+00:00,711.11,719.62,694.41,699.47,84212.0,SPY
2023-03-23 04:30:00+00:00,325.27,327.52,321.46,323.44,26932.0,AAPL
2023-03-23 04:30:00+00:00,220.21,226.7,217.8,223.71,21453.0,MSFT
2023-03-23 04:30:00+00:00,701.0,706.32,690.51,695.59,94877.0,SPY
2023-03-23 05:30:00+00:00,323.71,334.98,318.34,330.3,56251.0,AAPL
2023-03-23 05:30:00+00:00,223.31,227.27,221.2,225.8,48541.0,MSFT
2023-03-23 05:30:00+00:00,696.03,700.33,682.55,688.44,34860.0,SPY
2023-03-23 06:30:00+00:00,329.83,338.81,325.2,335.43,101451.0,AAPL
2023-03-23 06:30:00+00:00,225.62,234.28,223.52,230.21,62116.0,MSFT
2023-03-23 06:30:00+00:00,689.88,708.72,685.24,701.04,68519.0,SPY
2023-03-23 07:30:00+00:00,335.54,338.02,334.7,336.61,56114.0,AAPL
2023-03-23 07:30:00+00:00,230.04,230.93,229.52,230.44,59535.0,MSFT
2023-03-23 07:30:00+00:00,699.89,709.77,692.66,704.08,57282.0,SPY
2023-03-23 08:30:00+00:00,336.71,338.68,328.32,332.92,82330.0,AAPL
2023-03-23 08:30:00+00:00,230.71,232.05,230.29,231.16,41987.0,MSFT
2023-03-23 08:30:00+00:00,703.22,728.37,696.95,717.89,76622.0,SPY
2023-03-23 09:30:00+00:00,332.82,334.55,329.91,331.81,66019.0,AAPL
2023-03-23 09:30:00+00:00,230.87,236.27,229.38,233.79,56375.0,MSFT
2023-03-23 09:30:00+00:00,716.97,727.97,709.26,721.76,43100.0,SPY
2023-03-23 10:30:00+00:00,331.78,333.32,326.91,329.6,44357.0,AAPL
2023-03-23 10:30:00+00:00,233.96,235.7,232.9,234.44,64739.0,MSFT
2023-03-23 10:30:00+00:00,721.68,733.91,698.28,707.94,48918.0,SPY
2023-03-23 11:30:00+00:00,330.21,335.4,320.2,324.88,29657.0,AAPL
2023-03-23 11:30:00+00:00,234.18,244.55,231.55,240.91,45771.0,MSFT
2023-03-23 11:30:00+00:00,706.09,720.16,698.47,713.3,63132.0,SPY
2023-03-23 12:30:00+00:00,324.48,329.88,314.74,319.71,52064.0,AAPL
2023-03-23 12:30:00+00:00,241.74,243.67,238.45,240.18,97464.0,MSFT
2023-03-23 12:30:00+00:00,713.42,715.36,709.08,712.38,53980.0,SPY
2023-03-23 13:30:00+00:00,320.29,322.05,315.41,316.93,72734.0,AAPL
2023-03-23 13:30:00+00:00,240.32,246.43,237.59,243.99,31359.0,MSFT
2023-03-23 13:30:00+00:00,712.46,714.35,704.87,708.79,29655.0,SPY
2023-03-23 14:30:00+00:00,316.71,323.34,311.8,320.97,64752.0,AAPL
2023-03-23 14:30:00+00:00,243.58,253.95,239.98,249.02,36999.0,MSFT
2023-03-23 14:30:00+00:00,708.19,712.0,693.57,700.72,74831.0,SPY
2023-03-23 15:30:00+00:00,321.29,324.37,315.71,317.96,53102.0,AAPL
2023-03-23 15:30:00+00:00,249.44,254.47,247.32,251.89,35944.0,MSFT
2023-03-23 15:30:00+00:00,699.76,705.96,696.84,703.88,36102.0,SPY
2023-03-23 16:30:00+00:00,318.01,321.91,315.38,319.68,50452.0,AAPL
2023-03-23 16:30:00+00:00,252.03,253.11,251.56,252.34,21691.0,MSFT
2023-03-23 16:30:00+00:00,703.88,712.8,698.37,707.49,65330.0,SPY
2023-03-23 17:30:00+00:00,320.3,321.9,319.01,320.42,38800.0,AAPL
2023-03-23 17:30:00+00:00,252.68,255.76,247.92,249.4,28936.0,MSFT
2023-03-23 17:30:00+00:00,707.48,717.12,704.85,711.57,40907.0,SPY
2023-03-23 18:30:00+00:00,320.3,321.81,318.99,320.97,42338.0,AAPL
2023-03-23 18:30:00+00:00,249.67,251.38,246.47,248.23,35772.0,MSFT
2023-03-23 18:30:00+00:00,708.66,720.29,686.93,696.06,59776.0,SPY
2023-03-23 19:30:00+00:00,321.0,323.83,316.63,318.37,42327.0,AAPL
2023-03-23 19:30:00+00:00,248.32,249.41,246.86,247.97,225840.0,MSFT
2023-03-23 19:30:00+00:00,696.4,704.93,683.97,687.7,60528.0,SPY
2023-03-23 20:30:00+00:00,318.02,321.14,315.7,319.7,25260.0,AAPL
2023-03-23 20:30:00+00:00,247.68,248.99,242.71,244.69,136399.0,MSFT
2023-03-23 20:30:00+00:00,688.61,733.72,678.95,712.7,53610.0,SPY
2023-03-23 21:30:00+00:00,320.23,326.79,309.69,313.35,64389.0,AAPL
2023-03-23 21:30:00+00:00,245.39,251.15,242.12,248.13,98159.0,MSFT
2023-03-23 21:30:00+00:00,712.13,728.92,707.51,720.96,78571.0,SPY
2023-03-23 22:30:00+00:00,314.07,315.01,313.01,314.41,26821.0,AAPL
2023-03-23 22:30:00+00:00,247.43,248.32,245.03,246.19,57479.0,MSFT
2023-03-23 22:30:00+00:00,720.86,728.95,717.75,724.92,29996.0,SPY
2023-03-23 23:30:00+00:00,313.91,315.1,309.56,311.97,46468.0,AAPL
2023-03-23 23:30:00+00:00,245.78,249.56,244.07,247.73,176478.0,MSFT
2023-03-23 23:30:00+00:00,724.73,729.98,705.88,711.26,95173.0,SPY
2023-03-24 00:30:00+00:00,311.88,313.75,309.13,310.69,10175.0,AAPL
2023-03-24 00:30:00+00:00,247.72,248.57,245.78,246.69,49365.0,MSFT
2023-03-24 00:30:00+00:00,710.11,712.83,701.62,707.55,37300.0,SPY
2023-03-24 01:30:00+00:00,311.04,311.82,310.71,311.14,77633.0,AAPL
2023-03-24 01:30:00+00:00,246.75,249.77,238.22,242.01,33880.0,MSFT
2023-03-24 01:30:00+00:00,706.48,720.6,701.32,715.13,38301.0,SPY
2023-03-24 02:30:00+00:00,311.43,314.14,306.64,308.96,27844.0,AAPL
2023-03-24 02:30:00+00:00,242.69,245.55,240.99,244.22,57720.0,MSFT
2023-03-24 02:30:00+00:00,714.86,731.19,689.14,698.55,48111.0,SPY
2023-03-24 03:30:00+00:00,308.26,315.74,306.07,311.66,26036.0,AAPL
2023-03-24 03:30:00+00:00,244.78,245.64,242.9,243.91,47959.0,MSFT
2023-03-24 03:30:00+00:00,698.67,725.44,690.03,713.29,157580.0,SPY
2023-03-24 04:30:00+00:00,310.57,311.24,310.19,310.56,52881.0,AAPL
2023-03-24 04:30:00+00:00,243.51,247.88,240.88,245.92,42511.0,MSFT
2023-03-24 04:30:00+00:00,714.6,723.13,709.96,718.5,15304.0,SPY
2023-03-24 05:30:00+00:00,310.26,312.29,308.94,310.67,73442.0,AAPL
2023-03-24 05:30:00+00:00,245.76,246.5,243.39,244.2,45598.0,MSFT
2023-03-24 05:30:00+00:00,718.97,722.17,714.2,717.06,36292.0,SPY
2023-03-24 06:30:00+00:00,310.54,313.34,304.66,307.81,52187.0,AAPL
2023-03-24 06:30:00+00:00,244.04,245.6,242.73,244.01,56568.0,MSFT
2023-03-24 06:30:00+00:00,717.46,721.84,709.61,712.99,56767.0,SPY
2023-03-24 07:30:00+00:00,308.34,312.12,301.06,304.42,26215.0,AAPL
2023-03-24 07:30:00+00:00,243.65,245.12,243.13,244.43,125224.0,MSFT
2023-03-24 07:30:00+00:00,713.94,726.3,707.04,720.25,60677.0,SPY
2023-03-24 08:30:00+00:00,304.54,306.3,301.77,303.33,49297.0,AAPL
2023-03-24 08:30:00+00:00,244.39,253.2,239.12,250.37,118166.0,MSFT
2023-03-24 08:30:00+00:00,720.65,723.53,715.91,718.2,49836.0,SPY
2023-03-24 09:30:00+00:00,302.69,303.7,301.81,302.96,55366.0,AAPL
2023-03-24 09:30:00+00:00,250.41,250.69,249.51,250.21,49581.0,MSFT
2023-03-24 09:30:00+00:00,717.85,733.95,710.28,727.07,56168.0,SPY
2023-03-24 10:30:00+00:00,302.61,309.5,289.38,295.35,128045.0,AAPL
2023-03-24 10:30:00+00:00,249.72,250.56,249.12,250.21,52601.0,MSFT
2023-03-24 10:30:00+00:00,727.59,742.77,718.73,737.43,94697.0,SPY
2023-03-24 11:30:00+00:00,295.08,296.33,292.19,293.58,107475.0,AAPL
2023-03-24 11:30:00+00:00,249.71,250.73,247.58,248.83,102207.0,MSFT
2023-03-24 11:30:00+00:00,738.07,742.93,734.97,737.33,107000.0,SPY
2023-03-24 12:30:00+00:00,293.96,295.59,291.76,292.48,107748.0,AAPL
2023-03-24 12:30:00+00:00,247.71,250.04,246.58,248.81,43715.0,MSFT
2023-03-24 12:30:00+00:00,738.2,742.07,729.67,732.9,18009.0,SPY
2023-03-24 13:30:00+00:00,292.78,294.21,287.94,290.29,57521.0,AAPL
2023-03-24 13:30:00+00:00,249.48,252.01,247.79,251.01,87439.0,MSFT
2023-03-24 13:30:00+00:00,733.05,735.33,728.11,729.79,63545.0,SPY
2023-03-24 14:30:00+00:00,290.22,293.33,289.52,291.77,73265.0,AAPL
2023-03-24 14:30:00+00:00,251.33,253.9,245.38,247.93,70128.0,MSFT
2023-03-24 14:30:00+00:00,729.35,754.78,714.11,744.87,49626.0,SPY
2023-03-24 15:30:00+00:00,291.1,292.07,288.08,289.75,35391.0,AAPL
2023-03-24 15:30:00+00:00,248.1,251.4,246.43,249.83,21009.0,MSFT
2023-03-24 15:30:00+00:00,743.12,749.35,739.38,745.49,45527.0,SPY
2023-03-24 16:30:00+00:00,289.19,294.78,285.95,292.22,46339.0,AAPL
2023-03-24 16:30:00+00:00,249.78,259.98,246.51,256.23,58649.0,MSFT
2023-03-24 16:30:00+00:00,745.5,750.4,735.85,741.19,82036.0,SPY
2023-03-24 17:30:00+00:00,292.2,295.75,278.12,281.75,130893.0,AAPL
2023-03-24 17:30:00+00:00,256.0,259.9,253.93,258.04,109211.0,MSFT
2023-03-24 17:30:00+00:00,741.46,744.95,737.63,739.8,32715.0,SPY
2023-03-24 18:30:00+00:00,281.21,281.69,280.24,280.87,28607.0,AAPL
2023-03-24 18:30:00+00:00,258.12,266.57,253.84,264.25,23363.0,MSFT
2023-03-24 18:30:00+00:00,739.05,743.09,728.79,734.63,81367.0,SPY
2023-03-24 19:30:00+00:00,281.27,281.52,280.77,281.17,29740.0,AAPL
2023-03-24 19:30:00+00:00,264.43,268.15,258.12,259.92,58889.0,MSFT
2023-03-24 19:30:00+00:00,736.26,746.43,720.93,727.05,76488.0,SPY
2023-03-24 20:30:00+00:00,281.39,286.82,279.92,284.06,66845.0,AAPL
2023-03-24 20:30:00+00:00,260.17,267.35,258.24,265.1,58370.0,MSFT
2023-03-24 20:30:00+00:00,727.46,745.74,721.88,741.01,19217.0,SPY
2023-03-24 21:30:00+00:00,284.11,285.32,281.4,283.16,161548.0,AAPL
2023-03-24 21:30:00+00:00,265.05,266.73,262.9,263.74,31139.0,MSFT
2023-03-24 21:30:00+00:00,741.09,751.13,712.18,723.9,53206.0,SPY
2023-03-24 22:30:00+00:00,283.58,286.71,282.22,285.34,19658.0,AAPL
2023-03-24 22:30:00+00:00,263.28,265.16,260.55,262.16,24208.0,MSFT
2023-03-24 22:30:00+00:00,723.05,729.23,708.12,716.69,23561.0,SPY
2023-03-24 23:30:00+00:00,284.93,288.56,283.28,286.99,53918.0,AAPL
2023-03-24 23:30:00+00:00,262.86,272.67,259.32,269.46,63707.0,MSFT
2023-03-24 23:30:00+00:00,719.29,725.17,704.88,709.23,71260.0,SPY
2023-03-25 00:30:00+00:00,287.38,288.64,285.52,287.22,47074.0,AAPL
2023-03-25 00:30:00+00:00,268.75,271.33,263.06,264.93,33310.0,MSFT
2023-03-25 00:30:00+00:00,709.96,733.11,697.43,724.27,86284.0,SPY
2023-03-25 01:30:00+00:00,287.03,288.6,285.7,286.85,39654.0,AAPL
2023-03-25 01:30:00+00:00,265.05,275.04,261.56,270.8,36737.0,MSFT
2023-03-25 01:30:00+00:00,723.82,735.35,699.48,706.04,142208.0,SPY
2023-03-25 02:30:00+00:00,287.33,289.45,285.76,288.41,49646.0,AAPL
2023-03-25 02:30:00+00:00,270.55,272.58,265.06,267.57,43936.0,MSFT
2023-03-25 02:30:00+00:00,705.92,718.0,697.8,713.58,40306.0,SPY
2023-03-25 03:30:00+00:00,289.51,293.28,283.38,285.22,35476.0,AAPL
2023-03-25 03:30:00+00:00,267.9,270.79,254.62,259.22,111702.0,MSFT
2023-03-25 03:30:00+00:00,713.21,718.75,700.18,704.71,51500.0,SPY
2023-03-25 04:30:00+00:00,285.06,292.74,282.17,289.99,115176.0,AAPL
2023-03-25 04:30:00+00:00,259.7,264.58,251.19,253.82,88567.0,MSFT
2023-03-25 04:30:00+00:00,707.54,715.95,682.73,692.97,37801.0,SPY
2023-03-25 05:30:00+00:00,289.92,292.9,277.87,282.78,127351.0,AAPL
2023-03-25 05:30:00+00:00,253.35,263.94,248.08,260.64,39715.0,MSFT
2023-03-25 05:30:00+00:00,691.89,728.11,671.99,712.38,77903.0,SPY
2023-03-25 06:30:00+00:00,282.32,282.85,282.08,282.38,50477.0,AAPL
2023-03-25 06:30:00+00:00,260.58,262.49,259.24,261.51,105071.0,MSFT
2023-03-25 06:30:00+00:00,713.37,725.26,706.55,719.1,104128.0,SPY
2023-03-25 07:30:00+00:00,282.31,283.69,278.67,280.99,42044.0,AAPL
2023-03-25 07:30:00+00:00,261.5,263.15,258.97,260.72,58907.0,MSFT
2023-03-25 07:30:00+00:00,720.57,753.21,701.46,742.5,36118.0,SPY
2023-03-25 08:30:00+00:00,281.65,282.85,281.08,282.11,147940.0,AAPL
2023-03-25 08:30:00+00:00,260.56,264.18,254.19,256.3,95949.0,MSFT
2023-03-25 08:30:00+00:00,743.61,745.54,738.79,742.12,31536.0,SPY
2023-03-25 09:30:00+00:00,281.91,285.5,280.58,284.12,45879.0,AAPL
2023-03-25 09:30:00+00:00,255.66,258.13,254.63,257.39,39272.0,MSFT
2023-03-25 09:30:00+00:00,742.66,759.41,736.4,753.29,133465.0,SPY
2023-03-25 10:30:00+00:00,283.79,287.7,282.24,285.95,38915.0,AAPL
2023-03-25 10:30:00+00:00,257.2,260.88,242.7,247.76,52063.0,MSFT
2023-03-25 10:30:00+00:00,753.51,761.56,742.83,748.09,24858.0,SPY
2023-03-25 11:30:00+00:00,286.26,287.7,283.61,284.69,62999.0,AAPL
2023-03-25 11:30:00+00:00,247.61,248.53,246.29,247.02,49119.0,MSFT
2023-03-25 11:30:00+00:00,747.41,781.46,737.51,766.46,34879.0,SPY
2023-03-25 12:30:00+00:00,285.43,287.55,277.89,281.32,47824.0,AAPL
2023-03-25 12:30:00+00:00,247.26,248.27,245.87,246.32,106740.0,MSFT
2023-03-25 12:30:00+00:00,765.42,773.98,746.43,752.8,89075.0,SPY
2023-03-25 13:30:00+00:00,281.94,285.98,279.56,283.65,133629.0,AAPL
2023-03-25 13:30:00+00:00,246.1,248.2,241.61,244.26,150721.0,MSFT
2023-03-25 13:30:00+00:00,752.52,759.15,750.56,755.88,105684.0,SPY
2023-03-25 14:30:00+00:00,283.94,285.19,282.17,282.97,28411.0,AAPL
2023-03-25 14:30:00+00:00,244.38,252.79,242.0,250.24,41364.0,MSFT
2023-03-25 14:30:00+00:00,756.43,788.22,743.65,776.27,38294.0,SPY
2023-03-25 15:30:00+00:00,283.01,287.02,277.54,279.97,57982.0,AAPL
2023-03-25 15:30:00+00:00,250.28,257.28,248.47,254.02,37719.0,MSFT
2023-03-25 15:30:00+00:00,777.4,781.55,770.51,774.23,67948.0,SPY
2023-03-25 16:30:00+00:00,280.37,290.26,278.09,285.36,41056.0,AAPL
2023-03-25 16:30:00+00:00,253.36,258.94,242.76,245.61,36623.0,MSFT
2023-03-25 16:30:00+00:00,775.77,776.87,774.26,776.05,42281.0,SPY
2023-03-25 17:30:00+00:00,285.45,304.41,274.57,299.58,33066.0,AAPL
2023-03-25 17:30:00+00:00,245.83,256.83,240.23,251.41,33273.0,MSFT
2023-03-25 17:30:00+00:00,774.96,777.78,770.12,773.27,25941.0,SPY
2023-03-25 18:30:00+00:00,299.29,301.72,295.56,297.27,131862.0,AAPL
2023-03-25 18:30:00+00:00,251.95,264.82,245.0,261.43,39336.0,MSFT
2023-03-25 18:30:00+00:00,773.36,779.0,765.66,769.13,67041.0,SPY
2023-03-25 19:30:00+00:00,296.26,303.58,293.43,300.33,66581.0,AAPL
2023-03-25 19:30:00+00:00,260.84,262.59,260.09,261.64,37852.0,MSFT
2023-03-25 19:30:00+00:00,768.13,792.11,756.0,780.11,18391.0,SPY
2023-03-25 20:30:00+00:00,299.69,301.9,296.08,298.1,40656.0,AAPL
2023-03-25 20:30:00+00:00,261.48,265.51,253.77,257.26,31826.0,MSFT
2023-03-25 20:30:00+00:00,781.04,791.11,773.99,786.73,56494.0,SPY
2023-03-25 21:30:00+00:00,298.1,302.83,289.03,293.03,70309.0,AAPL
2023-03-25 21:30:00+00:00,257.12,260.9,251.52,253.95,79543.0,MSFT
2023-03-25 21:30:00+00:00,786.53,821.72,773.96,807.88,38662.0,SPY
2023-03-25 22:30:00+00:00,293.42,294.15,293.0,293.68,80738.0,AAPL
2023-03-25 22:30:00+00:00,253.58,260.31,251.93,256.85,31048.0,MSFT
2023-03-25 22:30:00+00:00,807.33,840.76,789.92,829.31,45224.0,SPY
2023-03-25 23:30:00+00:00,293.82,296.32,289.5,291.1,54397.0,AAPL
2023-03-25 23:30:00+00:00,257.06,258.17,256.01,257.22,90762.0,MSFT
2023-03-25 23:30:00+00:00,827.47,836.8,808.04,814.83,43649.0,SPY
2023-03-26 00:30:00+00:00,291.27,295.41,288.99,293.77,69591.0,AAPL
2023-03-26 00:30:00+00:00,257.11,258.87,252.1,254.07,100195.0,MSFT
2023-03-26 00:30:00+00:00,814.39,821.14,806.24,811.43,86323.0,SPY
2023-03-26 01:30:00+00:00,293.1,297.32,283.61,286.29,47725.0,AAPL
2023-03-26 01:30:00+00:00,253.34,256.53,251.98,255.11,43208.0,MSFT
2023-03-26 01:30:00+00:00,812.6,831.64,776.76,790.54,52936.0,SPY
2023-03-26 02:30:00+00:00,286.21,287.72,281.18,284.0,54313.0,AAPL
2023-03-26 02:30:00+00:00,254.95,258.55,247.04,250.12,24998.0,MSFT
2023-03-26 02:30:00+00:00,790.38,817.22,777.35,805.58,75252.0,SPY
2023-03-26 03:30:00+00:00,284.46,291.21,281.48,288.03,44715.0,AAPL
2023-03-26 03:30:00+00:00,250.0,253.42,247.57,252.19,109267.0,MSFT
2023-03-26 03:30:00+00:00,806.01,818.75,798.7,812.23,25623.0,SPY
2023-03-26 04:30:00+00:00,287.82,290.89,286.62,289.71,35593.0,AAPL
2023-03-26 04:30:00+00:00,251.89,256.5,248.69,254.84,87903.0,MSFT
2023-03-26 04:30:00+00:00,809.48,822.26,799.45,816.69,33530.0,SPY
2023-03-26 05:30:00+00:00,290.82,294.55,288.49,292.92,52394.0,AAPL
2023-03-26 05:30:00+00:00,255.12,260.55,240.39,246.14,105054.0,MSFT
2023-03-26 05:30:00+00:00,816.13,821.77,805.6,810.75,104709.0,SPY
2023-03-26 06:30:00+00:00,292.57,295.01,291.71,293.65,19186.0,AAPL
2023-03-26 06:30:00+00:00,246.5,247.92,244.76,245.68,52854.0,MSFT
2023-03-26 06:30:00+00:00,811.37,819.44,792.03,801.67,100211.0,SPY
2023-03-26 07:30:00+00:00,293.15,294.53,290.58,291.64,63986.0,AAPL
2023-03-26 07:30:00+00:00,246.64,249.94,242.62,244.29,28095.0,MSFT
2023-03-26 07:30:00+00:00,803.01,809.4,790.32,796.02,47132.0,SPY
2023-03-26 08:30:00+00:00,292.15,293.36,289.43,290.83,83442.0,AAPL
2023-03-26 08:30:00+00:00,243.92,248.81,241.77,246.5,20208.0,MSFT
2023-03-26 08:30:00+00:00,793.38,813.83,781.83,806.16,45220.0,SPY
2023-03-26 09:30:00+00:00,291.05,296.91,288.55,294.29,95072.0,AAPL
2023-03-26 09:30:00+00:00,247.09,252.02,244.2,249.4,32521.0,MSFT
2023-03-26 09:30:00+00:00,804.24,822.55,795.23,813.93,36399.0,SPY
2023-03-26 10:30:00+00:00,294.12,298.65,291.94,297.2,37053.0,AAPL
2023-03-26 10:30:00+00:00,249.71,257.76,246.66,253.87,29434.0,MSFT
2023-03-26 10:30:00+00:00,814.38,823.09,788.27,797.21,37790.0,SPY
2023-03-26 11:30:00+00:00,297.38,301.3,288.51,292.08,37400.0,AAPL
2023-03-26 11:30:00+00:00,253.25,256.35,245.96,249.36,52545.0,MSFT
2023-03-26 11:30:00+00:00,798.13,800.52,791.12,794.68,37464.0,SPY
2023-03-26 12:30:00+00:00,292.58,296.85,283.7,287.67,40272.0,AAPL
2023-03-26 12:30:00+00:00,249.61,262.81,241.75,259.53,56112.0,MSFT
2023-03-26 12:30:00+00:00,794.73,802.95,789.32,799.76,13782.0,SPY
2023-03-26 13:30:00+00:00,287.59,291.16,279.25,282.72,49948.0,AAPL
2023-03-26 13:30:00+00:00,259.66,261.03,257.78,258.96,40196.0,MSFT
2023-03-26 13:30:00+00:00,799.73,804.63,793.29,798.07,69432.0,SPY
2023-03-26 14:30:00+00:00,282.15,284.63,281.24,283.35,41570.0,AAPL
2023-03-26 14:30:00+00:00,259.72,260.54,256.56,257.84,30126.0,MSFT
2023-03-26 14:30:00+00:00,797.93,800.93,784.59,791.16,34515.0,SPY
2023-03-26 15:30:00+00:00,283.49,285.72,281.81,284.44,60485.0,AAPL
2023-03-26 15:30:00+00:00,257.87,260.95,246.67,251.96,38896.0,MSFT
2023-03-26 15:30:00+00:00,790.05,800.75,786.35,794.92,24703.0,SPY
2023-03-26 16:30:00+00:00,284.4,289.51,282.75,287.73,55751.0,AAPL
2023-03-26 16:30:00+00:00,252.03,256.49,242.38,245.71,76748.0,MSFT
2023-03-26 16:30:00+00:00,796.96,804.84,794.35,800.95,119663.0,SPY
2023-03-26 17:30:00+00:00,287.6,296.58,285.35,291.6,93890.0,AAPL
2023-03-26 17:30:00+00:00,246.4,250.05,244.39,248.74,56332.0,MSFT
2023-03-26 17:30:00+00:00,802.32,810.19,797.48,805.44,33126.0,SPY
2023-03-26 18:30:00+00:00,291.37,293.82,290.34,292.34,105648.0,AAPL
2023-03-26 18:30:00+00:00,248.64,249.73,245.17,246.88,47830.0,MSFT
2023-03-26 18:30:00+00:00,804.87,809.42,799.09,801.06,44714.0,SPY
2023-03-26 19:30:00+00:00,292.48,293.21,289.76,291.24,40423.0,AAPL
2023-03-26 19:30:00+00:00,246.76,251.6,244.17,248.98,26598.0,MSFT
2023-03-26 19:30:00+00:00,801.8,807.03,780.39,791.73,72890.0,SPY
2023-03-26 20:30:00+00:00,291.11,293.16,280.86,285.48,30742.0,AAPL
2023-03-26 20:30:00+00:00,248.72,253.1,238.75,242.59,26246.0,MSFT
2023-03-26 20:30:00+00:00,790.4,796.42,780.0,785.55,43704.0,SPY
2023-03-26 21:30:00+00:00,284.99,295.32,278.96,292.34,113294.0,AAPL
2023-03-26 21:30:00+00:00,242.65,248.17,240.77,246.73,57095.0,MSFT
2023-03-26 21:30:00+00:00,786.27,792.97,773.58,779.63,138601.0,SPY
2023-03-26 22:30:00+00:00,292.19,294.44,288.62,289.83,35104.0,AAPL
2023-03-26 22:30:00+00:00,247.51,252.1,244.8,250.24,55607.0,MSFT
2023-03-26 22:30:00+00:00,778.5,805.18,764.8,795.25,12662.0,SPY
2023-03-26 23:30:00+00:00,289.34,301.03,284.76,296.98,38209.0,AAPL
2023-03-26 23:30:00+00:00,249.96,253.66,249.13,251.69,56717.0,MSFT
2023-03-26 23:30:00+00:00,795.12,798.49,786.82,790.79,154688.0,SPY
2023-03-27 00:30:00+00:00,296.24,297.2,295.34,296.09,73656.0,AAPL
2023-03-27 00:30:00+00:00,252.15,255.25,243.55,247.2,85070.0,MSFT
2023-03-27 00:30:00+00:00,791.3,823.49,778.58,806.67,34000.0,SPY
2023-03-27 01:30:00+00:00,296.03,300.87,294.35,298.51,68932.0,AAPL
2023-03-27 01:30:00+00:00,247.65,255.34,245.75,251.86,43632.0,MSFT
2023-03-27 01:30:00+00:00,809.15,836.16,795.98,828.24,38172.0,SPY
2023-03-27 02:30:00+00:00,298.11,300.68,289.27,292.68,70919.0,AAPL
2023-03-27 02:30:00+00:00,252.42,258.5,249.5,255.84,35251.0,MSFT
2023-03-27 02:30:00+00:00,828.39,838.26,810.73,818.36,46971.0,SPY
2023-03-27 03:30:00+00:00,293.14,301.03,290.64,296.86,66655.0,AAPL
2023-03-27 03:30:00+00:00,255.46,259.25,253.49,257.65,47551.0,MSFT
2023-03-27 03:30:00+00:00,819.61,828.9,803.48,810.97,51223.0,SPY
2023-03-27 04:30:00+00:00,296.73,302.12,294.39,300.04,40179.0,AAPL
2023-03-27 04:30:00+00:00,257.52,258.43,254.47,256.39,19413.0,MSFT
2023-03-27 04:30:00+00:00,809.19,814.25,805.73,810.98,48255.0,SPY
2023-03-27 05:30:00+00:00,300.32,307.57,284.5,291.84,47351.0,AAPL
2023-03-27 05:30:00+00:00,255.89,258.57,248.97,251.86,84457.0,MSFT
2023-03-27 05:30:00+00:00,811.42,820.67,797.94,802.35,36765.0,SPY
2023-03-27 06:30:00+00:00,291.76,295.14,286.69,289.35,69400.0,AAPL
2023-03-27 06:30:00+00:00,252.64,255.86,241.2,245.88,33844.0,MSFT
2023-03-27 06:30:00+00:00,802.85,841.45,785.37,822.86,41195.0,SPY
2023-03-27 07:30:00+00:00,288.48,290.71,286.96,289.18,86586.0,AAPL
2023-03-27 07:30:00+00:00,246.3,249.05,241.52,244.18,68678.0,MSFT
2023-03-27 07:30:00+00:00,822.64,824.83,818.1,820.52,64184.0,SPY
2023-03-27 08:30:00+00:00,289.34,291.28,283.23,285.78,55025.0,AAPL
2023-03-27 08:30:00+00:00,244.22,247.75,242.34,246.3,103953.0,MSFT
2023-03-27 08:30:00+00:00,820.35,826.27,805.23,813.58,38325.0,SPY
2023-03-27 09:30:00+00:00,285.92,295.18,267.03,275.16,31076.0,AAPL
2023-03-27 09:30:00+00:00,246.3,249.42,244.61,247.68,39173.0,MSFT
2023-03-27 09:30:00+00:00,809.62,819.7,803.8,814.6,78709.0,SPY
2023-03-27 10:30:00+00:00,275.38,278.49,267.94,271.63,92037.0,AAPL
2023-03-27 10:30:00+00:00,248.05,250.63,240.8,243.09,100829.0,MSFT
2023-03-27 10:30:00+00:00,813.28,841.88,796.56,830.4,91231.0,SPY
2023-03-27 11:30:00+00:00,272.16,273.56,268.38,270.21,63894.0,AAPL
2023-03-27 11:30:00+00:00,242.98,246.36,235.33,238.9,45820.0,MSFT
2023-03-27 11:30:00+00:00,831.34,861.33,818.27,848.48,28074.0,SPY
2023-03-27 12:30:00+00:00,271.3,277.44,268.98,274.15,56913.0,AAPL
2023-03-27 12:30:00+00:00,238.09,238.62,237.55,237.9,30876.0,MSFT
2023-03-27 12:30:00+00:00,847.81,858.04,843.05,853.27,26069.0,SPY
2023-03-27 13:30:00+00:00,275.25,276.89,272.24,273.84,53238.0,AAPL
2023-03-27 13:30:00+00:00,237.43,243.75,236.02,240.9,35231.0,MSFT
2023-03-27 13:30:00+00:00,854.05,860.41,841.04,845.79,43995.0,SPY
2023-03-27 14:30:00+00:00,274.3,280.83,260.73,267.49,33047.0,AAPL
2023-03-27 14:30:00+00:00,240.53,248.52,238.85,245.0,45576.0,MSFT
2023-03-27 14:30:00+00:00,845.42,877.01,837.58,862.85,24294.0,SPY
2023-03-27 15:30:00+00:00,267.72,270.14,266.58,268.97,53729.0,AAPL
2023-03-27 15:30:00+00:00,244.75,247.63,243.15,245.86,86674.0,MSFT
2023-03-27 15:30:00+00:00,862.7,869.67,844.59,853.45,90176.0,SPY
2023-03-27 16:30:00+00:00,269.25,272.57,263.23,265.02,48774.0,AAPL
2023-03-27 16:30:00+00:00,245.52,246.12,243.78,245.02,87533.0,MSFT
2023-03-27 16:30:00+00:00,854.88,903.64,838.12,888.13,39468.0,SPY
2023-03-27 17:30:00+00:00,265.01,267.88,259.26,261.95,70239.0,AAPL
2023-03-27 17:30:00+00:00,244.79,246.51,239.54,242.23,44652.0,MSFT
2023-03-27 17:30:00+00:00,889.17,893.1,882.15,886.02,47713.0,SPY
2023-03-27 18:30:00+00:00,261.73,266.57,260.13,264.4,123036.0,AAPL
2023-03-27 18:30:00+00:00,242.58,243.33,241.0,241.89,32246.0,MSFT
2023-03-27 18:30:00+00:00,885.48,888.14,883.89,886.53,150939.0,SPY
2023-03-27 19:30:00+00:00,264.39,265.54,259.68,261.13,60802.0,AAPL
2023-03-27 19:30:00+00:00,242.69,254.43,237.65,249.23,130261.0,MSFT
2023-03-27 19:30:00+00:00,883.34,907.4,876.31,897.99,87444.0,SPY
2023-03-27 20:30:00+00:00,260.99,268.48,255.76,265.78,45707.0,AAPL
2023-03-27 20:30:00+00:00,249.14,257.02,244.75,253.52,76450.0,MSFT
2023-03-27 20:30:00+00:00,899.45,907.3,894.7,904.5,54634.0,SPY
2023-03-27 21:30:00+00:00,265.54,267.26,263.08,264.04,24861.0,AAPL
2023-03-27 21:30:00+00:00,253.71,258.67,250.67,256.18,26892.0,MSFT
2023-03-27 21:30:00+00:00,904.06,911.05,881.43,890.19,28316.0,SPY
2023-03-27 22:30:00+00:00,263.91,266.34,256.99,260.02,37794.0,AAPL
2023-03-27 22:30:00+00:00,256.14,260.87,247.68,251.67,55487.0,MSFT
2023-03-27 22:30:00+00:00,886.46,914.18,878.98,904.22,43640.0,SPY
2023-03-27 23:30:00+00:00,259.91,267.51,256.74,263.8,18929.0,AAPL
2023-03-27 23:30:00+00:00,251.24,253.85,244.81,248.26,52077.0,MSFT
2023-03-27 23:30:00+00:00,904.27,920.75,898.85,913.57,67744.0,SPY
2023-03-28 00:30:00+00:00,263.63,269.51,250.76,256.34,58620.0,AAPL
2023-03-28 00:30:00+00:00,247.5,248.76,243.64,244.9,15496.0,MSFT
2023-03-28 00:30:00+00:00,912.75,920.67,896.61,903.95,28523.0,SPY
2023-03-28 01:30:00+00:00,256.57,267.56,251.39,262.67,50062.0,AAPL
2023-03-28 01:30:00+00:00,245.2,246.38,244.51,245.78,31172.0,MSFT
2023-03-28 01:30:00+00:00,906.1,940.41,885.7,926.36,65168.0,SPY
2023-03-28 02:30:00+00:00,262.22,263.93,258.41,260.68,93618.0,AAPL
2023-03-28 02:30:00+00:00,245.55,245.73,245.11,245.55,26567.0,MSFT
2023-03-28 02:30:00+00:00,924.91,933.49,911.53,916.84,88486.0,SPY
2023-03-28 03:30:00+00:00,260.99,266.84,251.33,254.46,32617.0,AAPL
2023-03-28 03:30:00+00:00,245.75,249.65,238.3,241.77,25405.0,MSFT
2023-03-28 03:30:00+00:00,917.16,929.05,909.01,924.97,48290.0,SPY
2023-03-28 04:30:00+00:00,253.85,254.99,252.39,253.74,38703.0,AAPL
2023-03-28 04:30:00+00:00,241.98,245.66,233.79,236.87,36873.0,MSFT
2023-03-28 04:30:00+00:00,926.91,948.05,919.93,941.05,95895.0,SPY
2023-03-28 05:30:00+00:00,253.86,267.9,250.5,261.21,108716.0,AAPL
2023-03-28 05:30:00+00:00,236.8,238.25,234.51,235.34,107867.0,MSFT
2023-03-28 05:30:00+00:00,941.55,945.3,937.57,939.7,67216.0,SPY
2023-03-28 06:30:00+00:00,261.9,267.83,239.86,249.57,75507.0,AAPL
2023-03-28 06:30:00+00:00,234.98,238.38,233.03,237.04,22969.0,MSFT
2023-03-28 06:30:00+00:00,939.42,946.38,921.33,927.79,78237.0,SPY
2023-03-28 07:30:00+00:00,248.71,252.34,241.97,243.77,51945.0,AAPL
2023-03-28 07:30:00+00:00,237.36,238.09,236.64,237.4,44296.0,MSFT
2023-03-28 07:30:00+00:00,929.84,936.37,916.83,925.25,51582.0,SPY
2023-03-28 08:30:00+00:00,243.32,247.68,233.58,237.85,30802.0,AAPL
2023-03-28 08:30:00+00:00,236.57,238.64,233.3,235.04,74270.0,MSFT
2023-03-28 08:30:00+00:00,925.74,937.62,903.62,915.72,186040.0,SPY
2023-03-28 09:30:00+00:00,238.32,241.28,229.53,232.87,67994.0,AAPL
2023-03-28 09:30:00+00:00,235.38,238.14,233.81,236.68,31625.0,MSFT
2023-03-28 09:30:00+00:00,913.35,919.43,910.37,917.34,39435.0,SPY
2023-03-28 10:30:00+00:00,232.95,234.97,225.04,228.67,18033.0,AAPL
2023-03-28 10:30:00+00:00,236.45,241.15,226.39,229.89,44742.0,MSFT
2023-03-28 10:30:00+00:00,917.73,936.39,910.35,927.61,51938.0,SPY
2023-03-28 11:30:00+00:00,228.45,231.73,220.9,224.47,130396.0,AAPL
2023-03-28 11:30:00+00:00,230.06,231.04,227.3,228.34,29863.0,MSFT
2023-03-28 11:30:00+00:00,927.02,932.4,916.77,921.89,47012.0,SPY
2023-03-28 12:30:00+00:00,224.81,227.46,223.91,225.88,59195.0,AAPL
2023-03-28 12:30:00+00:00,228.52,234.11,226.55,232.65,48515.0,MSFT
2023-03-28 12:30:00+00:00,922.8,931.28,909.32,913.3,57150.0,SPY
2023-03-28 13:30:00+00:00,225.23,229.45,215.69,219.69,21728.0,AAPL
2023-03-28 13:30:00+00:00,232.06,233.44,230.03,230.91,31761.0,MSFT
2023-03-28 13:30:00+00:00,913.54,916.91,905.52,909.46,74510.0,SPY
2023-03-28 14:30:00+00:00,220.19,223.06,214.76,216.55,32962.0,AAPL
2023-03-28 14:30:00+00:00,230.95,233.05,224.02,226.69,34748.0,MSFT
2023-03-28 14:30:00+00:00,910.22,915.91,899.35,905.33,16269.0,SPY
2023-03-28 15:30:00+00:00,216.61,218.48,213.08,214.55,34562.0,AAPL
2023-03-28 15:30:00+00:00,226.11,227.8,222.27,223.85,44585.0,MSFT
2023-03-28 15:30:00+00:00,905.4,939.21,884.12,928.89,34008.0,SPY
2023-03-28 16:30:00+00:00,215.07,215.44,214.7,215.1,30632.0,AAPL
2023-03-28 16:30:00+00:00,223.63,225.5,219.87,221.69,30906.0,MSFT
2023-03-28 16:30:00+00:00,926.16,929.13,917.82,923.7,28328.0,SPY
2023-03-28 17:30:00+00:00,214.76,219.4,203.42,207.48,34983.0,AAPL
2023-03-28 17:30:00+00:00,221.37,225.71,210.63,214.95,95081.0,MSFT
2023-03-28 17:30:00+00:00,923.25,935.84,891.91,907.03,112971.0,SPY
2023-03-28 18:30:00+00:00,208.03,213.17,206.68,210.57,50230.0,AAPL
2023-03-28 18:30:00+00:00,214.99,218.2,206.13,210.21,34209.0,MSFT
2023-03-28 18:30:00+00:00,908.3,931.73,902.42,922.47,67409.0,SPY
2023-03-28 19:30:00+00:00,210.82,219.55,208.87,215.6,229259.0,AAPL
2023-03-28 19:30:00+00:00,209.57,213.07,200.92,204.57,114390.0,MSFT
2023-03-28 19:30:00+00:00,922.05,927.33,911.36,918.39,54259.0,SPY
2023-03-28 20:30:00+00:00,215.42,217.14,214.31,216.01,31910.0,AAPL
2023-03-28 20:30:00+00:00,205.1,210.24,192.92,197.96,90728.0,MSFT
2023-03-28 20:30:00+00:00,918.14,920.55,912.87,916.47,45881.0,SPY
2023-03-28 21:30:00+00:00,216.21,218.09,212.96,214.31,64170.0,AAPL
2023-03-28 21:30:00+00:00,197.98,198.63,196.24,197.21,51000.0,MSFT
2023-03-28 21:30:00+00:00,915.79,928.63,890.34,901.03,26238.0,SPY
2023-03-28 22:30:00+00:00,214.63,218.03,213.8,216.45,51700.0,AAPL
2023-03-28 22:30:00+00:00,197.12,200.81,196.08,199.17,58857.0,MSFT
2023-03-28 22:30:00+00:00,900.95,915.58,892.41,908.81,44995.0,SPY
2023-03-28 23:30:00+00:00,216.18,218.33,212.38,213.86,51892.0,AAPL
2023-03-28 23:30:00+00:00,199.33,200.72,194.73,197.33,85906.0,MSFT
2023-03-28 23:30:00+00:00,906.59,935.24,893.69,923.25,48429.0,SPY
2023-03-29 00:30:00+00:00,214.08,215.68,212.56,214.79,126688.0,AAPL
2023-03-29 00:30:00+00:00,197.85,200.41,191.74,194.62,33664.0,MSFT
2023-03-29 00:30:00+00:00,923.98,939.01,919.67,933.17,109163.0,SPY
2023-03-29 01:30:00+00:00,214.98,217.49,210.5,212.92,56885.0,AAPL
2023-03-29 01:30:00+00:00,194.26,195.49,193.44,194.82,49942.0,MSFT
2023-03-29 01:30:00+00:00,931.26,935.22,916.26,923.93,38327.0,SPY
2023-03-29 02:30:00+00:00,213.12,214.83,207.34,210.08,35410.0,AAPL
2023-03-29 02:30:00+00:00,194.81,198.11,193.15,196.27,56438.0,MSFT
2023-03-29 02:30:00+00:00,926.12,932.39,912.51,917.63,44851.0,SPY
2023-03-29 03:30:00+00:00,210.08,214.02,201.96,205.69,87368.0,AAPL
2023-03-29 03:30:00+00:00,196.17,197.72,193.1,194.32,77158.0,MSFT
2023-03-29 03:30:00+00:00,918.11,947.64,910.98,931.94,23276.0,SPY
2023-03-29 04:30:00+00:00,205.5,208.15,200.75,203.07,59093.0,AAPL
2023-03-29 04:30:00+00:00,194.48,195.15,192.67,193.52,33105.0,MSFT
2023-03-29 04:30:00+00:00,931.88,934.95,918.51,925.12,48279.0,SPY
2023-03-29 05:30:00+00:00,202.6,208.04,200.24,205.04,68200.0,AAPL
2023-03-29 05:30:00+00:00,193.48,194.4,191.43,192.41,40044.0,MSFT
2023-03-29 05:30:00+00:00,928.38,947.41,917.93,939.09,56231.0,SPY
2023-03-29 06:30:00+00:00,205.36,206.18,204.8,205.59,86410.0,AAPL
2023-03-29 06:30:00+00:00,192.18,192.53,191.95,192.12,38729.0,MSFT
2023-03-29 06:30:00+00:00,941.31,945.8,932.76,937.75,101257.0,SPY
2023-03-29 07:30:00+00:00,205.79,206.98,202.98,204.23,20416.0,AAPL
2023-03-29 07:30:00+00:00,192.12,194.23,191.13,193.01,43664.0,MSFT
2023-03-29 07:30:00+00:00,936.35,943.53,931.47,940.14,59978.0,SPY
2023-03-29 08:30:00+00:00,204.32,208.19,195.43,199.61,36836.0,AAPL
2023-03-29 08:30:00+00:00,193.3,196.54,183.62,188.32,40148.0,MSFT
2023-03-29 08:30:00+00:00,939.25,961.47,931.2,948.85,128042.0,SPY
2023-03-29 09:30:00+00:00,200.03,203.6,190.8,193.37,48079.0,AAPL
2023-03-29 09:30:00+00:00,188.78,190.62,183.07,185.66,37030.0,MSFT
2023-03-29 09:30:00+00:00,947.05,950.76,929.07,937.64,46278.0,SPY
2023-03-29 10:30:00+00:00,193.39,194.56,192.64,193.82,56762.0,AAPL
2023-03-29 10:30:00+00:00,186.18,190.81,184.22,188.47,173746.0,MSFT
2023-03-29 10:30:00+00:00,935.86,940.31,927.65,931.32,52049.0,SPY
2023-03-29 11:30:00+00:00,193.91,196.5,190.07,191.83,45384.0,AAPL
2023-03-29 11:30:00+00:00,188.76,190.44,186.92,187.9,71017.0,MSFT
2023-03-29 11:30:00+00:00,932.21,940.38,898.8,912.97,60695.0,SPY
2023-03-29 12:30:00+00:00,191.66,195.4,190.28,193.81,58786.0,AAPL
2023-03-29 12:30:00+00:00,188.11,191.0,178.07,182.57,42960.0,MSFT
2023-03-29 12:30:00+00:00,916.35,920.91,900.35,906.35,45342.0,SPY
2023-03-29 13:30:00+00:00,194.12,203.13,191.29,199.84,78470.0,AAPL
2023-03-29 13:30:00+00:00,182.46,183.57,178.86,180.39,59044.0,MSFT
2023-03-29 13:30:00+00:00,906.75,921.3,868.36,885.67,76500.0,SPY
2023-03-29 14:30:00+00:00,200.47,201.59,199.65,201.21,33881.0,AAPL
2023-03-29 14:30:00+00:00,180.37,185.69,177.12,183.19,29935.0,MSFT
2023-03-29 14:30:00+00:00,886.87,897.02,867.47,876.27,72790.0,SPY
2023-03-29 15:30:00+00:00,201.4,202.59,200.59,201.99,43097.0,AAPL
2023-03-29 15:30:00+00:00,183.39,183.98,182.21,182.66,58083.0,MSFT
2023-03-29 15:30:00+00:00,875.5,880.62,871.88,877.26,85241.0,SPY
2023-03-29 16:30:00+00:00,201.68,202.26,200.71,201.36,40568.0,AAPL
2023-03-29 16:30:00+00:00,182.67,183.35,180.3,181.57,27566.0,MSFT
2023-03-29 16:30:00+00:00,878.96,917.74,863.09,903.06,18439.0,SPY
2023-03-29 17:30:00+00:00,201.34,206.27,193.99,196.34,83424.0,AAPL
2023-03-29 17:30:00+00:00,182.01,182.83,180.95,181.69,55375.0,MSFT
2023-03-29 17:30:00+00:00,903.52,921.19,862.87,880.7,18760.0,SPY
2023-03-29 18:30:00+00:00,196.81,197.58,196.24,197.09,33106.0,AAPL
2023-03-29 18:30:00+00:00,181.75,182.67,178.91,179.82,32525.0,MSFT
2023-03-29 18:30:00+00:00,878.8,881.7,870.3,875.02,143168.0,SPY
2023-03-29 19:30:00+00:00,197.63,199.07,193.74,195.08,33732.0,AAPL
2023-03-29 19:30:00+00:00,179.68,184.56,178.38,182.44,18812.0,MSFT
2023-03-29 19:30:00+00:00,874.0,886.46,869.36,880.17,170585.0,SPY
2023-03-29 20:30:00+00:00,195.12,198.94,187.73,191.01,101680.0,AAPL
2023-03-29 20:30:00+00:00,182.13,188.88,179.85,186.99,48951.0,MSFT
2023-03-29 20:30:00+00:00,878.03,887.46,872.06,882.44,22444.0,SPY
2023-03-29 21:30:00+00:00,190.73,191.91,188.1,189.37,145324.0,AAPL
2023-03-29 21:30:00+00:00,186.31,186.73,185.68,186.2,87095.0,MSFT
2023-03-29 21:30:00+00:00,884.15,925.56,867.14,913.85,105196.0,SPY
2023-03-29 22:30:00+00:00,189.23,191.51,183.12,185.43,111769.0,AAPL
2023-03-29 22:30:00+00:00,186.43,187.85,181.35,182.72,254630.0,MSFT
2023-03-29 22:30:00+00:00,915.83,947.37,899.3,932.78,44539.0,SPY
2023-03-29 23:30:00+00:00,185.55,187.14,182.63,183.95,23267.0,AAPL
2023-03-29 23:30:00+00:00,182.63,183.62,179.77,181.1,78717.0,MSFT
2023-03-29 23:30:00+00:00,932.71,966.74,920.04,954.73,44820.0,SPY
2023-03-30 00:30:00+00:00,184.19,193.85,179.42,190.77,102249.0,AAPL
2023-03-30 00:30:00+00:00,180.91,181.63,180.33,181.16,106652.0,MSFT
2023-03-30 00:30:00+00:00,952.94,969.06,944.53,962.6,52603.0,SPY
2023-03-30 01:30:00+00:00,190.3,192.34,185.8,187.11,50488.0,AAPL
2023-03-30 01:30:00+00:00,180.53,181.49,178.68,179.75,67007.0,MSFT
2023-03-30 01:30:00+00:00,962.31,968.07,944.14,950.13,42371.0,SPY
2023-03-30 02:30:00+00:00,187.09,187.6,186.25,187.13,55601.0,AAPL
2023-03-30 02:30:00+00:00,180.02,181.95,173.41,176.22,72512.0,MSFT
2023-03-30 02:30:00+00:00,950.66,959.89,945.65,954.36,34729.0,SPY
2023-03-30 03:30:00+00:00,187.09,189.72,185.97,188.49,27165.0,AAPL
2023-03-30 03:30:00+00:00,176.33,177.63,175.96,176.83,70453.0,MSFT
2023-03-30 03:30:00+00:00,952.77,954.9,951.61,952.67,37537.0,SPY
2023-03-30 04:30:00+00:00,188.47,194.33,186.28,191.12,46685.0,AAPL
2023-03-30 04:30:00+00:00,176.73,179.93,175.58,178.25,29442.0,MSFT
2023-03-30 04:30:00+00:00,950.91,958.7,929.23,936.36,44162.0,SPY
2023-03-30 05:30:00+00:00,190.78,192.22,187.39,188.91,59952.0,AAPL
2023-03-30 05:30:00+00:00,177.84,181.47,176.18,180.2,29390.0,MSFT
2023-03-30 05:30:00+00:00,934.54,949.02,926.53,943.58,52457.0,SPY
2023-03-30 06:30:00+00:00,189.03,193.22,187.51,191.4,33700.0,AAPL
2023-03-30 06:30:00+00:00,180.31,182.28,177.54,178.64,37536.0,MSFT
2023-03-30 06:30:00+00:00,944.16,946.47,937.78,941.54,50021.0,SPY
2023-03-30 07:30:00+00:00,191.53,194.18,186.55,187.92,44806.0,AAPL
2023-03-30 07:30:00+00:00,178.84,179.36,176.99,177.94,28752.0,MSFT
2023-03-30 07:30:00+00:00,941.54,946.74,934.56,939.05,60255.0,SPY
2023-03-30 08:30:00+00:00,187.89,188.67,187.19,187.72,22225.0,AAPL
2023-03-30 08:30:00+00:00,177.97,181.79,175.24,180.46,68038.0,MSFT
2023-03-30 08:30:00+00:00,938.1,997.28,912.39,971.67,61983.0,SPY
2023-03-30 09:30:00+00:00,187.86,192.28,180.46,182.66,87554.0,AAPL
2023-03-30 09:30:00+00:00,180.91,181.83,178.78,179.92,17390.0,MSFT
2023-03-30 09:30:00+00:00,972.26,998.28,957.26,987.19,31050.0,SPY
2023-03-30 10:30:00+00:00,182.92,185.0,179.71,180.69,60629.0,AAPL
2023-03-30 10:30:00+00:00,179.76,183.29,178.35,181.91,71375.0,MSFT
2023-03-30 10:30:00+00:00,986.51,995.94,968.01,979.23,53357.0,SPY
2023-03-30 11:30:00+00:00,180.65,183.12,176.89,177.86,42302.0,AAPL
2023-03-30 11:30:00+00:00,181.82,183.95,178.15,179.95,55969.0,MSFT
2023-03-30 11:30:00+00:00,979.85,982.13,975.42,977.34,118622.0,SPY
2023-03-30 12:30:00+00:00,177.5,181.16,176.58,179.16,50730.0,AAPL
2023-03-30 12:30:00+00:00,179.61,182.77,178.05,181.1,71136.0,MSFT
2023-03-30 12:30:00+00:00,978.05,992.1,948.42,958.39,31676.0,SPY
2023-03-30 13:30:00+00:00,179.28,185.12,167.01,171.89,47776.0,AAPL
2023-03-30 13:30:00+00:00,181.52,187.18,178.55,185.69,50340.0,MSFT
2023-03-30 13:30:00+00:00,957.64,988.54,892.28,920.38,157555.0,SPY
2023-03-30 14:30:00+00:00,171.67,172.83,170.75,172.3,39255.0,AAPL
2023-03-30 14:30:00+00:00,185.79,189.81,175.01,178.98,93484.0,MSFT
2023-03-30 14:30:00+00:00,921.24,939.41,876.31,895.09,26265.0,SPY
2023-03-30 15:30:00+00:00,172.37,173.65,171.19,171.9,63422.0,AAPL
2023-03-30 15:30:00+00:00,178.53,179.6,177.35,178.13,43470.0,MSFT
2023-03-30 15:30:00+00:00,895.9,909.04,886.32,904.09,57419.0,SPY
2023-03-30 16:30:00+00:00,172.04,173.27,169.33,171.1,39817.0,AAPL
2023-03-30 16:30:00+00:00,178.41,180.54,175.18,176.6,42858.0,MSFT
2023-03-30 16:30:00+00:00,903.24,909.54,870.01,885.0,32036.0,SPY
2023-03-30 17:30:00+00:00,171.32,174.05,166.86,169.05,86958.0,AAPL
2023-03-30 17:30:00+00:00,176.99,181.33,175.25,179.34,43150.0,MSFT
2023-03-30 17:30:00+00:00,884.02,912.44,875.36,897.24,45081.0,SPY
2023-03-30 18:30:00+00:00,168.83,175.57,167.04,172.63,98645.0,AAPL
2023-03-30 18:30:00+00:00,179.22,180.42,177.68,178.85,87527.0,MSFT
2023-03-30 18:30:00+00:00,897.36,907.59,869.58,883.53,43598.0,SPY
2023-03-30 19:30:00+00:00,172.57,182.74,168.05,178.45,83171.0,AAPL
2023-03-30 19:30:00+00:00,178.73,179.46,177.26,177.89,33335.0,MSFT
2023-03-30 19:30:00+00:00,883.09,899.86,873.75,893.15,34219.0,SPY
2023-03-30 20:30:00+00:00,178.95,180.52,176.61,177.85,25505.0,AAPL
2023-03-30 20:30:00+00:00,178.2,180.62,177.4,179.54,119813.0,MSFT
2023-03-30 20:30:00+00:00,891.39,911.18,859.98,870.64,134873.0,SPY
2023-03-30 21:30:00+00:00,177.7,182.96,174.83,180.48,81948.0,AAPL
2023-03-30 21:30:00+00:00,179.1,179.77,178.85,179.43,26669.0,MSFT
2023-03-30 21:30:00+00:00,870.62,916.7,845.71,902.13,30412.0,SPY
2023-03-30 22:30:00+00:00,180.23,181.67,179.62,180.55,35771.0,AAPL
2023-03-30 22:30:00+00:00,179.38,179.87,178.2,178.64,63406.0,MSFT
2023-03-30 22:30:00+00:00,901.7,913.74,870.71,886.1,55402.0,SPY
2023-03-30 23:30:00+00:00,180.91,181.41,180.05,180.54,74060.0,AAPL
2023-03-30 23:30:00+00:00,178.69,182.13,177.15,180.45,96890.0,MSFT
2023-03-30 23:30:00+00:00,889.91,900.79,885.84,894.13,42075.0,SPY
2023-03-31 00:30:00+00:00,180.22,181.17,178.69,179.22,68213.0,AAPL
2023-03-31 00:30:00+00:00,180.55,183.47,175.46,177.6,128996.0,MSFT
2023-03-31 00:30:00+00:00,894.76,926.01,884.12,915.1,55616.0,SPY
2023-03-31 01:30:00+00:00,179.62,184.69,177.14,182.2,59154.0,AAPL
2023-03-31 01:30:00+00:00,177.36,177.96,177.09,177.57,46229.0,MSFT
2023-03-31 01:30:00+00:00,913.67,918.33,906.08,910.08,37741.0,SPY
2023-03-31 02:30:00+00:00,181.71,184.09,180.34,183.27,53064.0,AAPL
2023-03-31 02:30:00+00:00,176.94,183.56,174.78,181.76,38445.0,MSFT
2023-03-31 02:30:00+00:00,911.44,926.67,906.67,918.53,17991.0,SPY
2023-03-31 03:30:00+00:00,183.33,187.18,182.27,185.36,32156.0,AAPL
2023-03-31 03:30:00+00:00,181.63,182.23,181.1,181.84,143978.0,MSFT
2023-03-31 03:30:00+00:00,920.28,932.48,875.88,889.53,92233.0,SPY
2023-03-31 04:30:00+00:00,185.62,190.14,176.68,180.53,30885.0,AAPL
2023-03-31 04:30:00+00:00,181.54,182.45,178.78,179.68,35083.0,MSFT
2023-03-31 04:30:00+00:00,889.17,900.24,851.57,867.09,29884.0,SPY
2023-03-31 05:30:00+00:00,180.5,183.69,179.26,181.81,132164.0,AAPL
2023-03-31 05:30:00+00:00,179.64,183.94,177.33,182.36,32462.0,MSFT
2023-03-31 05:30:00+00:00,865.35,872.78,847.31,856.33,53943.0,SPY
2023-03-31 06:30:00+00:00,181.82,182.1,181.61,181.91,61851.0,AAPL
2023-03-31 06:30:00+00:00,182.16,183.63,181.47,182.72,73572.0,MSFT
2023-03-31 06:30:00+00:00,857.43,866.77,854.44,863.3,35760.0,SPY
2023-03-31 07:30:00+00:00,181.51,183.03,179.76,180.36,92485.0,AAPL
2023-03-31 07:30:00+00:00,182.83,185.06,175.19,177.41,60844.0,MSFT
2023-03-31 07:30:00+00:00,862.41,870.35,848.36,854.09,33978.0,SPY
2023-03-31 08:30:00+00:00,180.5,182.66,179.78,181.42,54252.0,AAPL
2023-03-31 08:30:00+00:00,177.47,178.79,176.56,177.93,54597.0,MSFT
2023-03-31 08:30:00+00:00,852.06,893.3,832.4,872.69,60612.0,SPY
2023-03-31 09:30:00+00:00,181.41,182.46,180.63,181.16,49751.0,AAPL
2023-03-31 09:30:00+00:00,177.44,179.47,176.92,178.56,41539.0,MSFT
2023-03-31 09:30:00+00:00,872.32,877.91,853.18,861.43,44780.0,SPY
2023-03-31 10:30:00+00:00,181.54,182.92,180.13,180.96,84841.0,AAPL
2023-03-31 10:30:00+00:00,178.41,180.04,173.63,176.02,33883.0,MSFT
2023-03-31 10:30:00+00:00,860.82,883.28,846.36,876.6,83038.0,SPY
2023-03-31 11:30:00+00:00,180.62,183.38,179.09,182.01,94630.0,AAPL
2023-03-31 11:30:00+00:00,176.17,179.16,175.39,177.63,34169.0,MSFT
2023-03-31 11:30:00+00:00,876.39,881.37,872.14,875.4,354497.0,SPY
2023-03-31 12:30:00+00:00,181.52,183.42,180.58,182.14,22007.0,AAPL
2023-03-31 12:30:00+00:00,177.74,178.27,177.34,177.93,50487.0,MSFT
2023-03-31 12:30:00+00:00,874.87,893.48,869.45,883.63,43263.0,SPY
2023-03-31 13:30:00+00:00,182.22,186.62,179.05,185.27,37570.0,AAPL
2023-03-31 13:30:00+00:00,177.99,179.28,177.32,178.46,38796.0,MSFT
2023-03-31 13:30:00+00:00,882.51,887.62,866.68,874.54,59584.0,SPY
2023-03-31 14:30:00+00:00,185.47,190.47,183.12,188.14,54734.0,AAPL
2023-03-31 14:30:00+00:00,178.26,182.97,177.07,180.96,66865.0,MSFT
2023-03-31 14:30:00+00:00,876.28,886.34,841.55,856.9,31799.0,SPY
2023-03-31 15:30:00+00:00,188.08,189.32,184.38,186.0,95304.0,AAPL
2023-03-31 15:30:00+00:00,180.6,183.56,178.87,181.83,36773.0,MSFT
2023-03-31 15:30:00+00:00,856.61,883.86,849.78,869.88,36805.0,SPY
2023-03-31 16:30:00+00:00,186.21,189.76,184.35,188.01,41520.0,AAPL
2023-03-31 16:30:00+00:00,182.06,183.4,176.97,179.37,25722.0,MSFT
2023-03-31 16:30:00+00:00,869.88,874.75,864.98,871.5,58013.0,SPY
2023-03-31 17:30:00+00:00,187.36,189.23,186.75,188.21,21984.0,AAPL
2023-03-31 17:30:00+00:00,179.44,180.12,178.96,179.37,54803.0,MSFT
2023-03-31 17:30:00+00:00,872.73,879.27,862.71,867.99,61092.0,SPY
2023-03-31 18:30:00+00:00,188.1,188.85,186.28,187.27,40831.0,AAPL
2023-03-31 18:30:00+00:00,179.55,180.25,177.31,178.19,60715.0,MSFT
2023-03-31 18:30:00+00:00,867.73,873.77,862.51,869.71,69148.0,SPY
2023-03-31 19:30:00+00:00,187.22,189.17,185.97,188.3,49932.0,AAPL
2023-03-31 19:30:00+00:00,178.35,178.89,177.86,178.58,72487.0,MSFT
2023-03-31 19:30:00+00:00,870.42,877.99,854.96,862.39,64115.0,SPY
2023-03-31 20:30:00+00:00,188.52,197.12,186.27,193.83,43544.0,AAPL
2023-03-31 20:30:00+00:00,177.79,178.12,177.53,177.87,35289.0,MSFT
2023-03-31 20:30:00+00:00,862.27,867.24,852.99,859.53,61881.0,SPY
2023-03-31 21:30:00+00:00,193.71,195.02,187.67,190.55,39977.0,AAPL
2023-03-31 21:30:00+00:00,177.84,179.57,171.94,174.84,71113.0,MSFT
2023-03-31 21:30:00+00:00,861.28,870.27,843.98,849.55,37799.0,SPY
2023-03-31 22:30:00+00:00,190.03,190.41,189.14,189.7,31647.0,AAPL
2023-03-31 22:30:00+00:00,174.78,176.93,174.28,175.97,21644.0,MSFT
2023-03-31 22:30:00+00:00,848.73,857.62,825.39,833.82,101130.0,SPY
2023-03-31 23:30:00+00:00,189.53,193.38,188.4,191.75,120722.0,AAPL
2023-03-31 23:30:00+00:00,175.63,176.4,174.45,174.98,49782.0,MSFT
2023-03-31 23:30:00+00:00,834.54,846.6,807.04,817.16,23324.0,SPY
2023-04-01 00:30:00+00:00,191.89,197.57,188.96,194.88,138144.0,AAPL
2023-04-01 00:30:00+00:00,174.61,181.33,172.08,178.25,58519.0,MSFT
2023-04-01 00:30:00+00:00,817.37,818.2,815.7,816.94,72235.0,SPY
2023-04-01 01:30:00+00:00,194.86,196.5,193.56,195.26,46658.0,AAPL
2023-04-01 01:30:00+00:00,178.26,182.36,170.41,174.1,59865.0,MSFT
2023-04-01 01:30:00+00:00,817.38,850.86,805.2,837.74,25170.0,SPY
2023-04-01 02:30:00+00:00,194.41,195.32,191.72,192.86,59385.0,AAPL
2023-04-01 02:30:00+00:00,174.18,177.54,172.91,176.08,37994.0,MSFT
2023-04-01 02:30:00+00:00,837.64,851.82,829.53,843.9,131670.0,SPY
2023-04-01 03:30:00+00:00,192.95,202.97,188.13,198.52,29222.0,AAPL
2023-04-01 03:30:00+00:00,176.09,181.53,173.41,178.72,34113.0,MSFT
2023-04-01 03:30:00+00:00,842.83,844.0,841.08,842.08,47300.0,SPY
2023-04-01 04:30:00+00:00,198.86,199.11,198.52,198.76,25447.0,AAPL
2023-04-01 04:30:00+00:00,179.03,180.12,174.57,176.61,58917.0,MSFT
2023-04-01 04:30:00+00:00,842.13,852.42,837.2,848.38,29360.0,SPY
2023-04-01 05:30:00+00:00,198.52,212.07,191.93,205.73,43811.0,AAPL
2023-04-01 05:30:00+00:00,176.45,178.1,175.6,177.4,28340.0,MSFT
2023-04-01 05:30:00+00:00,848.69,857.92,842.58,854.46,25157.0,SPY
2023-04-01 06:30:00+00:00,205.55,207.36,204.46,206.52,74954.0,AAPL
2023-04-01 06:30:00+00:00,177.45,178.74,172.22,174.75,40980.0,MSFT
2023-04-01 06:30:00+00:00,855.35,872.79,821.16,838.01,21467.0,SPY
2023-04-01 07:30:00+00:00,206.18,207.34,204.24,205.45,57960.0,AAPL
2023-04-01 07:30:00+00:00,174.68,177.04,168.67,171.53,37803.0,MSFT
2023-04-01 07:30:00+00:00,838.22,848.12,831.67,842.1,76551.0,SPY
2023-04-01 08:30:00+00:00,205.25,205.68,204.56,204.86,95075.0,AAPL
2023-04-01 08:30:00+00:00,171.52,173.33,170.5,172.7,55903.0,MSFT
2023-04-01 08:30:00+00:00,840.7,847.75,825.57,831.04,62677.0,SPY
2023-04-01 09:30:00+00:00,204.76,210.46,202.5,208.73,48229.0,AAPL
2023-04-01 09:30:00+00:00,172.38,179.26,169.69,177.26,63047.0,MSFT
2023-04-01 09:30:00+00:00,831.52,851.57,821.62,843.7,86267.0,SPY
2023-04-01 10:30:00+00:00,208.54,212.82,206.61,211.11,41740.0,AAPL
2023-04-01 10:30:00+00:00,176.41,181.4,175.33,179.46,51021.0,MSFT
2023-04-01 10:30:00+00:00,843.36,854.4,809.78,819.89,53279.0,SPY
2023-04-01 11:30:00+00:00,211.06,212.43,210.06,211.26,66338.0,AAPL
2023-04-01 11:30:00+00:00,179.61,181.02,177.76,178.54,37316.0,MSFT
2023-04-01 11:30:00+00:00,819.52,829.3,800.6,807.88,56420.0,SPY
2023-04-01 12:30:00+00:00,211.53,216.69,209.86,214.34,38743.0,AAPL
2023-04-01 12:30:00+00:00,178.58,179.07,178.21,178.68,41947.0,MSFT
2023-04-01 12:30:00+00:00,807.37,814.54,802.96,811.12,59760.0,SPY
2023-04-01 13:30:00+00:00,213.75,216.02,210.63,211.63,29725.0,AAPL
2023-04-01 13:30:00+00:00,179.18,180.56,178.23,179.77,33530.0,MSFT
2023-04-01 13:30:00+00:00,812.2,843.97,799.09,831.04,70936.0,SPY
2023-04-01 14:30:00+00:00,211.87,213.74,205.9,207.59,75013.0,AAPL
2023-04-01 14:30:00+00:00,180.15,182.25,178.99,181.01,47200.0,MSFT
2023-04-01 14:30:00+00:00,831.86,840.25,829.5,835.14,25602.0,SPY
2023-04-01 15:30:00+00:00,207.45,208.87,206.04,206.76,10704.0,AAPL
2023-04-01 15:30:00+00:00,181.0,183.52,179.93,182.38,24179.0,MSFT
2023-04-01 15:30:00+00:00,835.83,854.0,830.24,846.84,73332.0,SPY
2023-04-01 16:30:00+00:00,207.71,208.63,206.4,206.96,96796.0,AAPL
2023-04-01 16:30:00+00:00,182.78,187.28,179.91,185.5,130789.0,MSFT
2023-04-01 16:30:00+00:00,845.51,852.55,821.13,831.43,40122.0,SPY
2023-04-01 17:30:00+00:00,207.43,208.61,204.57,206.16,57738.0,AAPL
2023-04-01 17:30:00+00:00,185.39,187.3,184.47,186.0,52999.0,MSFT
2023-04-01 17:30:00+00:00,831.34,845.95,808.01,815.02,93492.0,SPY
2023-04-01 18:30:00+00:00,206.17,207.65,203.66,205.32,77643.0,AAPL
2023-04-01 18:30:00+00:00,185.72,186.65,183.19,184.71,47920.0,MSFT
2023-04-01 18:30:00+00:00,816.17,827.95,785.43,799.68,58063.0,SPY
2023-04-01 19:30:00+00:00,205.22,206.83,204.66,205.84,90402.0,AAPL
2023-04-01 19:30:00+00:00,184.48,190.08,183.27,187.36,85771.0,MSFT
2023-04-01 19:30:00+00:00,800.11,808.43,780.12,789.76,100400.0,SPY
2023-04-01 20:30:00+00:00,205.95,208.82,201.71,203.29,112236.0,AAPL
2023-04-01 20:30:00+00:00,187.36,190.37,186.28,188.77,94875.0,MSFT
2023-04-01 20:30:00+00:00,791.27,840.08,776.68,824.23,47445.0,SPY
2023-04-01 21:30:00+00:00,203.66,208.28,201.49,205.86,36822.0,AAPL
2023-04-01 21:30:00+00:00,188.95,191.58,181.67,185.28,20447.0,MSFT
2023-04-01 21:30:00+00:00,824.09,850.87,809.19,839.9,34574.0,SPY
2023-04-01 22:30:00+00:00,206.01,208.26,205.16,207.0,79591.0,AAPL
2023-04-01 22:30:00+00:00,185.22,191.04,183.36,189.23,68963.0,MSFT
2023-04-01 22:30:00+00:00,842.05,847.49,832.23,838.42,39871.0,SPY
2023-04-01 23:30:00+00:00,207.22,212.01,204.83,209.53,37559.0,AAPL
2023-04-01 23:30:00+00:00,189.42,192.08,188.32,190.85,39632.0,MSFT
2023-04-01 23:30:00+00:00,838.98,871.83,827.11,857.81,91214.0,SPY
2023-04-02 00:30:00+00:00,209.69,211.09,208.5,209.09,45247.0,AAPL
2023-04-02 00:30:00+00:00,190.73,192.56,189.21,191.55,37797.0,MSFT
2023-04-02 00:30:00+00:00,856.5,868.98,851.48,861.92,46562.0,SPY
2023-04-02 01:30:00+00:00,208.59,217.68,204.89,214.17,57820.0,AAPL
2023-04-02 01:30:00+00:00,191.67,192.71,188.72,190.37,61521.0,MSFT
2023-04-02 01:30:00+00:00,862.77,872.53,833.99,842.93,29431.0,SPY
2023-04-02 02:30:00+00:00,214.15,217.77,203.11,208.29,35527.0,AAPL
2023-04-02 02:30:00+00:00,190.25,192.04,186.4,188.53,28473.0,MSFT
2023-04-02 02:30:00+00:00,845.02,856.09,840.07,850.69,62204.0,SPY
2023-04-02 03:30:00+00:00,208.29,209.31,205.97,206.88,35637.0,AAPL
2023-04-02 03:30:00+00:00,188.54,191.17,186.9,189.98,104885.0,MSFT
2023-04-02 03:30:00+00:00,853.31,864.94,824.6,836.07,110335.0,SPY
2023-04-02 04:30:00+00:00,206.88,208.49,204.07,205.63,43961.0,AAPL
2023-04-02 04:30:00+00:00,190.31,191.66,187.33,188.97,99283.0,MSFT
2023-04-02 04:30:00+00:00,834.89,838.32,827.54,830.77,62765.0,SPY
2023-04-02 05:30:00+00:00,205.9,207.67,204.71,206.87,87569.0,AAPL
2023-04-02 05:30:00+00:00,188.79,190.4,184.46,186.15,76477.0,MSFT
2023-04-02 05:30:00+00:00,831.28,842.33,826.08,836.54,67927.0,SPY
2023-04-02 06:30:00+00:00,207.11,214.62,204.3,211.3,41738.0,AAPL
2023-04-02 06:30:00+00:00,185.51,194.77,180.14,191.25,31166.0,MSFT
2023-04-02 06:30:00+00:00,836.12,844.46,831.28,840.45,71233.0,SPY
2023-04-02 07:30:00+00:00,211.23,213.49,206.42,208.98,116769.0,AAPL
2023-04-02 07:30:00+00:00,190.78,193.0,189.12,192.35,34734.0,MSFT
2023-04-02 07:30:00+00:00,842.52,857.33,832.72,851.51,102335.0,SPY
2023-04-02 08:30:00+00:00,209.49,219.38,206.67,215.97,48637.0,AAPL
2023-04-02 08:30:00+00:00,191.96,194.54,184.67,188.2,32782.0,MSFT
2023-04-02 08:30:00+00:00,849.89,853.67,847.61,849.72,151054.0,SPY
2023-04-02 09:30:00+00:00,215.71,219.23,213.55,217.99,34786.0,AAPL
2023-04-02 09:30:00+00:00,187.81,192.51,185.29,190.43,32320.0,MSFT
2023-04-02 09:30:00+00:00,850.26,858.13,837.15,843.82,65162.0,SPY
2023-04-02 10:30:00+00:00,217.7,224.57,212.99,222.35,30144.0,AAPL
2023-04-02 10:30:00+00:00,190.13,191.57,188.37,189.16,53258.0,MSFT
2023-04-02 10:30:00+00:00,841.76,847.13,837.86,844.03,96092.0,SPY
2023-04-02 11:30:00+00:00,221.84,224.73,217.05,219.55,57526.0,AAPL
2023-04-02 11:30:00+00:00,189.07,192.66,187.77,190.84,47295.0,MSFT
2023-04-02 11:30:00+00:00,844.09,860.21,816.26,827.61,54024.0,SPY
2023-04-02 12:30:00+00:00,219.42,220.87,212.99,215.62,43299.0,AAPL
2023-04-02 12:30:00+00:00,191.05,192.77,187.95,189.32,50925.0,MSFT
2023-04-02 12:30:00+00:00,829.58,833.5,826.42,829.15,29357.0,SPY
2023-04-02 13:30:00+00:00,215.89,217.1,211.82,213.62,27480.0,AAPL
2023-04-02 13:30:00+00:00,189.33,191.34,188.22,190.24,70335.0,MSFT
2023-04-02 13:30:00+00:00,827.42,859.15,813.24,843.96,40386.0,SPY
2023-04-02 14:30:00+00:00,213.19,216.01,211.04,215.0,77757.0,AAPL
2023-04-02 14:30:00+00:00,189.93,194.48,188.81,192.3,92390.0,MSFT
2023-04-02 14:30:00+00:00,845.11,852.55,840.85,847.46,87367.0,SPY
2023-04-02 15:30:00+00:00,214.96,216.35,208.77,211.84,67456.0,AAPL
2023-04-02 15:30:00+00:00,192.45,198.57,189.69,196.72,45097.0,MSFT
2023-04-02 15:30:00+00:00,850.63,891.2,832.99,874.49,26659.0,SPY
2023-04-02 16:30:00+00:00,212.3,215.83,203.75,207.5,74576.0,AAPL
2023-04-02 16:30:00+00:00,196.62,197.83,195.99,197.31,174454.0,MSFT
2023-04-02 16:30:00+00:00,874.43,882.17,860.76,865.18,81163.0,SPY
2023-04-02 17:30:00+00:00,207.25,213.71,204.37,211.95,77485.0,AAPL
2023-04-02 17:30:00+00:00,197.3,198.73,192.9,194.73,36924.0,MSFT
2023-04-02 17:30:00+00:00,864.48,871.17,850.06,856.04,37238.0,SPY
2023-04-02 18:30:00+00:00,212.13,215.03,207.12,209.06,93546.0,AAPL
2023-04-02 18:30:00+00:00,194.04,197.8,192.03,196.19,38515.0,MSFT
2023-04-02 18:30:00+00:00,855.82,858.96,853.44,856.3,48730.0,SPY
2023-04-02 19:30:00+00:00,209.1,211.23,200.46,204.3,28339.0,AAPL
2023-04-02 19:30:00+00:00,195.88,200.05,194.09,197.74,34317.0,MSFT
2023-04-02 19:30:00+00:00,855.01,880.05,844.81,866.58,46868.0,SPY
2023-04-02 20:30:00+00:00,204.63,208.32,197.25,200.73,74824.0,AAPL
2023-04-02 20:30:00+00:00,197.92,198.73,196.67,197.58,42809.0,MSFT
2023-04-02 20:30:00+00:00,864.96,868.56,860.69,865.07,43792.0,SPY
2023-04-02 21:30:00+00:00,200.39,205.08,199.06,202.74,77931.0,AAPL
2023-04-02 21:30:00+00:00,197.46,197.98,195.15,196.32,63763.0,MSFT
2023-04-02 21:30:00+00:00,866.76,875.88,846.21,851.95,54430.0,SPY
2023-04-02 22:30:00+00:00,202.65,204.4,201.46,203.41,103281.0,AAPL
2023-04-02 22:30:00+00:00,195.94,196.69,192.51,193.97,23327.0,MSFT
2023-04-02 22:30:00+00:00,851.53,878.78,844.68,864.74,63472.0,SPY
2023-04-02 23:30:00+00:00,203.41,206.58,195.41,199.4,26405.0,AAPL
2023-04-02 23:30:00+00:00,193.52,195.78,187.34,190.48,27528.0,MSFT
2023-04-02 23:30:00+00:00,864.32,867.36,863.11,865.24,56157.0,SPY
2023-04-03 00:30:00+00:00,199.64,211.85,196.69,207.08,34496.0,AAPL
2023-04-03 00:30:00+00:00,190.52,193.18,183.67,187.16,109426.0,MSFT
2023-04-03 00:30:00+00:00,865.43,873.4,859.8,868.06,51958.0,SPY
2023-04-03 01:30:00+00:00,206.93,209.35,198.59,201.34,30076.0,AAPL
2023-04-03 01:30:00+00:00,187.2,195.88,185.12,192.56,86254.0,MSFT
2023-04-03 01:30:00+00:00,869.28,882.42,865.03,877.3,78466.0,SPY
2023-04-03 02:30:00+00:00,201.18,201.9,199.54,200.69,57816.0,AAPL
2023-04-03 02:30:00+00:00,192.84,194.44,191.59,193.49,170497.0,MSFT
2023-04-03 02:30:00+00:00,878.61,883.38,858.27,865.7,34830.0,SPY
2023-04-03 03:30:00+00:00,200.91,201.51,199.77,200.62,41325.0,AAPL
2023-04-03 03:30:00+00:00,193.42,195.94,192.76,195.12,37169.0,MSFT
2023-04-03 03:30:00+00:00,867.75,910.04,850.77,892.08,61584.0,SPY
2023-04-03 04:30:00+00:00,201.17,204.38,199.25,202.58,41178.0,AAPL
2023-04-03 04:30:00+00:00,195.22,199.79,185.15,189.8,73121.0,MSFT
2023-04-03 04:30:00+00:00,891.72,902.86,877.64,883.14,29209.0,SPY
2023-04-03 05:30:00+00:00,202.66,203.07,202.06,202.38,32547.0,AAPL
2023-04-03 05:30:00+00:00,189.05,191.45,188.26,190.28,28558.0,MSFT
2023-04-03 05:30:00+00:00,883.69,903.73,849.88,858.13,13991.0,SPY
2023-04-03 06:30:00+00:00,202.81,205.68,195.74,199.12,46392.0,AAPL
2023-04-03 06:30:00+00:00,190.15,191.16,185.49,187.72,92155.0,MSFT
2023-04-03 06:30:00+00:00,855.94,869.75,829.03,839.56,52257.0,SPY
2023-04-03 07:30:00+00:00,199.29,200.99,193.28,196.09,38530.0,AAPL
2023-04-03 07:30:00+00:00,187.59,187.93,187.37,187.61,78468.0,MSFT
2023-04-03 07:30:00+00:00,838.75,850.83,816.05,827.03,32694.0,SPY
2023-04-03 08:30:00+00:00,196.32,200.38,188.99,192.2,60277.0,AAPL
2023-04-03 08:30:00+00:00,187.82,192.01,185.18,190.88,41114.0,MSFT
2023-04-03 08:30:00+00:00,826.64,851.41,815.09,844.24,26911.0,SPY
2023-04-03 09:30:00+00:00,192.24,200.94,187.48,197.93,36125.0,AAPL
2023-04-03 09:30:00+00:00,191.17,192.4,185.94,188.21,37141.0,MSFT
2023-04-03 09:30:00+00:00,843.71,852.5,828.23,836.6,43928.0,SPY
2023-04-03 10:30:00+00:00,198.39,201.08,190.82,193.36,96171.0,AAPL
2023-04-03 10:30:00+00:00,188.53,193.53,186.19,191.88,40435.0,MSFT
2023-04-03 10:30:00+00:00,837.84,848.48,823.91,829.89,74811.0,SPY
2023-04-03 11:30:00+00:00,193.48,197.42,181.27,186.57,65596.0,AAPL
2023-04-03 11:30:00+00:00,191.87,193.73,188.1,189.5,57525.0,MSFT
2023-04-03 11:30:00+00:00,828.03,832.29,813.67,817.82,56443.0,SPY
2023-04-03 12:30:00+00:00,186.45,188.87,182.39,184.22,73026.0,AAPL
2023-04-03 12:30:00+00:00,189.46,190.91,185.04,186.54,39072.0,MSFT
2023-04-03 12:30:00+00:00,820.16,824.57,809.48,812.9,41043.0,SPY
2023-04-03 13:30:00+00:00,184.03,184.85,181.54,182.38,24191.0,AAPL
2023-04-03 13:30:00+00:00,186.91,189.65,180.21,183.43,68500.0,MSFT
2023-04-03 13:30:00+00:00,814.89,820.14,800.54,808.6,18901.0,SPY
2023-04-03 14:30:00+00:00,182.19,183.29,177.78,179.79,94380.0,AAPL
2023-04-03 14:30:00+00:00,183.95,186.34,182.77,185.53,49756.0,MSFT
2023-04-03 14:30:00+00:00,809.42,813.7,799.47,805.1,74480.0,SPY
2023-04-03 15:30:00+00:00,180.14,181.73,175.97,177.82,82596.0,AAPL
2023-04-03 15:30:00+00:00,185.2,185.83,183.96,184.51,22135.0,MSFT
2023-04-03 15:30:00+00:00,803.58,819.38,794.98,814.63,38132.0,SPY
2023-04-03 16:30:00+00:00,177.96,179.45,177.02,178.59,119652.0,AAPL
2023-04-03 16:30:00+00:00,184.67,185.64,180.71,182.07,75334.0,MSFT
2023-04-03 16:30:00+00:00,814.22,828.36,808.86,821.32,31787.0,SPY
2023-04-03 17:30:00+00:00,178.73,182.56,176.14,181.54,43082.0,AAPL
2023-04-03 17:30:00+00:00,182.31,182.72,181.37,182.02,36985.0,MSFT
2023-04-03 17:30:00+00:00,820.71,835.98,783.34,798.53,41913.0,SPY
2023-04-03 18:30:00+00:00,181.56,184.49,175.68,177.78,42305.0,AAPL
2023-04-03 18:30:00+00:00,182.29,183.72,181.49,182.58,38646.0,MSFT
2023-04-03 18:30:00+00:00,799.47,816.74,792.21,807.69,33660.0,SPY
2023-04-03 19:30:00+00:00,177.68,181.05,176.67,179.65,44035.0,AAPL
2023-04-03 19:30:00+00:00,183.0,186.19,177.42,179.45,13669.0,MSFT
2023-04-03 19:30:00+00:00,807.24,829.41,796.41,818.57,21172.0,SPY
2023-04-03 20:30:00+00:00,179.36,182.08,173.31,176.07,45590.0,AAPL
2023-04-03 20:30:00+00:00,179.32,180.85,178.37,180.33,45643.0,MSFT
2023-04-03 20:30:00+00:00,815.6,820.44,813.47,815.4,22572.0,SPY
2023-04-03 21:30:00+00:00,175.95,177.7,169.12,172.64,32909.0,AAPL
2023-04-03 21:30:00+00:00,180.39,182.14,171.11,175.19,76873.0,MSFT
2023-04-03 21:30:00+00:00,815.61,822.73,804.5,808.37,63227.0,SPY
2023-04-03 22:30:00+00:00,172.61,173.42,172.07,172.76,40440.0,AAPL
2023-04-03 22:30:00+00:00,175.44,177.02,174.21,176.23,41114.0,MSFT
2023-04-03 22:30:00+00:00,809.55,814.54,805.22,810.16,98180.0,SPY
2023-04-03 23:30:00+00:00,172.74,173.34,170.1,171.43,35152.0,AAPL
2023-04-03 23:30:00+00:00,175.94,185.55,173.37,181.35,25920.0,MSFT
2023-04-03 23:30:00+00:00,809.41,839.93,802.18,824.89,58621.0,SPY
2023-04-04 00:30:00+00:00,171.36,171.78,170.86,171.5,46611.0,AAPL
2023-04-04 00:30:00+00:00,181.58,183.59,177.72,179.24,146276.0,MSFT
2023-04-04 00:30:00+00:00,824.3,839.1,819.32,831.65,58278.0,SPY
2023-04-04 01:30:00+00:00,171.21,174.72,169.12,172.61,29745.0,AAPL
2023-04-04 01:30:00+00:00,179.01,187.4,175.41,183.74,69524.0,MSFT
2023-04-04 01:30:00+00:00,832.19,836.96,813.47,823.75,59779.0,SPY
2023-04-04 02:30:00+00:00,172.9,175.13,169.48,170.72,67761.0,AAPL
2023-04-04 02:30:00+00:00,183.82,189.03,182.24,186.37,68498.0,MSFT
2023-04-04 02:30:00+00:00,822.39,861.48,811.03,846.78,12366.0,SPY
2023-04-04 03:30:00+00:00,170.62,173.37,169.42,172.31,68987.0,AAPL
2023-04-04 03:30:00+00:00,186.36,188.14,180.46,182.45,122694.0,MSFT
2023-04-04 03:30:00+00:00,847.17,867.88,835.44,858.1,32691.0,SPY
2023-04-04 04:30:00+00:00,172.09,172.88,170.3,171.04,113947.0,AAPL
2023-04-04 04:30:00+00:00,182.38,185.5,180.95,183.85,38630.0,MSFT
2023-04-04 04:30:00+00:00,858.44,865.17,855.13,862.81,17569.0,SPY
2023-04-04 05:30:00+00:00,170.74,171.16,169.89,170.56,39328.0,AAPL
2023-04-04 05:30:00+00:00,184.27,188.75,182.12,186.71,38548.0,MSFT
2023-04-04 05:30:00+00:00,864.86,871.19,850.93,857.99,24132.0,SPY
2023-04-04 06:30:00+00:00,170.52,171.46,170.08,170.97,55610.0,AAPL
2023-04-04 06:30:00+00:00,186.57,187.45,184.2,184.96,51078.0,MSFT
2023-04-04 06:30:00+00:00,857.29,860.6,843.36,849.66,42200.0,SPY
2023-04-04 07:30:00+00:00,170.98,172.81,170.02,172.1,42968.0,AAPL
2023-04-04 07:30:00+00:00,184.8,186.49,178.35,180.81,71301.0,MSFT
2023-04-04 07:30:00+00:00,848.63,853.03,847.08,851.59,98014.0,SPY
2023-04-04 08:30:00+00:00,172.16,173.68,168.82,169.86,47612.0,AAPL
2023-04-04 08:30:00+00:00,181.01,187.27,179.67,184.42,49401.0,MSFT
2023-04-04 08:30:00+00:00,851.16,871.36,842.06,865.08,35615.0,SPY
2023-04-04 09:30:00+00:00,170.44,171.08,169.25,170.27,45301.0,AAPL
2023-04-04 09:30:00+00:00,184.08,186.22,179.46,180.94,31722.0,MSFT
2023-04-04 09:30:00+00:00,865.38,879.02,857.27,871.74,32458.0,SPY
2023-04-04 10:30:00+00:00,170.66,172.92,164.04,166.75,41856.0,AAPL
2023-04-04 10:30:00+00:00,180.31,187.09,177.46,184.76,101772.0,MSFT
2023-04-04 10:30:00+00:00,871.79,878.55,847.78,856.75,64124.0,SPY
2023-04-04 11:30:00+00:00,166.21,169.34,164.65,167.69,55530.0,AAPL
2023-04-04 11:30:00+00:00,184.48,187.16,180.6,181.69,17997.0,MSFT
2023-04-04 11:30:00+00:00,860.5,865.33,856.03,859.61,180836.0,SPY
2023-04-04 12:30:00+00:00,168.19,169.38,167.79,168.76,38830.0,AAPL
2023-04-04 12:30:00+00:00,181.65,183.87,179.93,182.92,14529.0,MSFT
2023-04-04 12:30:00+00:00,858.75,865.08,850.42,855.53,65876.0,SPY
2023-04-04 13:30:00+00:00,168.59,169.75,167.74,169.28,49803.0,AAPL
2023-04-04 13:30:00+00:00,182.8,185.86,181.09,184.99,75280.0,MSFT
2023-04-04 13:30:00+00:00,855.63,880.96,841.58,872.44,76398.0,SPY
2023-04-04 14:30:00+00:00,169.34,170.77,166.58,167.79,34856.0,AAPL
2023-04-04 14:30:00+00:00,184.78,186.89,181.78,183.17,115082.0,MSFT
2023-04-04 14:30:00+00:00,873.01,877.87,864.07,868.18,49885.0,SPY
2023-04-04 15:30:00+00:00,167.98,172.32,166.31,170.13,34652.0,AAPL
2023-04-04 15:30:00+00:00,183.12,184.33,180.53,181.86,28601.0,MSFT
2023-04-04 15:30:00+00:00,872.33,884.47,867.69,880.02,41696.0,SPY
2023-04-04 16:30:00+00:00,170.32,171.46,169.23,170.75,36118.0,AAPL
2023-04-04 16:30:00+00:00,182.56,185.11,177.66,179.43,36004.0,MSFT
2023-04-04 16:30:00+00:00,880.55,886.32,857.31,868.41,46607.0,SPY
2023-04-04 17:30:00+00:00,170.95,171.65,170.24,171.1,101875.0,AAPL
2023-04-04 17:30:00+00:00,179.31,181.08,178.02,180.18,34383.0,MSFT
2023-04-04 17:30:00+00:00,868.81,887.34,859.22,876.86,23316.0,SPY
2023-04-04 18:30:00+00:00,171.3,174.84,162.48,166.38,28104.0,AAPL
2023-04-04 18:30:00+00:00,180.0,181.22,177.99,179.06,93454.0,MSFT
2023-04-04 18:30:00+00:00,875.8,906.07,861.34,893.95,54255.0,SPY
2023-04-04 19:30:00+00:00,166.16,167.91,162.3,164.12,53738.0,AAPL
2023-04-04 19:30:00+00:00,179.03,179.88,178.52,179.38,42558.0,MSFT
2023-04-04 19:30:00+00:00,894.13,899.81,891.77,896.37,41118.0,SPY
2023-04-04 20:30:00+00:00,164.33,169.46,161.56,167.82,37594.0,AAPL
2023-04-04 20:30:00+00:00,179.73,186.59,177.46,183.08,25629.0,MSFT
2023-04-04 20:30:00+00:00,895.27,901.48,891.33,898.04,23110.0,SPY
2023-04-04 21:30:00+00:00,167.42,171.53,165.32,169.4,31409.0,AAPL
2023-04-04 21:30:00+00:00,182.89,186.28,176.66,178.5,99843.0,MSFT
2023-04-04 21:30:00+00:00,896.86,902.52,893.51,899.27,70646.0,SPY
2023-04-04 22:30:00+00:00,169.1,169.58,168.1,168.7,33258.0,AAPL
2023-04-04 22:30:00+00:00,177.83,181.37,175.82,180.16,47918.0,MSFT
2023-04-04 22:30:00+00:00,897.69,903.62,882.16,890.1,35674.0,SPY
2023-04-04 23:30:00+00:00,168.64,172.42,167.39,170.47,58922.0,AAPL
2023-04-04 23:30:00+00:00,180.08,181.28,179.64,180.31,105560.0,MSFT
2023-04-04 23:30:00+00:00,888.56,910.36,876.8,899.4,65174.0,SPY
2023-04-05 00:30:00+00:00,170.5,171.82,167.01,168.74,35614.0,AAPL
2023-04-05 00:30:00+00:00,179.95,183.05,170.99,174.81,88462.0,MSFT
2023-04-05 00:30:00+00:00,900.0,902.54,895.2,897.77,31360.0,SPY
2023-04-05 01:30:00+00:00,168.85,171.21,164.63,165.93,50257.0,AAPL
2023-04-05 01:30:00+00:00,174.96,179.44,172.22,177.83,67698.0,MSFT
2023-04-05 01:30:00+00:00,896.57,902.09,877.21,887.12,71479.0,SPY
2023-04-05 02:30:00+00:00,165.78,166.64,164.05,164.7,27331.0,AAPL
2023-04-05 02:30:00+00:00,178.01,182.41,174.99,181.12,71641.0,MSFT
2023-04-05 02:30:00+00:00,886.78,890.43,878.96,883.15,57680.0,SPY
2023-04-05 03:30:00+00:00,164.83,165.33,163.17,164.19,43429.0,AAPL
2023-04-05 03:30:00+00:00,181.22,181.79,179.71,180.86,50159.0,MSFT
2023-04-05 03:30:00+00:00,885.24,897.45,878.27,893.55,31987.0,SPY
2023-04-05 04:30:00+00:00,163.55,164.39,162.99,164.07,45045.0,AAPL
2023-04-05 04:30:00+00:00,180.77,186.34,178.14,183.53,72414.0,MSFT
2023-04-05 04:30:00+00:00,893.93,911.88,885.18,903.24,101423.0,SPY
2023-04-05 05:30:00+00:00,163.74,165.44,161.81,162.84,45511.0,AAPL
2023-04-05 05:30:00+00:00,183.57,186.05,181.89,184.59,95512.0,MSFT
2023-04-05 05:30:00+00:00,902.02,908.46,897.21,903.0,77906.0,SPY
2023-04-05 06:30:00+00:00,162.74,165.17,161.33,164.03,49095.0,AAPL
2023-04-05 06:30:00+00:00,184.42,187.05,183.41,185.8,108115.0,MSFT
2023-04-05 06:30:00+00:00,901.35,917.65,892.6,911.24,21036.0,SPY
2023-04-05 07:30:00+00:00,164.33,167.62,162.6,165.78,98599.0,AAPL
2023-04-05 07:30:00+00:00,185.94,187.76,185.21,187.16,24385.0,MSFT
2023-04-05 07:30:00+00:00,909.15,934.95,894.34,925.26,30856.0,SPY
2023-04-05 08:30:00+00:00,165.76,166.54,164.28,165.1,96872.0,AAPL
2023-04-05 08:30:00+00:00,186.95,194.94,183.55,191.61,65608.0,MSFT
2023-04-05 08:30:00+00:00,926.31,935.53,909.59,914.9,37979.0,SPY
2023-04-05 09:30:00+00:00,165.28,165.61,164.16,164.68,57674.0,AAPL
2023-04-05 09:30:00+00:00,191.12,196.32,187.82,193.94,42275.0,MSFT
2023-04-05 09:30:00+00:00,918.44,924.2,899.62,908.32,29764.0,SPY
2023-04-05 10:30:00+00:00,165.25,165.91,164.84,165.32,41705.0,AAPL
2023-04-05 10:30:00+00:00,194.64,196.87,187.64,190.02,53314.0,MSFT
2023-04-05 10:30:00+00:00,909.76,912.84,903.59,906.05,57604.0,SPY
2023-04-05 11:30:00+00:00,164.76,165.73,164.44,165.07,72414.0,AAPL
2023-04-05 11:30:00+00:00,189.99,197.48,186.89,195.29,33656.0,MSFT
2023-04-05 11:30:00+00:00,906.75,908.71,902.56,906.01,61601.0,SPY
2023-04-05 12:30:00+00:00,165.48,170.05,164.21,168.1,47368.0,AAPL
2023-04-05 12:30:00+00:00,195.34,197.36,193.83,196.47,22477.0,MSFT
2023-04-05 12:30:00+00:00,905.22,910.51,901.79,906.78,74120.0,SPY
2023-04-05 13:30:00+00:00,168.13,170.57,166.69,169.12,72678.0,AAPL
2023-04-05 13:30:00+00:00,196.15,199.29,186.31,189.32,43269.0,MSFT
2023-04-05 13:30:00+00:00,906.64,909.32,902.51,904.84,68692.0,SPY
2023-04-05 14:30:00+00:00,169.24,171.77,167.78,170.98,61527.0,AAPL
2023-04-05 14:30:00+00:00,189.18,191.1,183.23,185.29,68391.0,MSFT
2023-04-05 14:30:00+00:00,904.91,930.43,892.92,917.96,59514.0,SPY
2023-04-05 15:30:00+00:00,171.47,172.4,168.68,169.82,36432.0,AAPL
2023-04-05 15:30:00+00:00,184.52,185.38,183.31,184.69,46360.0,MSFT
2023-04-05 15:30:00+00:00,918.13,926.3,911.41,923.04,91847.0,SPY
2023-04-05 16:30:00+00:00,170.02,171.83,167.02,168.11,63737.0,AAPL
2023-04-05 16:30:00+00:00,184.63,185.99,184.08,185.35,21588.0,MSFT
2023-04-05 16:30:00+00:00,923.79,930.19,918.95,921.85,60165.0,SPY
2023-04-05 17:30:00+00:00,168.32,171.83,159.15,162.9,100682.0,AAPL
2023-04-05 17:30:00+00:00,185.0,188.19,184.02,186.8,152960.0,MSFT
2023-04-05 17:30:00+00:00,922.11,926.35,914.6,919.6,42720.0,SPY
2023-04-05 18:30:00+00:00,162.62,169.95,158.33,167.54,35781.0,AAPL
2023-04-05 18:30:00+00:00,186.44,186.77,186.14,186.4,44357.0,MSFT
2023-04-05 18:30:00+00:00,919.53,929.19,900.43,910.92,88127.0,SPY
2023-04-05 19:30:00+00:00,167.22,168.64,163.6,165.25,27217.0,AAPL
2023-04-05 19:30:00+00:00,186.61,188.19,181.91,183.91,42341.0,MSFT
2023-04-05 19:30:00+00:00,909.94,913.69,901.68,905.94,29424.0,SPY
2023-04-05 20:30:00+00:00,164.96,168.33,163.02,166.77,36152.0,AAPL
2023-04-05 20:30:00+00:00,183.39,186.55,174.77,178.7,84682.0,MSFT
2023-04-05 20:30:00+00:00,905.83,912.01,884.73,895.11,71504.0,SPY
2023-04-05 21:30:00+00:00,166.49,170.28,165.33,168.87,36984.0,AAPL
2023-04-05 21:30:00+00:00,179.09,182.29,168.3,173.3,71443.0,MSFT
2023-04-05 21:30:00+00:00,895.35,902.44,874.11,884.44,121088.0,SPY
2023-04-05 22:30:00+00:00,169.05,171.53,162.04,164.1,34530.0,AAPL
2023-04-05 22:30:00+00:00,173.2,177.76,171.18,176.0,60928.0,MSFT
2023-04-05 22:30:00+00:00,880.92,889.56,856.78,869.35,46641.0,SPY
2023-04-05 23:30:00+00:00,163.94,166.28,158.4,160.5,25149.0,AAPL
2023-04-05 23:30:00+00:00,176.47,177.23,175.61,176.33,114263.0,MSFT
2023-04-05 23:30:00+00:00,869.02,905.58,851.34,889.26,43145.0,SPY
2023-04-06 00:30:00+00:00,160.86,164.82,158.81,163.39,88852.0,AAPL
2023-04-06 00:30:00+00:00,176.28,180.41,174.72,179.01,39944.0,MSFT
2023-04-06 00:30:00+00:00,889.35,933.57,873.75,921.19,53642.0,SPY
2023-04-06 01:30:00+00:00,163.46,163.87,162.34,162.85,16618.0,AAPL
2023-04-06 01:30:00+00:00,178.74,180.14,177.21,177.98,51962.0,MSFT
2023-04-06 01:30:00+00:00,921.13,925.38,911.67,916.22,25893.0,SPY
2023-04-06 02:30:00+00:00,162.76,166.09,156.67,158.63,95349.0,AAPL
2023-04-06 02:30:00+00:00,178.06,181.41,176.03,180.52,38136.0,MSFT
2023-04-06 02:30:00+00:00,916.16,925.21,912.98,920.85,67926.0,SPY
2023-04-06 03:30:00+00:00,158.57,159.25,157.73,158.33,55988.0,AAPL
2023-04-06 03:30:00+00:00,180.5,187.52,177.53,184.8,113641.0,MSFT
2023-04-06 03:30:00+00:00,919.24,921.18,914.23,918.85,87357.0,SPY
2023-04-06 04:30:00+00:00,158.89,159.76,155.38,157.25,28357.0,AAPL
2023-04-06 04:30:00+00:00,184.88,186.66,183.6,185.78,27441.0,MSFT
2023-04-06 04:30:00+00:00,917.84,921.86,911.5,918.89,56377.0,SPY
2023-04-06 05:30:00+00:00,157.19,160.21,150.11,153.54,70232.0,AAPL
2023-04-06 05:30:00+00:00,185.72,187.4,184.59,186.46,62797.0,MSFT
2023-04-06 05:30:00+00:00,919.22,925.75,914.89,921.22,64656.0,SPY
2023-04-06 06:30:00+00:00,153.59,158.98,152.26,156.69,55389.0,AAPL
2023-04-06 06:30:00+00:00,186.61,187.57,185.31,185.8,82953.0,MSFT
2023-04-06 06:30:00+00:00,921.71,928.6,910.9,915.4,41925.0,SPY
2023-04-06 07:30:00+00:00,156.74,157.6,155.95,156.93,84016.0,AAPL
2023-04-06 07:30:00+00:00,186.09,187.62,180.16,181.86,31533.0,MSFT
2023-04-06 07:30:00+00:00,917.56,926.26,900.66,906.65,42709.0,SPY
2023-04-06 08:30:00+00:00,157.02,158.36,156.09,157.4,87732.0,AAPL
2023-04-06 08:30:00+00:00,181.76,181.97,181.26,181.73,42782.0,MSFT
2023-04-06 08:30:00+00:00,904.73,912.04,893.7,898.51,77354.0,SPY
2023-04-06 09:30:00+00:00,157.51,159.02,153.95,155.43,45492.0,AAPL
2023-04-06 09:30:00+00:00,181.86,183.01,179.82,180.55,28010.0,MSFT
2023-04-06 09:30:00+00:00,900.31,924.37,849.89,871.27,58626.0,SPY
2023-04-06 10:30:00+00:00,155.39,156.62,154.32,155.62,108418.0,AAPL
2023-04-06 10:30:00+00:00,180.78,186.02,178.13,183.83,67099.0,MSFT
2023-04-06 10:30:00+00:00,872.06,888.99,866.29,881.15,63945.0,SPY
2023-04-06 11:30:00+00:00,155.57,160.64,153.45,159.06,67904.0,AAPL
2023-04-06 11:30:00+00:00,183.65,183.93,183.4,183.67,75980.0,MSFT
2023-04-06 11:30:00+00:00,879.58,918.27,868.3,900.8,39354.0,SPY
2023-04-06 12:30:00+00:00,159.2,160.07,156.82,157.9,16886.0,AAPL
2023-04-06 12:30:00+00:00,184.18,188.22,182.52,185.85,42107.0,MSFT
2023-04-06 12:30:00+00:00,900.28,917.98,866.42,880.77,51564.0,SPY
2023-04-06 13:30:00+00:00,157.86,158.76,156.93,158.31,116886.0,AAPL
2023-04-06 13:30:00+00:00,185.61,186.7,185.18,186.11,40302.0,MSFT
2023-04-06 13:30:00+00:00,878.88,915.62,869.57,900.51,26906.0,SPY
2023-04-06 14:30:00+00:00,158.54,160.33,157.16,159.28,46510.0,AAPL
2023-04-06 14:30:00+00:00,186.36,188.52,185.58,187.23,133850.0,MSFT
2023-04-06 14:30:00+00:00,899.8,960.52,881.25,933.66,16946.0,SPY
2023-04-06 15:30:00+00:00,159.2,160.75,158.53,160.26,28295.0,AAPL
2023-04-06 15:30:00+00:00,186.84,189.53,179.92,182.55,48277.0,MSFT
2023-04-06 15:30:00+00:00,934.31,946.69,899.85,917.31,18491.0,SPY
2023-04-06 16:30:00+00:00,160.21,161.68,157.55,158.62,98439.0,AAPL
2023-04-06 16:30:00+00:00,182.46,183.07,180.69,181.39,50947.0,MSFT
2023-04-06 16:30:00+00:00,914.82,920.91,904.77,908.31,48780.0,SPY
2023-04-06 17:30:00+00:00,158.67,161.31,157.23,160.22,52383.0,AAPL
2023-04-06 17:30:00+00:00,181.3,183.81,175.04,177.0,59137.0,MSFT
2023-04-06 17:30:00+00:00,907.96,945.67,897.9,931.65,38118.0,SPY
2023-04-06 18:30:00+00:00,160.26,170.77,154.63,166.24,13318.0,AAPL
2023-04-06 18:30:00+00:00,177.1,181.85,175.5,180.1,23422.0,MSFT
2023-04-06 18:30:00+00:00,930.67,965.69,910.11,953.59,48397.0,SPY
2023-04-06 19:30:00+00:00,166.43,167.42,164.25,165.59,34334.0,AAPL
2023-04-06 19:30:00+00:00,179.68,190.02,174.27,187.17,24934.0,MSFT
2023-04-06 19:30:00+00:00,951.55,958.69,932.53,940.66,35723.0,SPY
2023-04-06 20:30:00+00:00,165.51,166.76,160.79,162.76,68834.0,AAPL
2023-04-06 20:30:00+00:00,187.03,188.77,185.68,187.54,90461.0,MSFT
2023-04-06 20:30:00+00:00,941.92,948.14,928.63,935.24,38690.0,SPY
2023-04-06 21:30:00+00:00,163.14,164.78,162.42,164.26,35926.0,AAPL
2023-04-06 21:30:00+00:00,187.39,187.78,186.7,187.22,68329.0,MSFT
2023-04-06 21:30:00+00:00,934.84,986.23,916.9,968.24,122929.0,SPY
2023-04-06 22:30:00+00:00,163.96,168.64,161.03,166.79,87427.0,AAPL
2023-04-06 22:30:00+00:00,187.1,188.07,185.0,186.08,55501.0,MSFT
2023-04-06 22:30:00+00:00,968.64,974.24,951.99,959.97,21465.0,SPY
2023-04-06 23:30:00+00:00,166.57,169.09,161.94,163.16,48360.0,AAPL
2023-04-06 23:30:00+00:00,186.01,190.67,176.63,180.71,20519.0,MSFT
2023-04-06 23:30:00+00:00,961.37,966.4,958.06,963.52,48480.0,SPY
2023-04-07 00:30:00+00:00,162.58,175.46,157.21,170.7,37761.0,AAPL
2023-04-07 00:30:00+00:00,180.61,183.15,175.31,177.76,50692.0,MSFT
2023-04-07 00:30:00+00:00,963.83,1005.72,951.41,985.56,84495.0,SPY
2023-04-07 01:30:00+00:00,170.6,175.73,168.82,173.2,47333.0,AAPL
2023-04-07 01:30:00+00:00,177.52,179.4,173.48,174.94,32448.0,MSFT
2023-04-07 01:30:00+00:00,987.67,1037.26,960.39,1021.65,50276.0,SPY
2023-04-07 02:30:00+00:00,173.34,185.61,168.2,182.41,38806.0,AAPL
2023-04-07 02:30:00+00:00,175.24,179.67,165.57,168.73,52591.0,MSFT
2023-04-07 02:30:00+00:00,1023.18,1025.43,1016.27,1018.53,56747.0,SPY
2023-04-07 03:30:00+00:00,182.1,187.38,180.18,185.07,32647.0,AAPL
2023-04-07 03:30:00+00:00,169.05,169.53,167.66,168.35,77717.0,MSFT
2023-04-07 03:30:00+00:00,1019.03,1045.61,955.31,981.72,34110.0,SPY
2023-04-07 04:30:00+00:00,185.35,188.66,183.68,186.98,35751.0,AAPL
2023-04-07 04:30:00+00:00,168.12,178.39,165.77,174.37,79546.0,MSFT
2023-04-07 04:30:00+00:00,981.53,1015.5,971.03,1004.75,81062.0,SPY
2023-04-07 05:30:00+00:00,187.06,189.56,181.66,184.41,56988.0,AAPL
2023-04-07 05:30:00+00:00,174.51,185.65,169.27,180.73,37557.0,MSFT
2023-04-07 05:30:00+00:00,1003.62,1006.89,994.42,1001.34,65673.0,SPY
2023-04-07 06:30:00+00:00,184.52,187.95,182.68,186.32,94094.0,AAPL
2023-04-07 06:30:00+00:00,180.78,181.36,180.22,180.66,28998.0,MSFT
2023-04-07 06:30:00+00:00,1004.49,1010.98,995.33,998.85,65161.0,SPY
2023-04-07 07:30:00+00:00,186.44,189.89,184.47,188.85,104694.0,AAPL
2023-04-07 07:30:00+00:00,180.53,181.49,178.72,179.64,89218.0,MSFT
2023-04-07 07:30:00+00:00,999.13,1021.83,982.28,1013.25,22777.0,SPY
2023-04-07 08:30:00+00:00,188.91,192.25,187.42,191.35,130147.0,AAPL
2023-04-07 08:30:00+00:00,179.48,180.17,177.75,178.59,48896.0,MSFT
2023-04-07 08:30:00+00:00,1012.84,1022.88,996.98,1004.43,26221.0,SPY
2023-04-07 09:30:00+00:00,191.12,194.59,189.34,193.14,58429.0,AAPL
2023-04-07 09:30:00+00:00,178.86,179.52,177.29,177.96,37277.0,MSFT
2023-04-07 09:30:00+00:00,1004.66,1019.51,997.77,1015.09,150508.0,SPY
2023-04-07 10:30:00+00:00,193.74,195.44,192.71,194.35,114882.0,AAPL
2023-04-07 10:30:00+00:00,178.0,179.11,177.41,178.52,75398.0,MSFT
2023-04-07 10:30:00+00:00,1013.3,1046.3,995.36,1033.05,41265.0,SPY
2023-04-07 11:30:00+00:00,194.45,195.09,193.21,194.14,58788.0,AAPL
2023-04-07 11:30:00+00:00,177.92,180.93,171.99,174.56,15919.0,MSFT
2023-04-07 11:30:00+00:00,1033.63,1061.32,1021.99,1047.72,31996.0,SPY
2023-04-07 12:30:00+00:00,193.86,197.94,192.79,196.27,86760.0,AAPL
2023-04-07 12:30:00+00:00,174.32,179.84,172.15,177.31,41593.0,MSFT
2023-04-07 12:30:00+00:00,1048.28,1090.09,1039.33,1073.49,35812.0,SPY
2023-04-07 13:30:00+00:00,195.77,197.5,189.55,192.04,162480.0,AAPL
2023-04-07 13:30:00+00:00,177.13,178.25,174.36,175.72,61829.0,MSFT
2023-04-07 13:30:00+00:00,1074.82,1084.62,1065.49,1079.11,49023.0,SPY
2023-04-07 14:30:00+00:00,192.48,192.8,191.33,192.08,49781.0,AAPL
2023-04-07 14:30:00+00:00,176.0,177.93,173.03,174.55,136325.0,MSFT
2023-04-07 14:30:00+00:00,1076.92,1108.54,1059.99,1095.16,61382.0,SPY
2023-04-07 15:30:00+00:00,191.79,195.64,190.28,193.81,34738.0,AAPL
2023-04-07 15:30:00+00:00,174.67,179.51,173.33,177.26,24524.0,MSFT
2023-04-07 15:30:00+00:00,1097.44,1117.5,1041.55,1068.1,47083.0,SPY
2023-04-07 16:30:00+00:00,193.6,196.16,192.4,195.14,21130.0,AAPL
2023-04-07 16:30:00+00:00,177.23,179.27,176.02,178.28,163782.0,MSFT
2023-04-07 16:30:00+00:00,1067.73,1113.18,1047.56,1098.94,115259.0,SPY
2023-04-07 17:30:00+00:00,194.52,196.15,193.25,195.3,64693.0,AAPL
2023-04-07 17:30:00+00:00,178.25,183.73,176.29,181.13,22923.0,MSFT
2023-04-07 17:30:00+00:00,1098.06,1130.52,1080.24,1116.75,53522.0,SPY
2023-04-07 18:30:00+00:00,195.58,196.5,194.92,195.94,54625.0,AAPL
2023-04-07 18:30:00+00:00,181.32,184.7,174.15,177.0,32829.0,MSFT
2023-04-07 18:30:00+00:00,1113.29,1148.0,1093.09,1135.33,60099.0,SPY
2023-04-07 19:30:00+00:00,196.16,198.81,194.55,197.1,44532.0,AAPL
2023-04-07 19:30:00+00:00,177.23,180.86,166.94,171.3,52713.0,MSFT
2023-04-07 19:30:00+00:00,1137.18,1161.63,1091.79,1109.65,31362.0,SPY
2023-04-07 20:30:00+00:00,197.5,199.21,194.22,196.09,58607.0,AAPL
2023-04-07 20:30:00+00:00,171.34,172.77,167.3,169.12,46450.0,MSFT
2023-04-07 20:30:00+00:00,1108.17,1113.06,1099.93,1105.18,75027.0,SPY
2023-04-07 21:30:00+00:00,196.06,197.25,195.41,196.41,46754.0,AAPL
2023-04-07 21:30:00+00:00,168.96,175.41,166.83,173.61,103278.0,MSFT
2023-04-07 21:30:00+00:00,1108.76,1168.54,1090.44,1141.23,51575.0,SPY
2023-04-07 22:30:00+00:00,196.72,201.87,195.22,199.37,71336.0,AAPL
2023-04-07 22:30:00+00:00,173.62,177.05,168.58,170.29,18242.0,MSFT
2023-04-07 22:30:00+00:00,1143.81,1194.96,1133.48,1168.95,23907.0,SPY
2023-04-07 23:30:00+00:00,199.52,203.41,197.14,201.48,33888.0,AAPL
2023-04-07 23:30:00+00:00,170.34,171.4,166.3,168.33,135764.0,MSFT
2023-04-07 23:30:00+00:00,1170.77,1175.67,1163.39,1167.72,24002.0,SPY
2023-04-08 00:30:00+00:00,201.18,202.0,200.64,201.34,31439.0,AAPL
2023-04-08 00:30:00+00:00,168.03,169.01,166.18,167.37,46934.0,MSFT
2023-04-08 00:30:00+00:00,1167.57,1176.72,1156.98,1161.64,38200.0,SPY
2023-04-08 01:30:00+00:00,201.3,205.43,193.09,195.97,15261.0,AAPL
2023-04-08 01:30:00+00:00,167.6,168.57,166.22,166.99,25395.0,MSFT
2023-04-08 01:30:00+00:00,1161.51,1164.28,1155.18,1158.93,56470.0,SPY
2023-04-08 02:30:00+00:00,195.87,196.65,193.47,194.16,39046.0,AAPL
2023-04-08 02:30:00+00:00,167.04,168.88,165.96,167.6,55011.0,MSFT
2023-04-08 02:30:00+00:00,1158.17,1161.84,1155.47,1158.34,71422.0,SPY
2023-04-08 03:30:00+00:00,194.1,196.82,193.44,195.43,65259.0,AAPL
2023-04-08 03:30:00+00:00,167.49,176.08,163.97,172.7,56774.0,MSFT
2023-04-08 03:30:00+00:00,1158.97,1179.93,1115.79,1132.3,40905.0,SPY
2023-04-08 04:30:00+00:00,195.68,198.84,193.95,197.02,52351.0,AAPL
2023-04-08 04:30:00+00:00,172.57,174.08,171.91,173.41,25260.0,MSFT
2023-04-08 04:30:00+00:00,1134.23,1151.59,1123.97,1142.96,77692.0,SPY
2023-04-08 05:30:00+00:00,197.23,198.99,193.53,194.87,29154.0,AAPL
2023-04-08 05:30:00+00:00,173.48,174.91,168.65,171.08,75684.0,MSFT
2023-04-08 05:30:00+00:00,1142.41,1145.03,1140.52,1142.63,39168.0,SPY
2023-04-08 06:30:00+00:00,194.56,198.45,192.91,196.62,85787.0,AAPL
2023-04-08 06:30:00+00:00,171.04,173.66,170.04,172.37,62330.0,MSFT
2023-04-08 06:30:00+00:00,1142.58,1158.4,1133.38,1149.94,18580.0,SPY
2023-04-08 07:30:00+00:00,196.56,198.34,195.53,197.71,71344.0,AAPL
2023-04-08 07:30:00+00:00,172.19,175.44,165.55,168.66,66639.0,MSFT
2023-04-08 07:30:00+00:00,1150.21,1164.23,1130.17,1137.26,77265.0,SPY
2023-04-08 08:30:00+00:00,197.93,202.78,196.49,201.42,32219.0,AAPL
2023-04-08 08:30:00+00:00,169.22,170.66,165.0,166.95,53731.0,MSFT
2023-04-08 08:30:00+00:00,1136.57,1149.06,1101.27,1116.93,84997.0,SPY
2023-04-08 09:30:00+00:00,201.1,203.54,199.57,202.25,56692.0,AAPL
2023-04-08 09:30:00+00:00,166.73,173.36,165.24,169.88,35325.0,MSFT
2023-04-08 09:30:00+00:00,1118.17,1127.62,1111.69,1124.6,42222.0,SPY
2023-04-08 10:30:00+00:00,202.11,209.38,197.45,206.75,69313.0,AAPL
2023-04-08 10:30:00+00:00,169.94,176.36,168.21,173.77,61113.0,MSFT
2023-04-08 10:30:00+00:00,1120.17,1126.15,1110.11,1115.59,59992.0,SPY
2023-04-08 11:30:00+00:00,207.0,209.33,206.47,208.17,60463.0,AAPL
2023-04-08 11:30:00+00:00,173.62,186.31,170.07,180.49,36694.0,MSFT
2023-04-08 11:30:00+00:00,1117.24,1124.47,1110.01,1113.98,57207.0,SPY
2023-04-08 12:30:00+00:00,208.23,211.05,206.55,210.19,52827.0,AAPL
2023-04-08 12:30:00+00:00,180.27,182.83,179.31,181.52,48922.0,MSFT
2023-04-08 12:30:00+00:00,1113.52,1152.77,1100.95,1133.98,41386.0,SPY
2023-04-08 13:30:00+00:00,209.7,211.59,206.59,207.61,40252.0,AAPL
2023-04-08 13:30:00+00:00,181.48,184.13,180.89,182.74,42355.0,MSFT
2023-04-08 13:30:00+00:00,1131.11,1139.07,1116.11,1126.28,54780.0,SPY
2023-04-08 14:30:00+00:00,207.4,211.85,196.81,201.25,79739.0,AAPL
2023-04-08 14:30:00+00:00,182.67,183.54,181.05,181.75,16241.0,MSFT
2023-04-08 14:30:00+00:00,1125.56,1138.03,1093.81,1107.21,16314.0,SPY
2023-04-08 15:30:00+00:00,201.11,206.42,198.54,203.55,23203.0,AAPL
2023-04-08 15:30:00+00:00,181.97,184.64,180.97,183.83,35902.0,MSFT
2023-04-08 15:30:00+00:00,1108.61,1119.68,1092.3,1098.13,24181.0,SPY
2023-04-08 16:30:00+00:00,202.88,212.65,199.9,208.28,80699.0,AAPL
2023-04-08 16:30:00+00:00,183.84,185.55,177.78,180.33,54683.0,MSFT
2023-04-08 16:30:00+00:00,1099.78,1108.84,1080.25,1090.72,83594.0,SPY
2023-04-08 17:30:00+00:00,207.91,211.53,206.62,210.46,76325.0,AAPL
2023-04-08 17:30:00+00:00,180.78,181.99,178.92,180.2,25917.0,MSFT
2023-04-08 17:30:00+00:00,1094.49,1105.22,1059.63,1075.9,56707.0,SPY
2023-04-08 18:30:00+00:00,210.35,218.47,205.52,215.27,20170.0,AAPL
2023-04-08 18:30:00+00:00,179.83,183.17,178.65,182.07,27914.0,MSFT
2023-04-08 18:30:00+00:00,1079.54,1090.95,1054.85,1065.05,54819.0,SPY
2023-04-08 19:30:00+00:00,215.56,216.27,214.58,215.23,61320.0,AAPL
2023-04-08 19:30:00+00:00,182.37,185.22,176.35,178.97,44629.0,MSFT
2023-04-08 19:30:00+00:00,1062.28,1069.13,1058.35,1062.39,71147.0,SPY
2023-04-08 20:30:00+00:00,215.76,217.84,211.19,212.49,59453.0,AAPL
2023-04-08 20:30:00+00:00,179.31,181.38,173.69,176.26,71146.0,MSFT
2023-04-08 20:30:00+00:00,1062.48,1070.44,1059.38,1067.31,43609.0,SPY
2023-04-08 21:30:00+00:00,212.16,216.68,210.15,214.14,27358.0,AAPL
2023-04-08 21:30:00+00:00,176.22,177.99,171.8,173.35,259403.0,MSFT
2023-04-08 21:30:00+00:00,1069.51,1080.52,1063.81,1074.4,27061.0,SPY
2023-04-08 22:30:00+00:00,214.07,215.54,208.19,209.74,40438.0,AAPL
2023-04-08 22:30:00+00:00,173.0,174.11,172.11,172.74,39902.0,MSFT
2023-04-08 22:30:00+00:00,1071.33,1108.9,1058.89,1096.11,94297.0,SPY
2023-04-08 23:30:00+00:00,209.67,211.03,208.29,210.09,79573.0,AAPL
2023-04-08 23:30:00+00:00,172.65,178.38,170.41,175.93,20389.0,MSFT
2023-04-08 23:30:00+00:00,1093.85,1099.42,1090.39,1096.27,43827.0,SPY
2023-04-09 00:30:00+00:00,210.06,211.12,209.13,210.26,38066.0,AAPL
2023-04-09 00:30:00+00:00,175.65,178.26,174.6,177.07,42208.0,MSFT
2023-04-09 00:30:00+00:00,1098.39,1116.17,1046.1,1069.19,86006.0,SPY
2023-04-09 01:30:00+00:00,210.16,211.47,207.54,208.58,78367.0,AAPL
2023-04-09 01:30:00+00:00,176.46,179.66,175.03,178.01,36459.0,MSFT
2023-04-09 01:30:00+00:00,1071.83,1085.52,1065.89,1077.16,38226.0,SPY
2023-04-09 02:30:00+00:00,208.81,210.09,204.98,206.97,49259.0,AAPL
2023-04-09 02:30:00+00:00,178.04,178.99,175.75,177.05,39783.0,MSFT
2023-04-09 02:30:00+00:00,1080.55,1085.29,1069.75,1075.02,36557.0,SPY
2023-04-09 03:30:00+00:00,207.24,209.72,202.44,203.93,55316.0,AAPL
2023-04-09 03:30:00+00:00,177.25,179.37,173.52,175.24,23170.0,MSFT
2023-04-09 03:30:00+00:00,1075.11,1081.26,1054.58,1061.29,28386.0,SPY
2023-04-09 04:30:00+00:00,204.37,207.16,198.53,201.18,35134.0,AAPL
2023-04-09 04:30:00+00:00,175.84,179.2,168.14,170.85,42873.0,MSFT
2023-04-09 04:30:00+00:00,1061.22,1063.05,1059.53,1061.5,38408.0,SPY
2023-04-09 05:30:00+00:00,201.5,203.94,193.58,195.61,63225.0,AAPL
2023-04-09 05:30:00+00:00,170.83,172.06,170.5,171.42,119870.0,MSFT
2023-04-09 05:30:00+00:00,1060.55,1069.53,1055.82,1062.61,78206.0,SPY
2023-04-09 06:30:00+00:00,195.92,198.56,190.76,192.41,54972.0,AAPL
2023-04-09 06:30:00+00:00,171.57,175.23,169.68,173.6,65060.0,MSFT
2023-04-09 06:30:00+00:00,1060.47,1069.83,1057.33,1064.74,90815.0,SPY
2023-04-09 07:30:00+00:00,191.9,195.4,190.38,193.82,48664.0,AAPL
2023-04-09 07:30:00+00:00,173.63,176.87,171.92,175.22,33236.0,MSFT
2023-04-09 07:30:00+00:00,1064.51,1070.7,1061.77,1066.68,104690.0,SPY
2023-04-09 08:30:00+00:00,193.37,194.52,191.41,192.63,52991.0,AAPL
2023-04-09 08:30:00+00:00,175.21,180.92,172.1,178.81,90747.0,MSFT
2023-04-09 08:30:00+00:00,1067.21,1072.16,1053.52,1059.38,62704.0,SPY
2023-04-09 09:30:00+00:00,192.63,199.2,190.03,196.52,41998.0,AAPL
2023-04-09 09:30:00+00:00,178.8,182.64,176.73,181.42,210654.0,MSFT
2023-04-09 09:30:00+00:00,1060.04,1075.89,1049.63,1067.84,118835.0,SPY
2023-04-09 10:30:00+00:00,196.43,199.33,191.2,193.03,33285.0,AAPL
2023-04-09 10:30:00+00:00,181.17,187.76,179.52,185.42,99354.0,MSFT
2023-04-09 10:30:00+00:00,1071.28,1089.07,1063.31,1080.97,39017.0,SPY
2023-04-09 11:30:00+00:00,192.81,195.7,185.69,188.57,53412.0,AAPL
2023-04-09 11:30:00+00:00,185.93,186.64,185.66,186.07,34245.0,MSFT
2023-04-09 11:30:00+00:00,1082.96,1091.9,1061.17,1072.28,94383.0,SPY
2023-04-09 12:30:00+00:00,188.27,190.95,186.33,189.86,31680.0,AAPL
2023-04-09 12:30:00+00:00,185.32,186.8,184.75,186.18,16127.0,MSFT
2023-04-09 12:30:00+00:00,1067.38,1092.91,1054.02,1078.39,76861.0,SPY
2023-04-09 13:30:00+00:00,189.63,192.08,188.51,190.87,54939.0,AAPL
2023-04-09 13:30:00+00:00,185.87,186.34,184.74,185.69,88441.0,MSFT
2023-04-09 13:30:00+00:00,1077.24,1136.46,1061.85,1114.66,24818.0,SPY
2023-04-09 14:30:00+00:00,190.77,191.38,190.0,190.69,31869.0,AAPL
2023-04-09 14:30:00+00:00,185.63,189.19,184.57,188.13,63241.0,MSFT
2023-04-09 14:30:00+00:00,1114.85,1128.95,1087.49,1100.22,35954.0,SPY
2023-04-09 15:30:00+00:00,190.11,202.0,184.44,198.6,46318.0,AAPL
2023-04-09 15:30:00+00:00,188.55,189.56,187.89,188.52,63623.0,MSFT
2023-04-09 15:30:00+00:00,1100.72,1114.84,1078.22,1085.67,192668.0,SPY
2023-04-09 16:30:00+00:00,198.47,200.01,195.18,196.9,46755.0,AAPL
2023-04-09 16:30:00+00:00,188.09,192.35,185.47,190.57,47666.0,MSFT
2023-04-09 16:30:00+00:00,1083.74,1096.65,1075.44,1090.0,119188.0,SPY
2023-04-09 17:30:00+00:00,197.16,198.02,194.72,196.1,119634.0,AAPL
2023-04-09 17:30:00+00:00,190.79,194.99,189.13,192.9,81213.0,MSFT
2023-04-09 17:30:00+00:00,1089.04,1099.88,1066.61,1077.24,47996.0,SPY
2023-04-09 18:30:00+00:00,196.52,197.85,195.67,197.06,34812.0,AAPL
2023-04-09 18:30:00+00:00,192.79,193.44,190.04,191.23,72853.0,MSFT
2023-04-09 18:30:00+00:00,1076.33,1089.19,1045.79,1057.48,134799.0,SPY
2023-04-09 19:30:00+00:00,197.43,197.77,196.61,196.96,91013.0,AAPL
2023-04-09 19:30:00+00:00,190.89,194.7,189.03,193.07,42063.0,MSFT
2023-04-09 19:30:00+00:00,1059.13,1063.96,1054.25,1056.22,34803.0,SPY
2023-04-09 20:30:00+00:00,197.29,198.42,193.1,194.42,28360.0,AAPL
2023-04-09 20:30:00+00:00,193.22,193.76,191.26,192.19,67464.0,MSFT
2023-04-09 20:30:00+00:00,1058.13,1065.49,1049.24,1054.04,52450.0,SPY
2023-04-09 21:30:00+00:00,194.92,197.82,193.27,196.83,22068.0,AAPL
2023-04-09 21:30:00+00:00,192.18,193.69,191.4,192.48,53118.0,MSFT
2023-04-09 21:30:00+00:00,1051.32,1111.09,1034.84,1090.83,31801.0,SPY
2023-04-09 22:30:00+00:00,196.11,199.95,194.87,198.87,105768.0,AAPL
2023-04-09 22:30:00+00:00,192.71,195.81,184.68,187.94,41049.0,MSFT
2023-04-09 22:30:00+00:00,1091.23,1098.44,1084.03,1088.35,23812.0,SPY
2023-04-09 23:30:00+00:00,198.68,199.76,197.2,197.93,61603.0,AAPL
2023-04-09 23:30:00+00:00,187.98,188.24,187.83,188.03,66890.0,MSFT
2023-04-09 23:30:00+00:00,1091.13,1096.52,1080.47,1083.89,44825.0,SPY
2023-04-10 00:30:00+00:00,197.95,200.71,192.92,194.93,21077.0,AAPL
2023-04-10 00:30:00+00:00,188.2,188.89,187.66,188.52,37796.0,MSFT
2023-04-10 00:30:00+00:00,1083.63,1089.72,1062.53,1074.53,74505.0,SPY
2023-04-10 01:30:00+00:00,195.11,197.43,193.89,196.31,29609.0,AAPL
2023-04-10 01:30:00+00:00,188.48,190.49,187.01,189.72,79860.0,MSFT
2023-04-10 01:30:00+00:00,1074.61,1083.18,1069.82,1080.08,95278.0,SPY
2023-04-10 02:30:00+00:00,196.6,200.56,190.32,192.01,28908.0,AAPL
2023-04-10 02:30:00+00:00,190.16,191.17,188.66,189.38,25903.0,MSFT
2023-04-10 02:30:00+00:00,1079.74,1103.52,1028.93,1046.21,28254.0,SPY
2023-04-10 03:30:00+00:00,191.44,194.3,190.28,193.15,67526.0,AAPL
2023-04-10 03:30:00+00:00,189.92,195.05,187.64,192.95,75674.0,MSFT
2023-04-10 03:30:00+00:00,1048.41,1052.49,1045.34,1049.81,129198.0,SPY
2023-04-10 04:30:00+00:00,193.08,198.21,191.53,196.12,25707.0,AAPL
2023-04-10 04:30:00+00:00,192.69,193.22,191.52,192.03,47386.0,MSFT
2023-04-10 04:30:00+00:00,1047.05,1057.8,1041.28,1053.84,49993.0,SPY
2023-04-10 05:30:00+00:00,195.7,197.25,192.5,193.9,38449.0,AAPL
2023-04-10 05:30:00+00:00,192.7,195.6,181.79,186.98,73590.0,MSFT
2023-04-10 05:30:00+00:00,1053.45,1071.67,1044.75,1062.31,116108.0,SPY
2023-04-10 06:30:00+00:00,193.52,199.75,191.37,196.9,32730.0,AAPL
2023-04-10 06:30:00+00:00,186.81,188.41,180.61,183.21,47207.0,MSFT
2023-04-10 06:30:00+00:00,1062.68,1072.19,1056.42,1067.4,62801.0,SPY
2023-04-10 07:30:00+00:00,197.22,198.95,195.6,196.38,62100.0,AAPL
2023-04-10 07:30:00+00:00,182.92,188.91,179.16,186.63,59911.0,MSFT
2023-04-10 07:30:00+00:00,1068.75,1080.95,1052.36,1059.35,39668.0,SPY
2023-04-10 08:30:00+00:00,196.56,197.06,194.61,195.78,107302.0,AAPL
2023-04-10 08:30:00+00:00,186.47,189.43,177.75,180.81,45190.0,MSFT
2023-04-10 08:30:00+00:00,1058.68,1090.22,1050.44,1079.94,16307.0,SPY
2023-04-10 09:30:00+00:00,195.77,196.7,194.16,195.18,40319.0,AAPL
2023-04-10 09:30:00+00:00,180.67,182.16,177.57,179.47,31358.0,MSFT
2023-04-10 09:30:00+00:00,1081.21,1083.45,1078.39,1081.48,58541.0,SPY
2023-04-10 10:30:00+00:00,195.47,196.44,193.8,194.62,40903.0,AAPL
2023-04-10 10:30:00+00:00,179.27,181.59,170.98,174.82,63805.0,MSFT
2023-04-10 10:30:00+00:00,1079.91,1111.19,1068.81,1097.77,26751.0,SPY
2023-04-10 11:30:00+00:00,195.3,197.02,190.3,192.62,70733.0,AAPL
2023-04-10 11:30:00+00:00,174.6,176.08,169.72,171.59,32095.0,MSFT
2023-04-10 11:30:00+00:00,1098.11,1104.56,1084.64,1093.09,48314.0,SPY
2023-04-10 12:30:00+00:00,193.11,200.57,189.59,198.62,19676.0,AAPL
2023-04-10 12:30:00+00:00,171.43,176.54,168.64,174.38,53736.0,MSFT
2023-04-10 12:30:00+00:00,1091.75,1126.89,1079.77,1116.92,84171.0,SPY
2023-04-10 13:30:00+00:00,198.39,203.55,195.62,201.66,48781.0,AAPL
2023-04-10 13:30:00+00:00,174.91,177.97,170.24,171.67,57221.0,MSFT
2023-04-10 13:30:00+00:00,1115.79,1142.22,1102.61,1128.48,57192.0,SPY
2023-04-10 14:30:00+00:00,201.55,204.56,191.96,196.51,70170.0,AAPL
2023-04-10 14:30:00+00:00,171.72,172.93,169.95,170.6,25530.0,MSFT
2023-04-10 14:30:00+00:00,1128.6,1139.06,1089.96,1101.93,22742.0,SPY
2023-04-10 15:30:00+00:00,197.01,198.54,196.34,197.38,47035.0,AAPL
2023-04-10 15:30:00+00:00,170.51,172.55,167.46,168.6,40365.0,MSFT
2023-04-10 15:30:00+00:00,1101.49,1118.45,1092.3,1108.76,48022.0,SPY
2023-04-10 16:30:00+00:00,197.76,198.65,194.55,196.08,79938.0,AAPL
2023-04-10 16:30:00+00:00,168.84,172.86,161.11,164.08,21448.0,MSFT
2023-04-10 16:30:00+00:00,1107.64,1128.57,1073.16,1089.56,31032.0,SPY
2023-04-10 17:30:00+00:00,195.88,197.11,191.03,193.07,35733.0,AAPL
2023-04-10 17:30:00+00:00,164.27,172.44,161.36,169.71,24832.0,MSFT
2023-04-10 17:30:00+00:00,1090.06,1136.99,1069.84,1120.6,85100.0,SPY
2023-04-10 18:30:00+00:00,193.06,194.75,184.91,188.79,34270.0,AAPL
2023-04-10 18:30:00+00:00,169.96,175.86,167.77,173.07,26432.0,MSFT
2023-04-10 18:30:00+00:00,1121.57,1131.75,1107.08,1114.43,23556.0,SPY
2023-04-10 19:30:00+00:00,188.98,190.62,187.71,189.4,94159.0,AAPL
2023-04-10 19:30:00+00:00,173.24,180.24,170.05,176.9,14421.0,MSFT
2023-04-10 19:30:00+00:00,1115.71,1123.86,1107.67,1119.51,63255.0,SPY
2023-04-10 20:30:00+00:00,189.63,190.85,186.92,188.37,25667.0,AAPL
2023-04-10 20:30:00+00:00,176.98,177.68,175.75,176.3,33432.0,MSFT
2023-04-10 20:30:00+00:00,1119.12,1136.22,1111.87,1129.54,74739.0,SPY
2023-04-10 21:30:00+00:00,188.51,189.81,187.57,189.23,114688.0,AAPL
2023-04-10 21:30:00+00:00,176.4,178.75,169.87,171.79,38391.0,MSFT
2023-04-10 21:30:00+00:00,1132.15,1135.85,1130.15,1133.23,67405.0,SPY
2023-04-10 22:30:00+00:00,189.41,190.5,186.55,188.18,22574.0,AAPL
2023-04-10 22:30:00+00:00,171.8,180.56,167.52,176.81,63663.0,MSFT
2023-04-10 22:30:00+00:00,1132.54,1139.77,1112.46,1118.39,57658.0,SPY
2023-04-10 23:30:00+00:00,188.36,189.21,186.59,187.69,77587.0,AAPL
2023-04-10 23:30:00+00:00,177.08,188.16,172.16,183.25,48485.0,MSFT
2023-04-10 23:30:00+00:00,1119.65,1131.97,1114.16,1124.47,53420.0,SPY
2023-04-11 00:30:00+00:00,187.58,196.13,184.11,192.45,96053.0,AAPL
2023-04-11 00:30:00+00:00,183.55,185.17,179.14,180.92,41832.0,MSFT
2023-04-11 00:30:00+00:00,1125.39,1155.63,1053.96,1082.65,52257.0,SPY
2023-04-11 01:30:00+00:00,193.07,199.23,189.25,197.45,44842.0,AAPL
2023-04-11 01:30:00+00:00,180.79,181.62,178.9,179.84,29502.0,MSFT
2023-04-11 01:30:00+00:00,1080.87,1100.5,1075.12,1090.27,108989.0,SPY
2023-04-11 02:30:00+00:00,197.29,198.65,194.13,195.72,71890.0,AAPL
2023-04-11 02:30:00+00:00,179.45,184.92,176.31,182.9,66383.0,MSFT
2023-04-11 02:30:00+00:00,1091.0,1095.65,1077.26,1083.79,29209.0,SPY
2023-04-11 03:30:00+00:00,195.67,203.52,192.2,199.73,64706.0,AAPL
2023-04-11 03:30:00+00:00,182.9,184.03,182.25,183.24,97335.0,MSFT
2023-04-11 03:30:00+00:00,1083.81,1093.64,1067.49,1077.17,66207.0,SPY
2023-04-11 04:30:00+00:00,199.63,203.1,193.53,195.61,28738.0,AAPL
2023-04-11 04:30:00+00:00,183.27,183.93,181.18,182.09,47215.0,MSFT
2023-04-11 04:30:00+00:00,1075.38,1098.33,1040.2,1051.42,27408.0,SPY
2023-04-11 05:30:00+00:00,194.99,199.92,192.02,197.73,38981.0,AAPL
2023-04-11 05:30:00+00:00,182.34,186.36,180.63,185.18,20101.0,MSFT
2023-04-11 05:30:00+00:00,1053.28,1088.01,1041.57,1074.39,64342.0,SPY
2023-04-11 06:30:00+00:00,197.51,200.58,195.56,198.83,41005.0,AAPL
2023-04-11 06:30:00+00:00,185.07,188.11,184.11,186.62,33513.0,MSFT
2023-04-11 06:30:00+00:00,1073.32,1083.71,1066.1,1080.12,51178.0,SPY
2023-04-11 07:30:00+00:00,198.62,201.63,190.44,194.21,51416.0,AAPL
2023-04-11 07:30:00+00:00,186.73,194.48,184.18,192.14,51113.0,MSFT
2023-04-11 07:30:00+00:00,1080.31,1085.09,1073.84,1080.97,34320.0,SPY
2023-04-11 08:30:00+00:00,194.29,199.54,191.87,196.99,21562.0,AAPL
2023-04-11 08:30:00+00:00,192.34,195.71,190.96,194.31,46430.0,MSFT
2023-04-11 08:30:00+00:00,1081.33,1095.98,1054.2,1062.36,57243.0,SPY
2023-04-11 09:30:00+00:00,197.31,198.38,192.39,194.87,38222.0,AAPL
2023-04-11 09:30:00+00:00,194.65,202.0,191.94,198.57,90490.0,MSFT
2023-04-11 09:30:00+00:00,1061.08,1081.98,1054.48,1072.37,84365.0,SPY
2023-04-11 10:30:00+00:00,194.76,199.04,192.13,197.76,39790.0,AAPL
2023-04-11 10:30:00+00:00,198.39,198.94,197.79,198.27,63832.0,MSFT
2023-04-11 10:30:00+00:00,1071.0,1081.24,1057.58,1063.9,72275.0,SPY
2023-04-11 11:30:00+00:00,197.77,202.55,190.18,192.76,29280.0,AAPL
2023-04-11 11:30:00+00:00,198.43,199.87,193.57,195.94,47156.0,MSFT
2023-04-11 11:30:00+00:00,1064.72,1080.17,1017.67,1034.07,235017.0,SPY
2023-04-11 12:30:00+00:00,192.51,194.48,189.85,190.91,52104.0,AAPL
2023-04-11 12:30:00+00:00,195.46,200.45,193.14,197.7,46139.0,MSFT
2023-04-11 12:30:00+00:00,1034.63,1050.13,1025.83,1043.61,45535.0,SPY
2023-04-11 13:30:00+00:00,190.59,198.15,188.23,195.19,28933.0,AAPL
2023-04-11 13:30:00+00:00,197.43,203.96,195.11,201.03,36683.0,MSFT
2023-04-11 13:30:00+00:00,1041.92,1052.8,1015.22,1028.79,63431.0,SPY
2023-04-11 14:30:00+00:00,195.32,197.69,187.5,190.22,65896.0,AAPL
2023-04-11 14:30:00+00:00,200.74,213.11,196.57,206.9,51827.0,MSFT
2023-04-11 14:30:00+00:00,1026.86,1051.82,1010.16,1045.49,68241.0,SPY
2023-04-11 15:30:00+00:00,190.53,193.71,184.94,186.69,37760.0,AAPL
2023-04-11 15:30:00+00:00,206.81,208.53,202.97,204.9,27426.0,MSFT
2023-04-11 15:30:00+00:00,1046.96,1053.87,1030.03,1037.23,44194.0,SPY
2023-04-11 16:30:00+00:00,186.83,187.93,184.84,186.01,54656.0,AAPL
2023-04-11 16:30:00+00:00,204.71,205.66,202.48,203.54,35611.0,MSFT
2023-04-11 16:30:00+00:00,1037.52,1042.18,1033.17,1039.86,62248.0,SPY
2023-04-11 17:30:00+00:00,186.03,193.73,183.37,190.1,42381.0,AAPL
2023-04-11 17:30:00+00:00,203.44,204.0,201.86,202.8,33661.0,MSFT
2023-04-11 17:30:00+00:00,1038.64,1043.76,1018.3,1029.51,33526.0,SPY
2023-04-11 18:30:00+00:00,190.2,191.95,186.64,187.82,60454.0,AAPL
2023-04-11 18:30:00+00:00,202.74,204.39,201.3,203.72,44863.0,MSFT
2023-04-11 18:30:00+00:00,1028.45,1041.59,1024.37,1034.79,39497.0,SPY
2023-04-11 19:30:00+00:00,187.8,193.56,186.25,190.72,37556.0,AAPL
2023-04-11 19:30:00+00:00,203.68,204.69,202.45,204.13,193262.0,MSFT
2023-04-11 19:30:00+00:00,1033.72,1035.38,1031.51,1032.84,140328.0,SPY
2023-04-11 20:30:00+00:00,190.44,192.49,185.56,187.9,30694.0,AAPL
2023-04-11 20:30:00+00:00,203.86,204.4,203.15,203.61,34480.0,MSFT
2023-04-11 20:30:00+00:00,1033.27,1037.13,1030.15,1034.56,30496.0,SPY
2023-04-11 21:30:00+00:00,187.88,198.27,182.69,195.28,17938.0,AAPL
2023-04-11 21:30:00+00:00,203.78,206.66,194.97,197.58,99661.0,MSFT
2023-04-11 21:30:00+00:00,1032.61,1058.87,1026.82,1046.05,44612.0,SPY
2023-04-11 22:30:00+00:00,195.01,197.18,186.98,190.59,26820.0,AAPL
2023-04-11 22:30:00+00:00,197.54,200.04,193.44,194.7,42237.0,MSFT
2023-04-11 22:30:00+00:00,1045.2,1052.99,1021.91,1029.24,137810.0,SPY
2023-04-11 23:30:00+00:00,190.03,191.74,186.4,188.05,48692.0,AAPL
2023-04-11 23:30:00+00:00,194.68,197.63,189.89,192.13,83061.0,MSFT
2023-04-11 23:30:00+00:00,1030.25,1038.25,1019.49,1027.36,63907.0,SPY
2023-04-12 00:30:00+00:00,187.41,189.55,183.12,185.03,76025.0,AAPL
2023-04-12 00:30:00+00:00,192.09,193.11,190.9,191.83,66342.0,MSFT
2023-04-12 00:30:00+00:00,1028.27,1033.21,1026.59,1029.44,81659.0,SPY
2023-04-12 01:30:00+00:00,184.42,185.33,184.0,184.43,63710.0,AAPL
2023-04-12 01:30:00+00:00,191.78,193.74,191.23,192.83,31244.0,MSFT
2023-04-12 01:30:00+00:00,1030.73,1063.81,1018.56,1050.59,53340.0,SPY
2023-04-12 02:30:00+00:00,184.44,186.27,181.28,182.86,96259.0,AAPL
2023-04-12 02:30:00+00:00,192.84,194.45,188.07,190.33,95612.0,MSFT
2023-04-12 02:30:00+00:00,1052.05,1059.74,1043.18,1056.05,44910.0,SPY
2023-04-12 03:30:00+00:00,182.87,185.7,181.61,184.2,106309.0,AAPL
2023-04-12 03:30:00+00:00,190.17,191.99,187.2,188.19,27050.0,MSFT
2023-04-12 03:30:00+00:00,1058.54,1062.13,1054.71,1059.62,26386.0,SPY
2023-04-12 04:30:00+00:00,184.13,186.6,180.22,181.51,31250.0,AAPL
2023-04-12 04:30:00+00:00,187.94,192.6,186.91,190.61,79085.0,MSFT
2023-04-12 04:30:00+00:00,1059.19,1064.3,1055.86,1060.35,181511.0,SPY
2023-04-12 05:30:00+00:00,181.67,192.71,178.28,187.75,53504.0,AAPL
2023-04-12 05:30:00+00:00,190.88,197.17,189.45,194.41,52070.0,MSFT
2023-04-12 05:30:00+00:00,1059.13,1065.65,1053.78,1060.89,30166.0,SPY
2023-04-12 06:30:00+00:00,188.23,189.92,186.73,187.45,104679.0,AAPL
2023-04-12 06:30:00+00:00,194.5,195.46,192.41,193.45,58020.0,MSFT
2023-04-12 06:30:00+00:00,1060.58,1071.32,1039.31,1048.1,58297.0,SPY
2023-04-12 07:30:00+00:00,187.8,192.95,185.86,190.04,41551.0,AAPL
2023-04-12 07:30:00+00:00,193.21,195.73,192.29,194.34,31815.0,MSFT
2023-04-12 07:30:00+00:00,1049.0,1063.0,1021.94,1032.62,21149.0,SPY
2023-04-12 08:30:00+00:00,190.05,192.12,189.0,191.14,45941.0,AAPL
2023-04-12 08:30:00+00:00,194.31,197.03,193.53,195.35,19308.0,MSFT
2023-04-12 08:30:00+00:00,1032.04,1040.04,1015.61,1024.41,63234.0,SPY
2023-04-12 09:30:00+00:00,191.27,191.88,190.29,190.81,31832.0,AAPL
2023-04-12 09:30:00+00:00,195.17,196.4,191.37,192.79,34929.0,MSFT
2023-04-12 09:30:00+00:00,1027.29,1043.64,990.04,1003.37,13788.0,SPY
2023-04-12 10:30:00+00:00,191.26,192.81,190.06,191.53,118311.0,AAPL
2023-04-12 10:30:00+00:00,192.97,193.68,192.03,193.08,146999.0,MSFT
2023-04-12 10:30:00+00:00,1004.43,1011.59,993.28,1000.94,40266.0,SPY
2023-04-12 11:30:00+00:00,191.37,194.34,189.76,193.32,35233.0,AAPL
2023-04-12 11:30:00+00:00,193.46,195.35,192.29,194.18,36798.0,MSFT
2023-04-12 11:30:00+00:00,1000.18,1021.99,929.49,960.23,33252.0,SPY
2023-04-12 12:30:00+00:00,192.77,201.17,189.42,197.55,38427.0,AAPL
2023-04-12 12:30:00+00:00,193.68,195.25,189.31,190.71,37478.0,MSFT
2023-04-12 12:30:00+00:00,960.09,998.39,934.36,987.3,48893.0,SPY
2023-04-12 13:30:00+00:00,197.53,198.49,196.55,197.96,62237.0,AAPL
2023-04-12 13:30:00+00:00,190.66,193.42,189.26,192.11,71058.0,MSFT
2023-04-12 13:30:00+00:00,985.76,992.86,964.23,971.18,41450.0,SPY
2023-04-12 14:30:00+00:00,198.2,199.45,195.5,196.73,64219.0,AAPL
2023-04-12 14:30:00+00:00,191.9,192.93,191.17,192.09,34674.0,MSFT
2023-04-12 14:30:00+00:00,970.63,986.15,960.49,981.37,35590.0,SPY
2023-04-12 15:30:00+00:00,196.63,200.03,189.17,191.66,98176.0,AAPL
2023-04-12 15:30:00+00:00,192.01,192.67,191.47,192.22,35348.0,MSFT
2023-04-12 15:30:00+00:00,981.57,997.24,973.28,992.32,46738.0,SPY
2023-04-12 16:30:00+00:00,191.48,198.77,187.26,195.9,36287.0,AAPL
2023-04-12 16:30:00+00:00,192.53,194.67,188.91,190.32,31571.0,MSFT
2023-04-12 16:30:00+00:00,993.43,1002.28,985.01,989.03,51500.0,SPY
2023-04-12 17:30:00+00:00,196.26,201.67,194.92,199.25,49723.0,AAPL
2023-04-12 17:30:00+00:00,190.59,195.71,189.21,193.53,57454.0,MSFT
2023-04-12 17:30:00+00:00,988.56,1018.05,981.98,1003.42,66626.0,SPY
2023-04-12 18:30:00+00:00,199.32,204.12,197.41,202.07,36804.0,AAPL
2023-04-12 18:30:00+00:00,193.55,195.24,189.22,191.36,53065.0,MSFT
2023-04-12 18:30:00+00:00,1002.07,1007.47,993.03,998.77,25487.0,SPY
2023-04-12 19:30:00+00:00,201.91,205.23,199.96,204.07,29604.0,AAPL
2023-04-12 19:30:00+00:00,191.45,193.37,188.51,189.84,68352.0,MSFT
2023-04-12 19:30:00+00:00,999.72,1005.2,977.63,986.83,20376.0,SPY
2023-04-12 20:30:00+00:00,204.12,205.35,202.9,204.68,43084.0,AAPL
2023-04-12 20:30:00+00:00,189.78,190.95,187.38,189.03,57190.0,MSFT
2023-04-12 20:30:00+00:00,987.69,999.53,979.44,994.21,68859.0,SPY
2023-04-12 21:30:00+00:00,205.36,206.05,204.58,204.94,58204.0,AAPL
2023-04-12 21:30:00+00:00,188.65,189.1,187.29,188.38,48042.0,MSFT
2023-04-12 21:30:00+00:00,994.72,1033.5,979.84,1016.2,37311.0,SPY
2023-04-12 22:30:00+00:00,204.77,207.45,199.26,202.22,90673.0,AAPL
2023-04-12 22:30:00+00:00,188.37,189.56,186.85,187.84,46570.0,MSFT
2023-04-12 22:30:00+00:00,1015.36,1024.31,1006.81,1018.54,61287.0,SPY
2023-04-12 23:30:00+00:00,202.41,205.64,201.24,204.02,28542.0,AAPL
2023-04-12 23:30:00+00:00,187.88,188.68,187.27,187.81,147252.0,MSFT
2023-04-12 23:30:00+00:00,1017.98,1021.0,1014.66,1019.13,46100.0,SPY
2023-04-13 00:30:00+00:00,203.82,205.19,198.5,201.01,41365.0,AAPL
2023-04-13 00:30:00+00:00,187.64,188.42,185.27,186.28,42245.0,MSFT
2023-04-13 00:30:00+00:00,1017.1,1059.47,1000.62,1039.84,35949.0,SPY
2023-04-13 01:30:00+00:00,200.56,202.29,196.66,198.73,68749.0,AAPL
2023-04-13 01:30:00+00:00,186.05,187.32,183.88,184.78,72351.0,MSFT
2023-04-13 01:30:00+00:00,1040.29,1049.13,1030.93,1034.74,63477.0,SPY
2023-04-13 02:30:00+00:00,198.54,201.12,196.36,199.84,49907.0,AAPL
2023-04-13 02:30:00+00:00,185.37,185.86,184.57,185.42,106917.0,MSFT
2023-04-13 02:30:00+00:00,1034.86,1045.84,1027.9,1040.36,78926.0,SPY
2023-04-13 03:30:00+00:00,199.29,201.4,198.7,200.06,33400.0,AAPL
2023-04-13 03:30:00+00:00,185.19,194.28,182.17,190.19,46678.0,MSFT
2023-04-13 03:30:00+00:00,1044.12,1055.46,1013.96,1029.37,79210.0,SPY
2023-04-13 04:30:00+00:00,199.94,207.79,195.6,204.42,98011.0,AAPL
2023-04-13 04:30:00+00:00,190.21,198.17,185.95,196.1,118168.0,MSFT
2023-04-13 04:30:00+00:00,1030.89,1042.13,987.83,1004.74,39004.0,SPY
2023-04-13 05:30:00+00:00,204.48,206.28,203.72,205.49,25708.0,AAPL
2023-04-13 05:30:00+00:00,195.87,197.32,195.06,196.46,26498.0,MSFT
2023-04-13 05:30:00+00:00,1006.02,1010.88,994.19,1000.23,60664.0,SPY
2023-04-13 06:30:00+00:00,205.85,207.23,203.36,204.11,41681.0,AAPL
2023-04-13 06:30:00+00:00,196.62,199.55,194.86,197.93,41608.0,MSFT
2023-04-13 06:30:00+00:00,1000.91,1017.67,995.28,1010.74,43072.0,SPY
2023-04-13 07:30:00+00:00,204.44,210.67,203.06,207.98,35641.0,AAPL
2023-04-13 07:30:00+00:00,198.03,206.76,196.07,202.77,32128.0,MSFT
2023-04-13 07:30:00+00:00,1009.82,1031.89,995.15,1024.32,69580.0,SPY
2023-04-13 08:30:00+00:00,207.9,213.8,205.18,210.58,67437.0,AAPL
2023-04-13 08:30:00+00:00,202.71,205.99,200.9,204.44,102760.0,MSFT
2023-04-13 08:30:00+00:00,1023.24,1040.25,1014.84,1030.42,99300.0,SPY
2023-04-13 09:30:00+00:00,211.28,213.04,209.02,209.91,121086.0,AAPL
2023-04-13 09:30:00+00:00,204.41,204.73,204.17,204.48,36789.0,MSFT
2023-04-13 09:30:00+00:00,1030.82,1072.66,1014.87,1056.54,119690.0,SPY
2023-04-13 10:30:00+00:00,209.84,211.48,206.1,207.48,48503.0,AAPL
2023-04-13 10:30:00+00:00,204.17,208.55,195.55,197.92,54967.0,MSFT
2023-04-13 10:30:00+00:00,1057.7,1064.38,1038.36,1046.01,19478.0,SPY
2023-04-13 11:30:00+00:00,207.42,214.77,202.96,212.45,42455.0,AAPL
2023-04-13 11:30:00+00:00,197.78,198.97,194.76,196.26,33061.0,MSFT
2023-04-13 11:30:00+00:00,1043.9,1051.1,1033.46,1038.42,117237.0,SPY
2023-04-13 12:30:00+00:00,211.94,214.6,210.63,213.4,88460.0,AAPL
2023-04-13 12:30:00+00:00,195.9,198.97,194.57,198.01,89704.0,MSFT
2023-04-13 12:30:00+00:00,1038.64,1058.12,1032.97,1048.25,46078.0,SPY
2023-04-13 13:30:00+00:00,213.29,214.27,210.12,211.21,58620.0,AAPL
2023-04-13 13:30:00+00:00,197.71,198.88,197.29,198.35,33900.0,MSFT
2023-04-13 13:30:00+00:00,1050.5,1060.67,1044.14,1055.45,25061.0,SPY
2023-04-13 14:30:00+00:00,211.64,214.83,206.5,208.55,21721.0,AAPL
2023-04-13 14:30:00+00:00,198.35,200.87,188.79,191.43,32476.0,MSFT
2023-04-13 14:30:00+00:00,1056.71,1074.02,1047.2,1067.59,32366.0,SPY
2023-04-13 15:30:00+00:00,208.61,211.19,204.05,205.95,11839.0,AAPL
2023-04-13 15:30:00+00:00,191.91,195.25,185.88,188.27,115053.0,MSFT
2023-04-13 15:30:00+00:00,1067.33,1085.1,1023.24,1042.31,36009.0,SPY
2023-04-13 16:30:00+00:00,206.31,208.68,202.42,204.06,26748.0,AAPL
2023-04-13 16:30:00+00:00,188.72,189.48,187.28,187.85,39033.0,MSFT
2023-04-13 16:30:00+00:00,1045.06,1066.65,1017.93,1026.15,96914.0,SPY
2023-04-13 17:30:00+00:00,204.05,206.64,202.19,205.3,45540.0,AAPL
2023-04-13 17:30:00+00:00,188.34,189.31,186.41,187.17,36561.0,MSFT
2023-04-13 17:30:00+00:00,1026.0,1041.22,1018.89,1032.47,18994.0,SPY
2023-04-13 18:30:00+00:00,205.14,211.16,202.59,209.08,42776.0,AAPL
2023-04-13 18:30:00+00:00,187.15,190.41,182.64,184.42,47380.0,MSFT
2023-04-13 18:30:00+00:00,1030.93,1059.37,1017.38,1046.76,52532.0,SPY
2023-04-13 19:30:00+00:00,209.13,211.24,202.62,205.9,74073.0,AAPL
2023-04-13 19:30:00+00:00,184.46,189.91,182.31,187.36,56569.0,MSFT
2023-04-13 19:30:00+00:00,1044.87,1056.31,1016.72,1030.08,82473.0,SPY
2023-04-13 20:30:00+00:00,205.95,209.3,199.21,202.1,140763.0,AAPL
2023-04-13 20:30:00+00:00,187.64,188.64,186.18,186.88,64929.0,MSFT
2023-04-13 20:30:00+00:00,1030.91,1054.96,1018.06,1047.56,18109.0,SPY
2023-04-13 21:30:00+00:00,201.88,208.22,198.84,204.79,33364.0,AAPL
2023-04-13 21:30:00+00:00,186.87,187.8,185.83,186.62,75952.0,MSFT
2023-04-13 21:30:00+00:00,1045.12,1047.6,1037.78,1041.92,84069.0,SPY
2023-04-13 22:30:00+00:00,204.44,206.0,203.82,204.88,46301.0,AAPL
2023-04-13 22:30:00+00:00,186.76,192.98,184.6,190.11,52301.0,MSFT
2023-04-13 22:30:00+00:00,1040.7,1047.59,1035.78,1044.07,61988.0,SPY
2023-04-13 23:30:00+00:00,205.23,215.28,201.42,210.49,80597.0,AAPL
2023-04-13 23:30:00+00:00,189.96,191.32,184.65,186.93,41148.0,MSFT
2023-04-13 23:30:00+00:00,1044.33,1049.7,1032.55,1038.35,27494.0,SPY
2023-04-14 00:30:00+00:00,210.53,216.43,208.32,213.85,58692.0,AAPL
2023-04-14 00:30:00+00:00,186.86,188.61,184.18,185.67,131636.0,MSFT
2023-04-14 00:30:00+00:00,1038.86,1042.82,1032.26,1034.86,37898.0,SPY
2023-04-14 01:30:00+00:00,213.97,215.68,209.4,211.59,46215.0,AAPL
2023-04-14 01:30:00+00:00,185.65,186.56,184.43,185.07,93467.0,MSFT
2023-04-14 01:30:00+00:00,1035.96,1042.09,1028.81,1034.12,44670.0,SPY
2023-04-14 02:30:00+00:00,211.84,215.81,209.97,214.15,53967.0,AAPL
2023-04-14 02:30:00+00:00,184.94,185.35,184.03,184.53,32054.0,MSFT
2023-04-14 02:30:00+00:00,1033.69,1035.09,1032.13,1033.59,32827.0,SPY
2023-04-14 03:30:00+00:00,214.19,218.93,211.99,216.91,48271.0,AAPL
2023-04-14 03:30:00+00:00,184.76,185.75,182.7,183.67,55627.0,MSFT
2023-04-14 03:30:00+00:00,1030.69,1044.06,1000.12,1009.26,37260.0,SPY
2023-04-14 04:30:00+00:00,217.0,218.92,211.71,214.47,66616.0,AAPL
2023-04-14 04:30:00+00:00,183.86,187.73,181.89,185.56,38223.0,MSFT
2023-04-14 04:30:00+00:00,1012.04,1055.68,988.99,1042.95,82033.0,SPY
2023-04-14 05:30:00+00:00,214.89,217.46,212.04,213.13,64815.0,AAPL
2023-04-14 05:30:00+00:00,185.85,187.58,178.59,182.06,33717.0,MSFT
2023-04-14 05:30:00+00:00,1042.84,1049.24,1036.28,1043.59,124025.0,SPY
2023-04-14 06:30:00+00:00,213.48,215.48,210.7,211.74,126334.0,AAPL
2023-04-14 06:30:00+00:00,182.12,184.59,173.69,176.03,40649.0,MSFT
2023-04-14 06:30:00+00:00,1044.33,1065.99,1039.37,1056.33,44023.0,SPY
2023-04-14 07:30:00+00:00,211.86,214.11,203.59,207.15,70984.0,AAPL
2023-04-14 07:30:00+00:00,175.62,176.5,174.27,175.14,73205.0,MSFT
2023-04-14 07:30:00+00:00,1053.24,1057.88,1036.65,1045.15,45433.0,SPY
2023-04-14 08:30:00+00:00,207.18,209.47,206.47,208.09,61507.0,AAPL
2023-04-14 08:30:00+00:00,175.4,175.92,174.48,175.31,79373.0,MSFT
2023-04-14 08:30:00+00:00,1045.33,1064.4,1004.47,1020.16,87739.0,SPY
2023-04-14 09:30:00+00:00,207.91,210.13,204.32,205.72,80058.0,AAPL
2023-04-14 09:30:00+00:00,175.1,175.89,174.1,175.17,41606.0,MSFT
2023-04-14 09:30:00+00:00,1018.3,1063.07,997.14,1051.48,40896.0,SPY
2023-04-14 10:30:00+00:00,205.44,209.67,198.31,200.87,37462.0,AAPL
2023-04-14 10:30:00+00:00,175.26,178.8,173.22,177.71,48494.0,MSFT
2023-04-14 10:30:00+00:00,1049.48,1061.11,1033.65,1038.56,47793.0,SPY
2023-04-14 11:30:00+00:00,200.94,201.63,198.73,200.31,78843.0,AAPL
2023-04-14 11:30:00+00:00,177.45,177.98,175.97,176.83,59205.0,MSFT
2023-04-14 11:30:00+00:00,1038.64,1046.42,1021.44,1030.09,67164.0,SPY
2023-04-14 12:30:00+00:00,200.27,201.36,198.57,199.49,46462.0,AAPL
2023-04-14 12:30:00+00:00,177.12,179.1,169.82,173.26,39037.0,MSFT
2023-04-14 12:30:00+00:00,1029.3,1032.69,1022.13,1025.64,36516.0,SPY
2023-04-14 13:30:00+00:00,199.79,212.8,195.72,207.61,22284.0,AAPL
2023-04-14 13:30:00+00:00,173.53,176.6,165.82,168.92,55683.0,MSFT
2023-04-14 13:30:00+00:00,1027.3,1037.01,999.37,1010.03,34314.0,SPY
2023-04-14 14:30:00+00:00,207.31,214.74,204.73,212.26,49513.0,AAPL
2023-04-14 14:30:00+00:00,168.77,170.05,164.24,166.18,43314.0,MSFT
2023-04-14 14:30:00+00:00,1009.5,1013.96,1006.77,1010.79,72465.0,SPY
2023-04-14 15:30:00+00:00,212.29,212.67,211.74,212.3,64370.0,AAPL
2023-04-14 15:30:00+00:00,166.01,173.24,164.11,170.29,36250.0,MSFT
2023-04-14 15:30:00+00:00,1010.9,1028.89,999.89,1021.8,46420.0,SPY
2023-04-14 16:30:00+00:00,212.5,213.25,209.77,211.2,44241.0,AAPL
2023-04-14 16:30:00+00:00,170.31,171.65,169.48,170.78,53930.0,MSFT
2023-04-14 16:30:00+00:00,1022.31,1025.78,1018.54,1023.51,25563.0,SPY
2023-04-14 17:30:00+00:00,211.12,214.33,210.11,212.64,51911.0,AAPL
2023-04-14 17:30:00+00:00,170.88,171.33,169.83,170.35,131669.0,MSFT
2023-04-14 17:30:00+00:00,1027.77,1064.38,1009.86,1051.52,105630.0,SPY
2023-04-14 18:30:00+00:00,212.25,217.31,211.04,214.87,52566.0,AAPL
2023-04-14 18:30:00+00:00,170.58,177.23,167.36,174.28,43124.0,MSFT
2023-04-14 18:30:00+00:00,1052.81,1058.58,1044.11,1048.55,53540.0,SPY
2023-04-14 19:30:00+00:00,215.23,217.35,212.34,214.07,29707.0,AAPL
2023-04-14 19:30:00+00:00,174.25,176.91,173.46,175.44,23222.0,MSFT
2023-04-14 19:30:00+00:00,1049.12,1062.36,1023.94,1035.07,63474.0,SPY
2023-04-14 20:30:00+00:00,214.27,219.08,210.91,217.21,61249.0,AAPL
2023-04-14 20:30:00+00:00,175.06,176.78,173.5,175.73,40670.0,MSFT
2023-04-14 20:30:00+00:00,1036.23,1040.37,1033.41,1038.66,173811.0,SPY
2023-04-14 21:30:00+00:00,217.49,219.15,216.52,218.42,76879.0,AAPL
2023-04-14 21:30:00+00:00,175.21,176.64,174.5,175.72,20364.0,MSFT
2023-04-14 21:30:00+00:00,1040.99,1048.21,1015.02,1029.07,47128.0,SPY
2023-04-14 22:30:00+00:00,218.63,219.73,214.56,217.05,56934.0,AAPL
2023-04-14 22:30:00+00:00,175.92,178.42,170.63,172.82,26344.0,MSFT
2023-04-14 22:30:00+00:00,1027.69,1062.34,1011.59,1047.48,36064.0,SPY
2023-04-14 23:30:00+00:00,216.95,220.42,207.09,211.09,49487.0,AAPL
2023-04-14 23:30:00+00:00,172.87,174.67,171.72,173.57,23069.0,MSFT
2023-04-14 23:30:00+00:00,1049.12,1057.37,1045.26,1050.88,75951.0,SPY
2023-04-15 00:30:00+00:00,211.14,213.48,204.95,207.97,23422.0,AAPL
2023-04-15 00:30:00+00:00,173.36,179.7,171.31,176.44,51675.0,MSFT
2023-04-15 00:30:00+00:00,1048.93,1106.12,1033.83,1077.88,46403.0,SPY
2023-04-15 01:30:00+00:00,208.09,211.94,200.43,203.79,59062.0,AAPL
2023-04-15 01:30:00+00:00,176.83,179.08,173.49,174.63,55154.0,MSFT
2023-04-15 01:30:00+00:00,1078.98,1110.08,1067.31,1100.27,55898.0,SPY
2023-04-15 02:30:00+00:00,203.71,206.62,202.59,204.72,84864.0,AAPL
2023-04-15 02:30:00+00:00,174.87,175.78,174.18,175.27,59713.0,MSFT
2023-04-15 02:30:00+00:00,1104.06,1134.68,1093.36,1122.87,19920.0,SPY
2023-04-15 03:30:00+00:00,204.64,204.92,204.28,204.62,46500.0,AAPL
2023-04-15 03:30:00+00:00,174.94,181.28,171.69,178.55,26473.0,MSFT
2023-04-15 03:30:00+00:00,1122.92,1145.66,1067.1,1091.84,20299.0,SPY
2023-04-15 04:30:00+00:00,204.87,212.49,201.86,209.37,70156.0,AAPL
2023-04-15 04:30:00+00:00,178.76,187.87,174.58,184.57,54384.0,MSFT
2023-04-15 04:30:00+00:00,1088.63,1100.33,1071.07,1077.43,50400.0,SPY
2023-04-15 05:30:00+00:00,209.42,210.75,207.82,208.59,40236.0,AAPL
2023-04-15 05:30:00+00:00,184.55,185.34,183.16,184.07,93503.0,MSFT
2023-04-15 05:30:00+00:00,1077.37,1090.98,1070.55,1084.44,61455.0,SPY
2023-04-15 06:30:00+00:00,208.35,209.53,207.62,208.29,55184.0,AAPL
2023-04-15 06:30:00+00:00,184.34,185.48,182.27,183.54,92098.0,MSFT
2023-04-15 06:30:00+00:00,1086.42,1093.49,1074.1,1079.63,40887.0,SPY
2023-04-15 07:30:00+00:00,208.43,210.53,207.66,209.59,28591.0,AAPL
2023-04-15 07:30:00+00:00,183.38,184.03,182.39,183.17,56245.0,MSFT
2023-04-15 07:30:00+00:00,1079.07,1111.01,1062.32,1098.26,74747.0,SPY
2023-04-15 08:30:00+00:00,209.43,216.87,206.87,213.09,55436.0,AAPL
2023-04-15 08:30:00+00:00,182.74,188.45,180.3,186.16,40289.0,MSFT
2023-04-15 08:30:00+00:00,1099.1,1135.63,1083.86,1118.58,55074.0,SPY
2023-04-15 09:30:00+00:00,212.52,214.46,207.53,209.61,28643.0,AAPL
2023-04-15 09:30:00+00:00,186.09,187.31,185.44,186.18,147738.0,MSFT
2023-04-15 09:30:00+00:00,1117.52,1155.03,1107.63,1137.64,99715.0,SPY
2023-04-15 10:30:00+00:00,210.16,220.34,205.43,215.37,129720.0,AAPL
2023-04-15 10:30:00+00:00,185.7,189.43,183.44,187.86,46248.0,MSFT
2023-04-15 10:30:00+00:00,1134.72,1175.99,1124.8,1160.18,73613.0,SPY
2023-04-15 11:30:00+00:00,215.28,227.87,212.72,222.16,35913.0,AAPL
2023-04-15 11:30:00+00:00,187.78,188.66,186.73,187.18,46385.0,MSFT
2023-04-15 11:30:00+00:00,1163.36,1173.93,1138.43,1150.66,26430.0,SPY
2023-04-15 12:30:00+00:00,222.18,223.31,221.66,222.48,15809.0,AAPL
2023-04-15 12:30:00+00:00,187.58,190.32,186.08,189.16,33353.0,MSFT
2023-04-15 12:30:00+00:00,1150.43,1158.76,1130.45,1138.82,148454.0,SPY
2023-04-15 13:30:00+00:00,222.4,226.62,220.96,224.89,26363.0,AAPL
2023-04-15 13:30:00+00:00,188.58,196.31,186.18,193.05,85711.0,MSFT
2023-04-15 13:30:00+00:00,1137.82,1148.86,1115.59,1126.45,64369.0,SPY
2023-04-15 14:30:00+00:00,225.23,228.86,214.94,219.45,59670.0,AAPL
2023-04-15 14:30:00+00:00,193.15,196.17,186.47,189.02,15737.0,MSFT
2023-04-15 14:30:00+00:00,1128.72,1144.44,1101.02,1115.28,50437.0,SPY
2023-04-15 15:30:00+00:00,219.96,222.97,214.84,216.79,41171.0,AAPL
2023-04-15 15:30:00+00:00,188.93,191.68,183.4,185.68,40345.0,MSFT
2023-04-15 15:30:00+00:00,1116.26,1136.74,1109.35,1126.71,53386.0,SPY
2023-04-15 16:30:00+00:00,216.94,219.17,215.24,217.75,34378.0,AAPL
2023-04-15 16:30:00+00:00,185.68,186.3,184.66,185.3,63691.0,MSFT
2023-04-15 16:30:00+00:00,1124.59,1145.48,1069.85,1096.27,29693.0,SPY
2023-04-15 17:30:00+00:00,218.01,226.39,215.48,221.99,47446.0,AAPL
2023-04-15 17:30:00+00:00,184.92,185.5,183.63,184.1,111238.0,MSFT
2023-04-15 17:30:00+00:00,1094.39,1124.98,1083.02,1108.71,122363.0,SPY
2023-04-15 18:30:00+00:00,222.01,223.01,219.17,220.68,46324.0,AAPL
2023-04-15 18:30:00+00:00,184.19,185.49,180.82,181.84,93947.0,MSFT
2023-04-15 18:30:00+00:00,1105.66,1142.22,1096.51,1131.82,134545.0,SPY
2023-04-15 19:30:00+00:00,220.79,221.67,219.25,219.85,53669.0,AAPL
2023-04-15 19:30:00+00:00,181.65,182.43,178.34,180.22,37185.0,MSFT
2023-04-15 19:30:00+00:00,1132.0,1158.78,1086.87,1101.71,67765.0,SPY
2023-04-15 20:30:00+00:00,219.65,220.59,219.07,219.77,65674.0,AAPL
2023-04-15 20:30:00+00:00,180.56,181.41,178.7,180.0,57098.0,MSFT
2023-04-15 20:30:00+00:00,1099.0,1101.89,1095.64,1099.33,53190.0,SPY
2023-04-15 21:30:00+00:00,219.84,220.68,217.21,218.35,58186.0,AAPL
2023-04-15 21:30:00+00:00,179.93,181.22,177.26,177.99,40464.0,MSFT
2023-04-15 21:30:00+00:00,1098.33,1138.51,1081.45,1124.35,49549.0,SPY
2023-04-15 22:30:00+00:00,218.07,222.62,216.17,220.74,29223.0,AAPL
2023-04-15 22:30:00+00:00,177.96,182.89,175.59,180.37,57025.0,MSFT
2023-04-15 22:30:00+00:00,1125.06,1149.87,1115.91,1138.68,23905.0,SPY
2023-04-15 23:30:00+00:00,220.54,222.32,218.0,219.02,38377.0,AAPL
2023-04-15 23:30:00+00:00,180.93,186.8,179.09,183.9,34386.0,MSFT
2023-04-15 23:30:00+00:00,1136.47,1150.52,1129.98,1143.82,30819.0,SPY
2023-04-16 00:30:00+00:00,219.39,223.75,210.14,214.76,50033.0,AAPL
2023-04-16 00:30:00+00:00,183.86,184.57,182.69,183.56,70632.0,MSFT
2023-04-16 00:30:00+00:00,1145.19,1155.88,1137.43,1148.74,40028.0,SPY
2023-04-16 01:30:00+00:00,214.99,217.63,209.41,212.18,25669.0,AAPL
2023-04-16 01:30:00+00:00,183.84,186.95,177.91,180.01,77453.0,MSFT
2023-04-16 01:30:00+00:00,1150.49,1155.56,1123.95,1136.41,55941.0,SPY
2023-04-16 02:30:00+00:00,212.67,215.0,208.1,209.98,94652.0,AAPL
2023-04-16 02:30:00+00:00,179.99,184.3,178.87,182.98,54364.0,MSFT
2023-04-16 02:30:00+00:00,1136.13,1149.54,1106.06,1116.22,26786.0,SPY
2023-04-16 03:30:00+00:00,210.21,211.9,204.37,206.91,40366.0,AAPL
2023-04-16 03:30:00+00:00,183.64,185.53,183.02,184.61,62451.0,MSFT
2023-04-16 03:30:00+00:00,1116.02,1119.6,1108.07,1112.67,44640.0,SPY
2023-04-16 04:30:00+00:00,207.1,207.52,206.09,206.69,37382.0,AAPL
2023-04-16 04:30:00+00:00,184.88,187.05,179.53,181.95,70641.0,MSFT
2023-04-16 04:30:00+00:00,1111.33,1145.01,1095.4,1132.81,88761.0,SPY
2023-04-16 05:30:00+00:00,207.4,209.41,203.5,205.75,99692.0,AAPL
2023-04-16 05:30:00+00:00,182.16,185.43,175.92,179.26,59660.0,MSFT
2023-04-16 05:30:00+00:00,1130.82,1140.01,1110.89,1120.89,25524.0,SPY
2023-04-16 06:30:00+00:00,206.08,208.51,199.9,201.89,45703.0,AAPL
2023-04-16 06:30:00+00:00,179.32,180.91,176.59,177.86,38890.0,MSFT
2023-04-16 06:30:00+00:00,1120.82,1136.36,1081.16,1096.6,45768.0,SPY
2023-04-16 07:30:00+00:00,202.24,203.84,199.27,200.65,114055.0,AAPL
2023-04-16 07:30:00+00:00,177.89,180.69,175.88,179.4,59191.0,MSFT
2023-04-16 07:30:00+00:00,1096.92,1106.37,1076.7,1086.36,32821.0,SPY
2023-04-16 08:30:00+00:00,200.73,202.83,194.53,196.73,72059.0,AAPL
2023-04-16 08:30:00+00:00,179.71,183.01,171.08,174.54,55178.0,MSFT
2023-04-16 08:30:00+00:00,1084.01,1091.24,1070.67,1076.4,32612.0,SPY
2023-04-16 09:30:00+00:00,196.27,198.07,190.36,192.19,29747.0,AAPL
2023-04-16 09:30:00+00:00,174.77,175.75,171.85,172.97,98100.0,MSFT
2023-04-16 09:30:00+00:00,1075.16,1080.83,1057.02,1065.43,51156.0,SPY
2023-04-16 10:30:00+00:00,191.9,194.46,187.07,189.13,52413.0,AAPL
2023-04-16 10:30:00+00:00,173.22,173.91,172.66,173.54,58582.0,MSFT
2023-04-16 10:30:00+00:00,1064.18,1084.82,1053.3,1076.87,110333.0,SPY
2023-04-16 11:30:00+00:00,189.63,194.55,179.85,182.84,47768.0,AAPL
2023-04-16 11:30:00+00:00,173.28,174.82,167.0,169.51,105779.0,MSFT
2023-04-16 11:30:00+00:00,1075.55,1081.95,1070.59,1078.69,138523.0,SPY
2023-04-16 12:30:00+00:00,183.04,184.51,182.2,183.52,43832.0,AAPL
2023-04-16 12:30:00+00:00,169.93,170.81,167.68,168.62,26521.0,MSFT
2023-04-16 12:30:00+00:00,1079.54,1087.07,1059.42,1066.09,69410.0,SPY
2023-04-16 13:30:00+00:00,183.19,188.0,181.4,185.88,38406.0,AAPL
2023-04-16 13:30:00+00:00,168.72,169.77,164.84,166.4,33969.0,MSFT
2023-04-16 13:30:00+00:00,1067.72,1075.51,1053.49,1058.16,45645.0,SPY
2023-04-16 14:30:00+00:00,185.53,187.81,184.78,187.0,42975.0,AAPL
2023-04-16 14:30:00+00:00,166.83,169.28,161.32,163.43,33650.0,MSFT
2023-04-16 14:30:00+00:00,1059.71,1065.28,1035.46,1047.13,79848.0,SPY
2023-04-16 15:30:00+00:00,186.49,191.39,184.57,188.89,85001.0,AAPL
2023-04-16 15:30:00+00:00,163.57,164.41,161.78,162.51,54996.0,MSFT
2023-04-16 15:30:00+00:00,1047.14,1080.35,1028.68,1069.95,20925.0,SPY
2023-04-16 16:30:00+00:00,189.0,192.35,181.96,184.76,22525.0,AAPL
2023-04-16 16:30:00+00:00,162.86,166.16,161.04,164.96,38495.0,MSFT
2023-04-16 16:30:00+00:00,1070.4,1075.02,1065.24,1071.94,47196.0,SPY
2023-04-16 17:30:00+00:00,184.58,187.04,180.0,181.56,28658.0,AAPL
2023-04-16 17:30:00+00:00,164.9,168.89,163.7,167.13,36909.0,MSFT
2023-04-16 17:30:00+00:00,1074.17,1090.3,1066.52,1081.85,45820.0,SPY
2023-04-16 18:30:00+00:00,181.5,185.1,180.37,183.5,27291.0,AAPL
2023-04-16 18:30:00+00:00,167.1,167.88,164.5,165.84,44950.0,MSFT
2023-04-16 18:30:00+00:00,1082.93,1121.12,1073.89,1104.22,40460.0,SPY
2023-04-16 19:30:00+00:00,183.7,184.38,183.43,184.01,94967.0,AAPL
2023-04-16 19:30:00+00:00,166.07,170.37,164.66,168.93,60804.0,MSFT
2023-04-16 19:30:00+00:00,1103.74,1142.3,1080.05,1129.61,51849.0,SPY
2023-04-16 20:30:00+00:00,184.09,185.44,178.59,181.02,77116.0,AAPL
2023-04-16 20:30:00+00:00,168.59,173.14,166.6,171.21,178916.0,MSFT
2023-04-16 20:30:00+00:00,1131.94,1154.8,1086.56,1103.76,109255.0,SPY
2023-04-16 21:30:00+00:00,181.09,182.41,177.31,178.57,76275.0,AAPL
2023-04-16 21:30:00+00:00,171.2,172.47,167.94,169.14,124718.0,MSFT
2023-04-16 21:30:00+00:00,1106.02,1121.76,1100.62,1112.46,39077.0,SPY
2023-04-16 22:30:00+00:00,178.45,183.53,176.8,180.64,37760.0,AAPL
2023-04-16 22:30:00+00:00,169.02,169.73,167.92,168.7,41009.0,MSFT
2023-04-16 22:30:00+00:00,1111.28,1123.39,1060.22,1078.2,59617.0,SPY
2023-04-16 23:30:00+00:00,180.72,183.34,179.47,181.77,63469.0,AAPL
2023-04-16 23:30:00+00:00,169.46,170.39,168.78,169.82,61186.0,MSFT
2023-04-16 23:30:00+00:00,1078.56,1100.23,1070.65,1089.51,112990.0,SPY
2023-04-17 00:30:00+00:00,181.15,182.24,176.67,178.82,39599.0,AAPL
2023-04-17 00:30:00+00:00,169.88,173.48,168.98,171.92,87060.0,MSFT
2023-04-17 00:30:00+00:00,1089.59,1095.16,1075.94,1081.82,76119.0,SPY
2023-04-17 01:30:00+00:00,178.36,179.92,177.66,178.99,168562.0,AAPL
2023-04-17 01:30:00+00:00,172.06,172.42,171.81,172.05,173301.0,MSFT
2023-04-17 01:30:00+00:00,1080.6,1091.49,1074.19,1085.32,67972.0,SPY
2023-04-17 02:30:00+00:00,178.95,180.86,175.13,177.09,62811.0,AAPL
2023-04-17 02:30:00+00:00,171.96,174.96,170.1,173.94,85109.0,MSFT
2023-04-17 02:30:00+00:00,1086.22,1089.44,1084.27,1087.5,43594.0,SPY
2023-04-17 03:30:00+00:00,176.97,177.88,174.69,175.82,130873.0,AAPL
2023-04-17 03:30:00+00:00,173.97,178.38,172.26,176.9,36068.0,MSFT
2023-04-17 03:30:00+00:00,1088.79,1097.34,1074.0,1080.71,37938.0,SPY
2023-04-17 04:30:00+00:00,175.74,180.64,173.89,179.29,12532.0,AAPL
2023-04-17 04:30:00+00:00,176.58,181.83,175.42,178.9,37435.0,MSFT
2023-04-17 04:30:00+00:00,1079.38,1100.72,1068.93,1091.04,75334.0,SPY
2023-04-17 05:30:00+00:00,179.0,179.97,178.01,179.11,163730.0,AAPL
2023-04-17 05:30:00+00:00,179.14,180.46,178.12,179.87,124977.0,MSFT
2023-04-17 05:30:00+00:00,1091.3,1112.46,1080.53,1103.0,106968.0,SPY
2023-04-17 06:30:00+00:00,179.13,182.4,177.56,180.89,39896.0,AAPL
2023-04-17 06:30:00+00:00,179.7,180.71,176.6,177.75,36679.0,MSFT
2023-04-17 06:30:00+00:00,1102.2,1140.2,1083.23,1126.14,26367.0,SPY
2023-04-17 07:30:00+00:00,181.18,182.13,176.28,178.62,21307.0,AAPL
2023-04-17 07:30:00+00:00,177.39,177.85,176.64,176.99,79921.0,MSFT
2023-04-17 07:30:00+00:00,1124.76,1139.96,1116.26,1133.02,32531.0,SPY
2023-04-17 08:30:00+00:00,178.61,180.74,173.84,175.72,35317.0,AAPL
2023-04-17 08:30:00+00:00,177.27,177.77,176.68,177.04,57307.0,MSFT
2023-04-17 08:30:00+00:00,1133.01,1135.94,1129.98,1131.61,69341.0,SPY
2023-04-17 09:30:00+00:00,176.08,178.38,175.44,177.55,68116.0,AAPL
2023-04-17 09:30:00+00:00,177.09,179.16,172.59,174.0,42239.0,MSFT
2023-04-17 09:30:00+00:00,1132.1,1139.29,1120.58,1125.67,61173.0,SPY
2023-04-17 10:30:00+00:00,177.67,184.27,174.64,181.51,87534.0,AAPL
2023-04-17 10:30:00+00:00,174.01,177.39,171.68,175.6,52949.0,MSFT
2023-04-17 10:30:00+00:00,1124.79,1126.65,1122.83,1125.12,14469.0,SPY
2023-04-17 11:30:00+00:00,182.2,184.45,181.52,183.29,22468.0,AAPL
2023-04-17 11:30:00+00:00,176.07,178.4,175.23,176.97,24105.0,MSFT
2023-04-17 11:30:00+00:00,1128.47,1136.64,1123.33,1132.65,21865.0,SPY
2023-04-17 12:30:00+00:00,183.32,191.7,180.36,187.57,27771.0,AAPL
2023-04-17 12:30:00+00:00,177.81,183.79,166.24,170.6,28426.0,MSFT
2023-04-17 12:30:00+00:00,1133.96,1140.23,1127.54,1132.22,84945.0,SPY
